signal_ts_et,date,time_et,symbol,side,score,underlying_close,fire_rank,c_trend,c_vwap_evt,c_or_evt,c_squeeze,c_rsi,c_vol
2026-05-20T10:30:00-04:00,2026-05-20,10:30,META,C,45,601.8,1,False,True,True,False,True,False
2026-05-21T10:00:00-04:00,2026-05-21,10:00,QQQ,C,60,710.63,1,True,False,True,False,True,True
2026-05-21T10:00:00-04:00,2026-05-21,10:00,IWM,C,50,280.45,1,True,False,True,False,False,True
2026-05-21T10:00:00-04:00,2026-05-21,10:00,AMZN,C,60,263.35,1,True,False,True,False,True,True
2026-05-21T10:00:00-04:00,2026-05-21,10:00,AVGO,C,45,421.14,1,True,False,False,False,True,True
2026-05-21T10:15:00-04:00,2026-05-21,10:15,QQQ,C,50,710.17,2,True,False,True,False,True,False
2026-05-21T10:15:00-04:00,2026-05-21,10:15,AAPL,C,50,301.59,1,True,False,True,False,True,False
2026-05-21T10:15:00-04:00,2026-05-21,10:15,AMZN,C,50,262.77,2,True,False,True,False,True,False
2026-05-21T10:30:00-04:00,2026-05-21,10:30,QQQ,C,50,708.27,3,True,False,True,False,True,False
2026-05-21T10:30:00-04:00,2026-05-21,10:30,AAPL,C,50,301.95,2,True,False,True,False,True,False
2026-05-21T10:30:00-04:00,2026-05-21,10:30,TSLA,C,45,414.33,1,True,False,False,False,True,True
2026-05-21T11:00:00-04:00,2026-05-21,11:00,META,C,45,599.51,1,False,True,True,False,True,False
2026-05-21T11:15:00-04:00,2026-05-21,11:15,META,P,50,601.48,1,True,False,True,False,True,False
2026-05-21T12:15:00-04:00,2026-05-21,12:15,META,P,50,601.5,2,True,False,True,False,True,False
2026-05-21T12:30:00-04:00,2026-05-21,12:30,META,P,50,601.15,3,True,False,True,False,True,False
2026-05-21T12:45:00-04:00,2026-05-21,12:45,META,P,50,600.59,4,True,False,True,False,True,False
2026-05-21T13:00:00-04:00,2026-05-21,13:00,IWM,C,45,280.02,2,True,False,False,True,False,False
2026-05-21T13:00:00-04:00,2026-05-21,13:00,AMZN,C,45,266.39,3,True,False,False,True,False,False
2026-05-21T13:00:00-04:00,2026-05-21,13:00,META,P,50,601.8,5,True,False,True,False,True,False
2026-05-21T13:00:00-04:00,2026-05-21,13:00,AVGO,P,45,412.25,1,True,False,False,True,False,False
2026-05-21T13:15:00-04:00,2026-05-21,13:15,IWM,C,45,280.86,3,True,False,False,True,False,False
2026-05-21T13:15:00-04:00,2026-05-21,13:15,AAPL,C,55,304.02,3,True,False,False,True,True,False
2026-05-21T13:15:00-04:00,2026-05-21,13:15,AMZN,C,45,266.33,4,True,False,False,True,False,False
2026-05-21T13:15:00-04:00,2026-05-21,13:15,GOOGL,C,55,389.04,1,True,False,False,True,True,False
2026-05-21T13:15:00-04:00,2026-05-21,13:15,AVGO,P,45,412.35,2,True,False,False,True,False,False
2026-05-21T13:15:00-04:00,2026-05-21,13:15,TSLA,C,45,419.55,2,True,True,False,False,False,False
2026-05-21T13:30:00-04:00,2026-05-21,13:30,QQQ,C,45,713.67,4,True,False,False,True,False,False
2026-05-21T13:30:00-04:00,2026-05-21,13:30,IWM,C,55,282.05,4,True,False,False,True,False,True
2026-05-21T13:30:00-04:00,2026-05-21,13:30,AAPL,C,45,304.59,4,True,False,False,True,False,False
2026-05-21T13:30:00-04:00,2026-05-21,13:30,AMZN,C,45,267.31,5,True,False,False,True,False,False
2026-05-21T13:30:00-04:00,2026-05-21,13:30,META,C,45,607.01,2,True,False,False,True,False,False
2026-05-21T13:30:00-04:00,2026-05-21,13:30,GOOGL,C,45,390.33,2,True,False,False,True,False,False
2026-05-21T13:30:00-04:00,2026-05-21,13:30,AVGO,P,45,413.3,3,True,False,False,True,False,False
2026-05-21T13:45:00-04:00,2026-05-21,13:45,QQQ,C,45,715.64,5,True,False,False,True,False,False
2026-05-21T13:45:00-04:00,2026-05-21,13:45,IWM,C,45,282.75,5,True,False,False,True,False,False
2026-05-21T13:45:00-04:00,2026-05-21,13:45,AAPL,C,45,304.64,5,True,False,False,True,False,False
2026-05-21T13:45:00-04:00,2026-05-21,13:45,AMZN,C,45,269.14,6,True,False,False,True,False,False
2026-05-21T13:45:00-04:00,2026-05-21,13:45,META,C,45,608.49,3,True,False,False,True,False,False
2026-05-21T13:45:00-04:00,2026-05-21,13:45,GOOGL,C,45,391.04,3,True,False,False,True,False,False
2026-05-21T13:45:00-04:00,2026-05-21,13:45,TSLA,C,60,421.75,3,True,False,True,True,False,False
2026-05-21T14:00:00-04:00,2026-05-21,14:00,QQQ,C,45,715.7,6,True,False,False,True,False,False
2026-05-21T14:00:00-04:00,2026-05-21,14:00,IWM,C,45,282.84,6,True,False,False,True,False,False
2026-05-21T14:00:00-04:00,2026-05-21,14:00,AAPL,C,45,304.92,6,True,False,False,True,False,False
2026-05-21T14:00:00-04:00,2026-05-21,14:00,AMZN,C,45,268.78,7,True,False,False,True,False,False
2026-05-21T14:00:00-04:00,2026-05-21,14:00,META,C,45,608.97,4,True,False,False,True,False,False
2026-05-21T14:00:00-04:00,2026-05-21,14:00,GOOGL,C,45,391.91,4,True,False,False,True,False,False
2026-05-21T14:00:00-04:00,2026-05-21,14:00,TSLA,C,60,422.41,4,True,False,True,True,False,False
2026-05-21T14:15:00-04:00,2026-05-21,14:15,QQQ,C,45,714.6,7,True,False,False,True,False,False
2026-05-21T14:15:00-04:00,2026-05-21,14:15,IWM,C,45,282.76,7,True,False,False,True,False,False
2026-05-21T14:15:00-04:00,2026-05-21,14:15,AAPL,C,45,304.56,7,True,False,False,True,False,False
2026-05-21T14:15:00-04:00,2026-05-21,14:15,AMZN,C,45,268.55,8,True,False,False,True,False,False
2026-05-21T14:15:00-04:00,2026-05-21,14:15,META,C,45,608.38,5,True,False,False,True,False,False
2026-05-21T14:15:00-04:00,2026-05-21,14:15,GOOGL,C,55,389.93,5,True,False,False,True,True,False
2026-05-21T14:15:00-04:00,2026-05-21,14:15,TSLA,C,60,421.43,5,True,False,True,True,False,False
2026-05-22T10:00:00-04:00,2026-05-22,10:00,SPY,C,60,747.54,1,True,False,True,True,False,False
2026-05-22T10:00:00-04:00,2026-05-22,10:00,QQQ,C,60,719.54,1,True,False,True,True,False,False
2026-05-22T10:00:00-04:00,2026-05-22,10:00,IWM,C,60,285.58,1,True,False,True,True,False,False
2026-05-22T10:00:00-04:00,2026-05-22,10:00,AAPL,C,45,308.73,1,True,False,False,True,False,False
2026-05-22T10:00:00-04:00,2026-05-22,10:00,MSFT,C,60,420.34,1,True,False,True,True,False,False
2026-05-22T10:00:00-04:00,2026-05-22,10:00,NVDA,P,55,217.93,1,True,False,False,True,False,True
2026-05-22T10:00:00-04:00,2026-05-22,10:00,TSLA,C,60,422.19,1,True,False,True,True,False,False
2026-05-22T10:15:00-04:00,2026-05-22,10:15,SPY,C,45,745.56,2,True,False,False,True,False,False
2026-05-22T10:15:00-04:00,2026-05-22,10:15,AAPL,C,45,308.78,2,True,False,False,True,False,False
2026-05-22T10:15:00-04:00,2026-05-22,10:15,NVDA,P,55,216.57,2,True,False,False,True,False,True
2026-05-22T10:15:00-04:00,2026-05-22,10:15,TSLA,C,90,423.68,2,True,True,True,True,False,True
2026-05-22T10:30:00-04:00,2026-05-22,10:30,AAPL,C,55,308.64,3,True,False,False,True,False,True
2026-05-22T10:30:00-04:00,2026-05-22,10:30,META,C,50,608.59,1,True,False,True,False,False,True
2026-05-22T10:30:00-04:00,2026-05-22,10:30,NVDA,P,55,216.33,3,True,False,False,True,False,True
2026-05-22T10:30:00-04:00,2026-05-22,10:30,GOOGL,P,60,387.0,1,True,False,True,True,False,False
2026-05-22T10:30:00-04:00,2026-05-22,10:30,TSLA,C,55,424.62,3,True,False,False,True,False,True
2026-05-22T10:45:00-04:00,2026-05-22,10:45,SPY,C,60,746.38,3,True,False,True,True,False,False
2026-05-22T10:45:00-04:00,2026-05-22,10:45,QQQ,C,60,719.43,2,True,False,True,True,False,False
2026-05-22T10:45:00-04:00,2026-05-22,10:45,IWM,C,60,284.95,2,True,False,True,True,False,False
2026-05-22T10:45:00-04:00,2026-05-22,10:45,AAPL,C,45,309.77,4,True,False,False,True,False,False
2026-05-22T10:45:00-04:00,2026-05-22,10:45,META,C,60,609.96,2,True,True,True,False,False,False
2026-05-22T10:45:00-04:00,2026-05-22,10:45,NVDA,P,45,216.82,4,True,False,False,True,False,False
2026-05-22T10:45:00-04:00,2026-05-22,10:45,GOOGL,P,60,387.12,2,True,False,True,True,False,False
2026-05-22T10:45:00-04:00,2026-05-22,10:45,TSLA,C,55,427.94,4,True,False,False,True,False,True
2026-05-22T11:00:00-04:00,2026-05-22,11:00,QQQ,C,60,719.67,3,True,False,True,True,False,False
2026-05-22T11:00:00-04:00,2026-05-22,11:00,AAPL,C,55,310.33,5,True,False,False,True,False,True
2026-05-22T11:00:00-04:00,2026-05-22,11:00,NVDA,P,45,217.2,5,True,False,False,True,False,False
2026-05-22T11:00:00-04:00,2026-05-22,11:00,GOOGL,P,55,387.65,3,True,False,False,True,True,False
2026-05-22T11:00:00-04:00,2026-05-22,11:00,TSLA,C,55,430.42,5,True,False,False,True,False,True
2026-05-22T11:15:00-04:00,2026-05-22,11:15,SPY,C,60,747.03,4,True,True,True,False,False,False
2026-05-22T11:15:00-04:00,2026-05-22,11:15,QQQ,C,45,720.68,4,True,False,False,True,False,False
2026-05-22T11:15:00-04:00,2026-05-22,11:15,AAPL,C,45,311.18,6,True,False,False,True,False,False
2026-05-22T11:15:00-04:00,2026-05-22,11:15,AMZN,C,60,268.91,1,True,True,True,False,False,False
2026-05-22T11:15:00-04:00,2026-05-22,11:15,NVDA,P,45,217.47,6,True,False,False,True,False,False
2026-05-22T11:15:00-04:00,2026-05-22,11:15,TSLA,C,45,428.66,6,True,False,False,True,False,False
2026-05-22T11:30:00-04:00,2026-05-22,11:30,QQQ,C,45,721.14,5,True,False,False,True,False,False
2026-05-22T11:30:00-04:00,2026-05-22,11:30,AAPL,C,45,311.01,7,True,False,False,True,False,False
2026-05-22T11:30:00-04:00,2026-05-22,11:30,MSFT,C,60,419.39,2,True,False,True,False,True,True
2026-05-22T11:30:00-04:00,2026-05-22,11:30,GOOGL,P,60,387.02,4,True,False,True,True,False,False
2026-05-22T11:30:00-04:00,2026-05-22,11:30,AVGO,C,50,415.1,1,False,True,False,True,True,False
2026-05-22T11:30:00-04:00,2026-05-22,11:30,TSLA,C,45,428.64,7,True,False,False,True,False,False
2026-05-22T11:45:00-04:00,2026-05-22,11:45,QQQ,C,45,720.84,6,True,False,False,True,False,False
2026-05-22T11:45:00-04:00,2026-05-22,11:45,AAPL,C,45,310.68,8,True,False,False,True,False,False
2026-05-22T11:45:00-04:00,2026-05-22,11:45,NVDA,P,45,217.5,7,True,False,False,True,False,False
2026-05-22T11:45:00-04:00,2026-05-22,11:45,GOOGL,P,70,387.33,5,True,False,True,True,True,False
2026-05-22T12:00:00-04:00,2026-05-22,12:00,QQQ,C,45,720.67,7,True,False,False,True,False,False
2026-05-22T12:00:00-04:00,2026-05-22,12:00,MSFT,C,60,419.92,3,True,True,True,False,False,False
2026-05-22T12:00:00-04:00,2026-05-22,12:00,AVGO,P,55,412.61,1,True,False,False,True,True,False
2026-05-22T12:00:00-04:00,2026-05-22,12:00,TSLA,C,45,429.0,8,True,False,False,True,False,False
2026-05-22T12:15:00-04:00,2026-05-22,12:15,SPY,C,60,747.39,5,True,False,True,True,False,False
2026-05-22T12:15:00-04:00,2026-05-22,12:15,QQQ,C,45,720.52,8,True,False,False,True,False,False
2026-05-22T12:15:00-04:00,2026-05-22,12:15,AAPL,C,45,310.4,9,True,False,False,True,False,False
2026-05-22T12:15:00-04:00,2026-05-22,12:15,AMZN,C,50,268.35,2,True,False,True,False,True,False
2026-05-22T12:15:00-04:00,2026-05-22,12:15,MSFT,C,50,419.8,4,True,False,True,False,True,False
2026-05-22T12:15:00-04:00,2026-05-22,12:15,META,C,50,608.81,3,True,False,True,False,True,False
2026-05-22T12:15:00-04:00,2026-05-22,12:15,GOOGL,P,60,386.18,6,True,True,True,False,False,False
2026-05-22T12:15:00-04:00,2026-05-22,12:15,AVGO,P,55,413.31,2,True,False,False,True,True,False
2026-05-22T12:15:00-04:00,2026-05-22,12:15,TSLA,C,45,429.6,9,True,False,False,True,False,False
2026-05-22T12:30:00-04:00,2026-05-22,12:30,SPY,C,60,747.38,6,True,False,True,True,False,False
2026-05-22T12:30:00-04:00,2026-05-22,12:30,QQQ,C,60,720.16,9,True,False,True,True,False,False
2026-05-22T12:30:00-04:00,2026-05-22,12:30,IWM,C,45,285.23,3,True,False,False,True,False,False
2026-05-22T12:30:00-04:00,2026-05-22,12:30,AMZN,C,50,268.24,3,True,False,True,False,True,False
2026-05-22T12:30:00-04:00,2026-05-22,12:30,MSFT,C,50,419.61,5,True,False,True,False,True,False
2026-05-22T12:30:00-04:00,2026-05-22,12:30,META,C,50,608.65,4,True,False,True,False,True,False
2026-05-22T12:30:00-04:00,2026-05-22,12:30,AVGO,P,55,413.82,3,True,False,False,True,True,False
2026-05-22T12:30:00-04:00,2026-05-22,12:30,TSLA,C,45,427.55,10,True,False,False,True,False,False
2026-05-22T12:45:00-04:00,2026-05-22,12:45,META,C,50,607.83,5,True,False,True,False,True,False
2026-05-22T12:45:00-04:00,2026-05-22,12:45,NVDA,P,45,216.56,8,True,False,False,True,False,False
2026-05-22T12:45:00-04:00,2026-05-22,12:45,AVGO,P,55,413.26,4,True,False,False,True,True,False
2026-05-22T13:00:00-04:00,2026-05-22,13:00,IWM,C,45,285.19,4,True,False,False,True,False,False
2026-05-22T13:00:00-04:00,2026-05-22,13:00,META,C,50,608.06,6,True,False,True,False,True,False
2026-05-22T13:00:00-04:00,2026-05-22,13:00,AVGO,P,55,413.68,5,True,False,False,True,True,False
2026-05-22T13:15:00-04:00,2026-05-22,13:15,IWM,C,45,285.3,5,True,False,False,True,False,False
2026-05-22T13:15:00-04:00,2026-05-22,13:15,META,C,50,608.86,7,True,False,True,False,True,False
2026-05-22T13:15:00-04:00,2026-05-22,13:15,AVGO,P,55,413.73,6,True,False,False,True,True,False
2026-05-22T13:15:00-04:00,2026-05-22,13:15,TSLA,C,45,427.81,11,True,False,False,True,False,False
2026-05-22T13:30:00-04:00,2026-05-22,13:30,IWM,C,45,286.43,6,True,False,False,True,False,False
2026-05-22T13:30:00-04:00,2026-05-22,13:30,AMZN,C,60,269.35,4,True,True,True,False,False,False
2026-05-22T13:30:00-04:00,2026-05-22,13:30,META,C,60,609.99,8,True,True,True,False,False,False
2026-05-22T13:30:00-04:00,2026-05-22,13:30,AVGO,P,55,414.38,7,True,False,False,True,True,False
2026-05-22T13:30:00-04:00,2026-05-22,13:30,TSLA,C,45,429.78,12,True,False,False,True,False,False
2026-05-22T13:45:00-04:00,2026-05-22,13:45,AMZN,C,50,268.57,5,True,False,True,False,True,False
2026-05-22T13:45:00-04:00,2026-05-22,13:45,AVGO,P,55,413.21,8,True,False,False,True,True,False
2026-05-22T13:45:00-04:00,2026-05-22,13:45,TSLA,C,45,430.93,13,True,False,False,True,False,False
2026-05-22T14:00:00-04:00,2026-05-22,14:00,META,C,50,608.79,9,True,False,True,False,True,False
2026-05-22T14:00:00-04:00,2026-05-22,14:00,AVGO,P,55,412.8,9,True,False,False,True,True,False
2026-05-22T14:15:00-04:00,2026-05-22,14:15,META,C,60,609.21,10,True,False,True,False,True,True
2026-05-22T14:15:00-04:00,2026-05-22,14:15,GOOGL,P,45,384.49,7,True,False,False,True,False,False
2026-05-22T14:15:00-04:00,2026-05-22,14:15,AVGO,P,55,412.87,10,True,False,False,True,True,False
2026-05-26T10:00:00-04:00,2026-05-26,10:00,QQQ,C,70,728.44,1,True,False,True,True,False,True
2026-05-26T10:00:00-04:00,2026-05-26,10:00,IWM,C,55,289.65,1,True,False,False,True,False,True
2026-05-26T10:00:00-04:00,2026-05-26,10:00,META,C,50,609.64,1,True,False,True,False,True,False
2026-05-26T10:00:00-04:00,2026-05-26,10:00,NVDA,P,50,215.48,1,True,False,True,False,False,True
2026-05-26T10:00:00-04:00,2026-05-26,10:00,AVGO,C,55,428.04,1,True,False,False,True,False,True
2026-05-26T10:00:00-04:00,2026-05-26,10:00,TSLA,C,70,430.8,1,True,True,True,False,False,True
2026-05-26T10:15:00-04:00,2026-05-26,10:15,SPY,C,60,751.44,1,True,False,True,True,False,False
2026-05-26T10:15:00-04:00,2026-05-26,10:15,QQQ,C,45,729.0,2,True,False,False,True,False,False
2026-05-26T10:15:00-04:00,2026-05-26,10:15,IWM,C,45,290.4,2,True,False,False,True,False,False
2026-05-26T10:15:00-04:00,2026-05-26,10:15,AAPL,C,50,311.5,1,True,False,True,False,False,True
2026-05-26T10:15:00-04:00,2026-05-26,10:15,AMZN,C,55,267.98,1,False,True,True,False,True,True
2026-05-26T10:15:00-04:00,2026-05-26,10:15,META,C,70,610.02,2,True,False,True,True,True,False
2026-05-26T10:15:00-04:00,2026-05-26,10:15,NVDA,P,45,216.22,2,True,False,False,False,True,True
2026-05-26T10:15:00-04:00,2026-05-26,10:15,AVGO,C,45,429.4,2,True,False,False,True,False,False
2026-05-26T10:15:00-04:00,2026-05-26,10:15,TSLA,C,50,428.55,2,True,False,True,False,True,False
2026-05-26T10:30:00-04:00,2026-05-26,10:30,SPY,C,60,751.54,2,True,False,True,True,False,False
2026-05-26T10:30:00-04:00,2026-05-26,10:30,QQQ,C,45,729.92,3,True,False,False,True,False,False
2026-05-26T10:30:00-04:00,2026-05-26,10:30,IWM,C,45,289.43,3,True,False,False,True,False,False
2026-05-26T10:30:00-04:00,2026-05-26,10:30,META,C,50,608.94,3,True,False,True,False,True,False
2026-05-26T10:30:00-04:00,2026-05-26,10:30,AVGO,C,55,434.72,3,True,False,False,True,False,True
2026-05-26T10:45:00-04:00,2026-05-26,10:45,SPY,C,60,752.04,3,True,False,True,True,False,False
2026-05-26T10:45:00-04:00,2026-05-26,10:45,QQQ,C,45,730.88,4,True,False,False,True,False,False
2026-05-26T10:45:00-04:00,2026-05-26,10:45,IWM,C,45,290.18,4,True,False,False,True,False,False
2026-05-26T10:45:00-04:00,2026-05-26,10:45,AAPL,C,45,311.27,2,True,False,False,True,False,False
2026-05-26T10:45:00-04:00,2026-05-26,10:45,NVDA,P,50,217.15,3,True,False,True,False,True,False
2026-05-26T10:45:00-04:00,2026-05-26,10:45,AVGO,C,45,433.35,4,True,False,False,True,False,False
2026-05-26T11:00:00-04:00,2026-05-26,11:00,SPY,C,60,751.4,4,True,False,True,True,False,False
2026-05-26T11:00:00-04:00,2026-05-26,11:00,QQQ,C,45,729.63,5,True,False,False,True,False,False
2026-05-26T11:00:00-04:00,2026-05-26,11:00,IWM,C,45,290.08,5,True,False,False,True,False,False
2026-05-26T11:00:00-04:00,2026-05-26,11:00,AAPL,C,45,311.57,3,True,False,False,True,False,False
2026-05-26T11:00:00-04:00,2026-05-26,11:00,MSFT,P,80,415.24,1,True,True,True,True,False,False
2026-05-26T11:00:00-04:00,2026-05-26,11:00,NVDA,P,80,215.54,4,True,True,True,True,False,False
2026-05-26T11:00:00-04:00,2026-05-26,11:00,AVGO,C,45,430.67,5,True,False,False,True,False,False
2026-05-26T11:15:00-04:00,2026-05-26,11:15,SPY,C,60,750.59,5,True,False,True,True,False,False
2026-05-26T11:15:00-04:00,2026-05-26,11:15,QQQ,C,45,729.28,6,True,False,False,True,False,False
2026-05-26T11:15:00-04:00,2026-05-26,11:15,IWM,C,45,289.23,6,True,False,False,True,False,False
2026-05-26T11:15:00-04:00,2026-05-26,11:15,AAPL,C,45,311.49,4,True,False,False,True,False,False
2026-05-26T11:15:00-04:00,2026-05-26,11:15,AMZN,P,45,264.35,1,True,False,False,True,False,False
2026-05-26T11:15:00-04:00,2026-05-26,11:15,MSFT,P,45,414.34,2,True,False,False,True,False,False
2026-05-26T11:15:00-04:00,2026-05-26,11:15,NVDA,P,45,214.44,5,True,False,False,True,False,False
2026-05-26T11:15:00-04:00,2026-05-26,11:15,AVGO,C,45,427.86,6,True,False,False,True,False,False
2026-05-26T11:15:00-04:00,2026-05-26,11:15,TSLA,C,45,433.34,3,True,False,False,True,False,False
2026-05-26T11:30:00-04:00,2026-05-26,11:30,SPY,C,60,749.85,6,True,False,True,True,False,False
2026-05-26T11:30:00-04:00,2026-05-26,11:30,QQQ,C,45,728.31,7,True,False,False,True,False,False
2026-05-26T11:30:00-04:00,2026-05-26,11:30,IWM,C,45,289.04,7,True,False,False,True,False,False
2026-05-26T11:30:00-04:00,2026-05-26,11:30,AAPL,C,45,311.36,5,True,False,False,True,False,False
2026-05-26T11:30:00-04:00,2026-05-26,11:30,AMZN,P,45,263.84,2,True,False,False,True,False,False
2026-05-26T11:30:00-04:00,2026-05-26,11:30,MSFT,P,60,415.21,3,True,False,True,True,False,False
2026-05-26T11:30:00-04:00,2026-05-26,11:30,NVDA,P,45,214.43,6,True,False,False,True,False,False
2026-05-26T11:30:00-04:00,2026-05-26,11:30,GOOGL,P,45,386.1,1,False,True,True,False,True,False
2026-05-26T11:30:00-04:00,2026-05-26,11:30,TSLA,C,45,433.35,4,True,False,False,True,False,False
2026-05-26T11:45:00-04:00,2026-05-26,11:45,QQQ,C,45,727.65,8,True,False,False,True,False,False
2026-05-26T11:45:00-04:00,2026-05-26,11:45,IWM,C,60,288.89,8,True,False,True,True,False,False
2026-05-26T11:45:00-04:00,2026-05-26,11:45,AAPL,C,45,310.85,6,True,False,False,True,False,False
2026-05-26T11:45:00-04:00,2026-05-26,11:45,AMZN,P,45,263.59,3,True,False,False,True,False,False
2026-05-26T11:45:00-04:00,2026-05-26,11:45,MSFT,P,60,415.65,4,True,False,True,True,False,False
2026-05-26T11:45:00-04:00,2026-05-26,11:45,NVDA,P,45,213.47,7,True,False,False,True,False,False
2026-05-26T11:45:00-04:00,2026-05-26,11:45,TSLA,C,45,431.3,5,True,False,False,True,False,False
2026-05-26T12:00:00-04:00,2026-05-26,12:00,QQQ,C,60,726.57,9,True,False,True,True,False,False
2026-05-26T12:00:00-04:00,2026-05-26,12:00,IWM,C,60,288.82,9,True,False,True,True,False,False
2026-05-26T12:00:00-04:00,2026-05-26,12:00,AAPL,C,70,310.15,7,True,False,True,True,True,False
2026-05-26T12:00:00-04:00,2026-05-26,12:00,AMZN,P,45,263.58,4,True,False,False,True,False,False
2026-05-26T12:00:00-04:00,2026-05-26,12:00,MSFT,P,45,415.05,5,True,False,False,True,False,False
2026-05-26T12:00:00-04:00,2026-05-26,12:00,NVDA,P,45,213.17,8,True,False,False,True,False,False
2026-05-26T12:00:00-04:00,2026-05-26,12:00,TSLA,C,50,428.52,6,True,False,True,False,True,False
2026-05-26T12:15:00-04:00,2026-05-26,12:15,IWM,C,45,289.24,10,True,False,False,True,False,False
2026-05-26T12:15:00-04:00,2026-05-26,12:15,AAPL,C,50,309.91,8,True,False,True,False,True,False
2026-05-26T12:15:00-04:00,2026-05-26,12:15,AMZN,P,45,263.34,5,True,False,False,True,False,False
2026-05-26T12:15:00-04:00,2026-05-26,12:15,MSFT,P,45,414.68,6,True,False,False,True,False,False
2026-05-26T12:15:00-04:00,2026-05-26,12:15,META,C,45,608.75,4,False,True,True,False,True,False
2026-05-26T12:15:00-04:00,2026-05-26,12:15,NVDA,P,45,212.43,9,True,False,False,True,False,False
2026-05-26T12:15:00-04:00,2026-05-26,12:15,TSLA,C,70,427.95,7,True,False,True,True,True,False
2026-05-26T12:30:00-04:00,2026-05-26,12:30,SPY,C,60,749.74,7,True,False,True,True,False,False
2026-05-26T12:30:00-04:00,2026-05-26,12:30,QQQ,C,65,728.12,10,True,True,False,True,False,False
2026-05-26T12:30:00-04:00,2026-05-26,12:30,IWM,C,65,289.92,11,True,True,False,True,False,False
2026-05-26T12:30:00-04:00,2026-05-26,12:30,AAPL,C,70,310.47,9,True,False,True,True,True,False
2026-05-26T12:30:00-04:00,2026-05-26,12:30,MSFT,P,55,415.99,7,True,False,False,True,True,False
2026-05-26T12:30:00-04:00,2026-05-26,12:30,NVDA,P,45,213.1,10,True,False,False,True,False,False
2026-05-26T12:30:00-04:00,2026-05-26,12:30,TSLA,C,70,429.93,8,True,False,True,True,True,False
2026-05-26T12:45:00-04:00,2026-05-26,12:45,IWM,C,45,289.67,12,True,False,False,True,False,False
2026-05-26T12:45:00-04:00,2026-05-26,12:45,AAPL,C,60,309.93,10,True,False,True,False,True,True
2026-05-26T12:45:00-04:00,2026-05-26,12:45,AMZN,P,45,263.64,6,True,False,False,True,False,False
2026-05-26T12:45:00-04:00,2026-05-26,12:45,MSFT,P,60,415.3,8,True,False,True,True,False,False
2026-05-26T12:45:00-04:00,2026-05-26,12:45,NVDA,P,45,213.19,11,True,False,False,True,False,False
2026-05-26T12:45:00-04:00,2026-05-26,12:45,TSLA,C,65,432.27,9,True,True,False,True,False,False
2026-05-26T13:00:00-04:00,2026-05-26,13:00,AAPL,C,50,310.08,11,True,False,True,False,True,False
2026-05-26T13:00:00-04:00,2026-05-26,13:00,AMZN,P,45,263.03,7,True,False,False,True,False,False
2026-05-26T13:00:00-04:00,2026-05-26,13:00,MSFT,P,45,414.42,9,True,False,False,True,False,False
2026-05-26T13:00:00-04:00,2026-05-26,13:00,NVDA,P,45,213.64,12,True,False,False,True,False,False
2026-05-26T13:00:00-04:00,2026-05-26,13:00,AVGO,C,45,422.51,7,True,False,False,False,True,True
2026-05-26T13:00:00-04:00,2026-05-26,13:00,TSLA,C,45,432.11,10,True,False,False,True,False,False
2026-05-26T13:15:00-04:00,2026-05-26,13:15,AAPL,C,50,309.55,12,True,False,True,False,True,False
2026-05-26T13:15:00-04:00,2026-05-26,13:15,AMZN,P,45,262.45,8,True,False,False,True,False,False
2026-05-26T13:15:00-04:00,2026-05-26,13:15,MSFT,P,45,413.92,10,True,False,False,True,False,False
2026-05-26T13:15:00-04:00,2026-05-26,13:15,TSLA,C,45,432.16,11,True,False,False,True,False,False
2026-05-26T13:30:00-04:00,2026-05-26,13:30,AMZN,P,45,262.28,9,True,False,False,True,False,False
2026-05-26T13:30:00-04:00,2026-05-26,13:30,MSFT,P,45,413.65,11,True,False,False,True,False,False
2026-05-26T13:30:00-04:00,2026-05-26,13:30,META,C,50,609.09,5,True,False,True,False,True,False
2026-05-26T13:30:00-04:00,2026-05-26,13:30,TSLA,C,45,432.37,12,True,False,False,True,False,False
2026-05-26T13:45:00-04:00,2026-05-26,13:45,AMZN,P,45,262.42,10,True,False,False,True,False,False
2026-05-26T13:45:00-04:00,2026-05-26,13:45,MSFT,P,45,413.37,12,True,False,False,True,False,False
2026-05-26T13:45:00-04:00,2026-05-26,13:45,META,C,50,609.45,6,True,False,True,False,True,False
2026-05-26T13:45:00-04:00,2026-05-26,13:45,NVDA,P,45,213.42,13,True,False,False,True,False,False
2026-05-26T14:00:00-04:00,2026-05-26,14:00,MSFT,P,45,413.75,13,True,False,False,True,False,False
2026-05-26T14:00:00-04:00,2026-05-26,14:00,META,C,50,608.93,7,True,False,True,False,True,False
2026-05-26T14:00:00-04:00,2026-05-26,14:00,NVDA,P,45,213.1,14,True,False,False,True,False,False
2026-05-26T14:15:00-04:00,2026-05-26,14:15,META,C,60,610.21,8,True,False,True,True,False,False
2026-05-27T10:00:00-04:00,2026-05-27,10:00,QQQ,C,50,729.9,1,True,False,True,False,False,True
2026-05-27T10:00:00-04:00,2026-05-27,10:00,IWM,C,70,290.83,1,True,False,True,True,False,True
2026-05-27T10:00:00-04:00,2026-05-27,10:00,MSFT,P,70,411.44,1,True,False,True,True,False,True
2026-05-27T10:00:00-04:00,2026-05-27,10:00,META,C,50,610.98,1,True,False,True,False,False,True
2026-05-27T10:00:00-04:00,2026-05-27,10:00,NVDA,P,55,211.32,1,True,False,False,True,False,True
2026-05-27T10:00:00-04:00,2026-05-27,10:00,GOOGL,C,55,390.35,1,True,False,False,True,False,True
2026-05-27T10:00:00-04:00,2026-05-27,10:00,AVGO,C,60,428.06,1,True,True,True,False,False,False
2026-05-27T10:00:00-04:00,2026-05-27,10:00,TSLA,C,70,440.64,1,True,False,True,True,False,True
2026-05-27T10:15:00-04:00,2026-05-27,10:15,QQQ,C,50,728.76,2,True,False,True,False,True,False
2026-05-27T10:15:00-04:00,2026-05-27,10:15,IWM,C,55,291.38,2,True,False,False,True,False,True
2026-05-27T10:15:00-04:00,2026-05-27,10:15,AAPL,C,45,312.58,1,True,False,False,True,False,False
2026-05-27T10:15:00-04:00,2026-05-27,10:15,META,C,60,613.24,2,True,False,True,True,False,False
2026-05-27T10:15:00-04:00,2026-05-27,10:15,NVDA,P,45,210.74,2,True,False,False,True,False,False
2026-05-27T10:15:00-04:00,2026-05-27,10:15,GOOGL,C,55,391.21,2,True,False,False,True,False,True
2026-05-27T10:15:00-04:00,2026-05-27,10:15,TSLA,C,60,438.93,2,True,False,True,True,False,False
2026-05-27T10:30:00-04:00,2026-05-27,10:30,QQQ,C,45,726.35,3,True,False,False,False,True,True
2026-05-27T10:30:00-04:00,2026-05-27,10:30,AAPL,C,45,311.26,2,True,False,False,True,False,False
2026-05-27T10:30:00-04:00,2026-05-27,10:30,AMZN,C,45,269.89,1,True,False,False,True,False,False
2026-05-27T10:30:00-04:00,2026-05-27,10:30,META,C,55,615.0,3,True,False,False,True,False,True
2026-05-27T10:30:00-04:00,2026-05-27,10:30,NVDA,P,55,209.92,3,True,False,False,True,False,True
2026-05-27T10:30:00-04:00,2026-05-27,10:30,GOOGL,C,45,391.77,3,True,False,False,True,False,False
2026-05-27T10:45:00-04:00,2026-05-27,10:45,QQQ,C,50,728.19,4,True,False,True,False,True,False
2026-05-27T10:45:00-04:00,2026-05-27,10:45,AAPL,C,45,312.73,3,True,False,False,True,False,False
2026-05-27T10:45:00-04:00,2026-05-27,10:45,AMZN,C,45,270.43,2,True,False,False,True,False,False
2026-05-27T10:45:00-04:00,2026-05-27,10:45,NVDA,P,45,209.45,4,True,False,False,True,False,False
2026-05-27T10:45:00-04:00,2026-05-27,10:45,GOOGL,C,45,391.58,4,True,False,False,True,False,False
2026-05-27T10:45:00-04:00,2026-05-27,10:45,TSLA,C,90,443.79,3,True,True,True,True,False,True
2026-05-27T11:00:00-04:00,2026-05-27,11:00,AAPL,C,55,313.06,4,True,False,False,True,False,True
2026-05-27T11:00:00-04:00,2026-05-27,11:00,AMZN,C,45,270.17,3,True,False,False,True,False,False
2026-05-27T11:00:00-04:00,2026-05-27,11:00,NVDA,P,45,208.97,5,True,False,False,True,False,False
2026-05-27T11:00:00-04:00,2026-05-27,11:00,GOOGL,C,45,391.27,5,True,False,False,True,False,False
2026-05-27T11:00:00-04:00,2026-05-27,11:00,TSLA,C,55,441.92,4,True,False,False,True,False,True
2026-05-27T11:15:00-04:00,2026-05-27,11:15,IWM,C,60,290.9,3,True,False,True,True,False,False
2026-05-27T11:15:00-04:00,2026-05-27,11:15,AAPL,C,45,312.46,5,True,False,False,True,False,False
2026-05-27T11:15:00-04:00,2026-05-27,11:15,AMZN,C,45,270.88,4,True,False,False,True,False,False
2026-05-27T11:15:00-04:00,2026-05-27,11:15,META,C,45,613.72,4,True,False,False,True,False,False
2026-05-27T11:15:00-04:00,2026-05-27,11:15,NVDA,P,45,209.5,6,True,False,False,True,False,False
2026-05-27T11:15:00-04:00,2026-05-27,11:15,GOOGL,C,45,390.65,6,True,False,False,True,False,False
2026-05-27T11:15:00-04:00,2026-05-27,11:15,TSLA,C,45,441.84,5,True,False,False,True,False,False
2026-05-27T11:30:00-04:00,2026-05-27,11:30,IWM,C,60,290.78,4,True,False,True,True,False,False
2026-05-27T11:30:00-04:00,2026-05-27,11:30,AAPL,C,55,311.77,6,True,False,False,True,False,True
2026-05-27T11:30:00-04:00,2026-05-27,11:30,AMZN,C,45,271.05,5,True,False,False,True,False,False
2026-05-27T11:30:00-04:00,2026-05-27,11:30,MSFT,P,60,412.85,2,True,True,True,False,False,False
2026-05-27T11:30:00-04:00,2026-05-27,11:30,META,C,45,613.43,5,True,False,False,True,False,False
2026-05-27T11:30:00-04:00,2026-05-27,11:30,NVDA,P,45,209.79,7,True,False,False,True,False,False
2026-05-27T11:30:00-04:00,2026-05-27,11:30,GOOGL,C,45,392.12,7,True,False,False,True,False,False
2026-05-27T11:30:00-04:00,2026-05-27,11:30,TSLA,C,60,440.85,6,True,False,True,True,False,False
2026-05-27T11:45:00-04:00,2026-05-27,11:45,IWM,C,50,290.05,5,True,False,True,False,True,False
2026-05-27T11:45:00-04:00,2026-05-27,11:45,AAPL,C,55,311.08,7,True,False,False,True,True,False
2026-05-27T11:45:00-04:00,2026-05-27,11:45,AMZN,C,45,270.33,6,True,False,False,True,False,False
2026-05-27T11:45:00-04:00,2026-05-27,11:45,NVDA,P,45,209.62,8,True,False,False,True,False,False
2026-05-27T11:45:00-04:00,2026-05-27,11:45,GOOGL,C,45,391.45,8,True,False,False,True,False,False
2026-05-27T12:00:00-04:00,2026-05-27,12:00,IWM,C,50,289.82,6,True,False,True,False,True,False
2026-05-27T12:00:00-04:00,2026-05-27,12:00,AAPL,C,45,311.7,8,True,False,False,True,False,False
2026-05-27T12:00:00-04:00,2026-05-27,12:00,NVDA,P,45,209.84,9,True,False,False,True,False,False
2026-05-27T12:00:00-04:00,2026-05-27,12:00,GOOGL,C,45,391.32,9,True,False,False,True,False,False
2026-05-27T12:00:00-04:00,2026-05-27,12:00,TSLA,C,60,440.73,7,True,False,True,True,False,False
2026-05-27T12:15:00-04:00,2026-05-27,12:15,IWM,C,50,290.3,7,True,False,True,False,True,False
2026-05-27T12:15:00-04:00,2026-05-27,12:15,AAPL,C,45,311.69,9,True,False,False,True,False,False
2026-05-27T12:15:00-04:00,2026-05-27,12:15,META,C,50,611.5,6,True,False,True,False,True,False
2026-05-27T12:15:00-04:00,2026-05-27,12:15,NVDA,C,45,210.9,1,False,True,True,False,True,False
2026-05-27T12:15:00-04:00,2026-05-27,12:15,TSLA,C,80,442.09,8,True,True,True,True,False,False
2026-05-27T12:30:00-04:00,2026-05-27,12:30,IWM,C,80,290.76,8,True,True,True,True,False,False
2026-05-27T12:30:00-04:00,2026-05-27,12:30,MSFT,P,60,412.77,3,True,False,True,True,False,False
2026-05-27T12:30:00-04:00,2026-05-27,12:30,GOOGL,C,45,391.5,10,True,False,False,True,False,False
2026-05-27T12:30:00-04:00,2026-05-27,12:30,TSLA,C,45,441.89,9,True,False,False,True,False,False
2026-05-27T12:45:00-04:00,2026-05-27,12:45,QQQ,C,60,729.12,5,True,True,True,False,False,False
2026-05-27T12:45:00-04:00,2026-05-27,12:45,IWM,C,45,290.98,9,True,False,False,True,False,False
2026-05-27T12:45:00-04:00,2026-05-27,12:45,AMZN,C,45,272.06,7,True,False,False,True,False,False
2026-05-27T12:45:00-04:00,2026-05-27,12:45,MSFT,P,55,413.6,4,True,False,False,True,True,False
2026-05-27T12:45:00-04:00,2026-05-27,12:45,META,C,45,613.78,7,True,True,False,False,False,False
2026-05-27T12:45:00-04:00,2026-05-27,12:45,GOOGL,C,45,393.36,11,True,False,False,True,False,False
2026-05-27T13:00:00-04:00,2026-05-27,13:00,QQQ,C,50,728.1,6,True,False,True,False,True,False
2026-05-27T13:00:00-04:00,2026-05-27,13:00,IWM,C,45,290.95,10,True,False,False,True,False,False
2026-05-27T13:15:00-04:00,2026-05-27,13:15,IWM,C,50,290.14,11,True,False,True,False,True,False
2026-05-27T13:15:00-04:00,2026-05-27,13:15,MSFT,P,60,412.42,5,True,False,True,True,False,False
2026-05-27T13:15:00-04:00,2026-05-27,13:15,META,C,50,610.53,8,True,False,True,False,True,False
2026-05-27T13:30:00-04:00,2026-05-27,13:30,IWM,C,50,290.56,12,True,False,True,False,True,False
2026-05-27T13:30:00-04:00,2026-05-27,13:30,MSFT,P,60,411.44,6,True,False,True,True,False,False
2026-05-27T13:30:00-04:00,2026-05-27,13:30,META,C,50,609.8,9,True,False,True,False,True,False
2026-05-27T13:45:00-04:00,2026-05-27,13:45,IWM,C,50,290.37,13,True,False,True,False,True,False
2026-05-27T13:45:00-04:00,2026-05-27,13:45,MSFT,P,45,411.55,7,True,False,False,True,False,False
2026-05-27T14:00:00-04:00,2026-05-27,14:00,IWM,C,50,290.29,14,True,False,True,False,True,False
2026-05-27T14:00:00-04:00,2026-05-27,14:00,MSFT,P,60,411.63,8,True,False,True,True,False,False
2026-05-27T14:15:00-04:00,2026-05-27,14:15,QQQ,C,45,728.32,7,False,True,True,False,True,False
2026-05-27T14:15:00-04:00,2026-05-27,14:15,IWM,C,50,290.45,15,True,False,True,False,True,False
2026-05-27T14:15:00-04:00,2026-05-27,14:15,META,C,70,618.29,10,True,True,True,False,False,True
2026-05-28T10:00:00-04:00,2026-05-28,10:00,QQQ,C,60,728.12,1,True,False,True,False,True,True
2026-05-28T10:00:00-04:00,2026-05-28,10:00,AMZN,C,60,268.8,1,True,False,True,False,True,True
2026-05-28T10:00:00-04:00,2026-05-28,10:00,META,C,60,639.56,1,True,False,True,True,False,False
2026-05-28T10:00:00-04:00,2026-05-28,10:00,GOOGL,C,55,387.3,1,False,True,True,False,True,True
2026-05-28T10:00:00-04:00,2026-05-28,10:00,TSLA,C,80,440.83,1,True,True,True,False,True,True
2026-05-28T10:15:00-04:00,2026-05-28,10:15,QQQ,C,70,732.26,2,True,False,True,True,False,True
2026-05-28T10:15:00-04:00,2026-05-28,10:15,IWM,C,55,290.28,1,False,True,True,False,True,True
2026-05-28T10:15:00-04:00,2026-05-28,10:15,AMZN,C,60,268.96,2,True,False,True,False,True,True
2026-05-28T10:15:00-04:00,2026-05-28,10:15,MSFT,C,55,426.46,1,True,False,False,True,False,True
2026-05-28T10:15:00-04:00,2026-05-28,10:15,META,C,45,635.16,2,True,False,False,True,False,False
2026-05-28T10:15:00-04:00,2026-05-28,10:15,TSLA,C,50,441.54,2,True,False,True,False,False,True
2026-05-28T10:30:00-04:00,2026-05-28,10:30,QQQ,C,45,731.93,3,True,False,False,True,False,False
2026-05-28T10:30:00-04:00,2026-05-28,10:30,AMZN,C,70,269.7,3,True,True,True,False,True,False
2026-05-28T10:30:00-04:00,2026-05-28,10:30,MSFT,C,55,425.26,2,True,False,False,True,False,True
2026-05-28T10:30:00-04:00,2026-05-28,10:30,META,C,45,638.89,3,True,False,False,True,False,False
2026-05-28T10:45:00-04:00,2026-05-28,10:45,QQQ,C,45,732.45,4,True,False,False,True,False,False
2026-05-28T10:45:00-04:00,2026-05-28,10:45,AMZN,C,50,270.08,4,True,False,True,False,True,False
2026-05-28T10:45:00-04:00,2026-05-28,10:45,MSFT,C,45,425.58,3,True,False,False,True,False,False
2026-05-28T10:45:00-04:00,2026-05-28,10:45,META,C,45,636.61,4,True,False,False,True,False,False
2026-05-28T11:00:00-04:00,2026-05-28,11:00,QQQ,C,45,732.86,5,True,False,False,True,False,False
2026-05-28T11:00:00-04:00,2026-05-28,11:00,AAPL,C,45,311.83,1,True,False,False,True,False,False
2026-05-28T11:00:00-04:00,2026-05-28,11:00,MSFT,C,45,424.35,4,True,False,False,True,False,False
2026-05-28T11:00:00-04:00,2026-05-28,11:00,AVGO,C,55,423.32,1,True,False,False,True,True,False
2026-05-28T11:15:00-04:00,2026-05-28,11:15,QQQ,C,45,733.66,6,True,False,False,True,False,False
2026-05-28T11:15:00-04:00,2026-05-28,11:15,IWM,C,45,291.4,2,True,False,False,True,False,False
2026-05-28T11:15:00-04:00,2026-05-28,11:15,AAPL,C,45,311.82,2,True,False,False,True,False,False
2026-05-28T11:15:00-04:00,2026-05-28,11:15,MSFT,C,45,423.62,5,True,False,False,True,False,False
2026-05-28T11:15:00-04:00,2026-05-28,11:15,AVGO,C,55,423.02,2,True,False,False,True,True,False
2026-05-28T11:30:00-04:00,2026-05-28,11:30,QQQ,C,45,734.67,7,True,False,False,True,False,False
2026-05-28T11:30:00-04:00,2026-05-28,11:30,IWM,C,45,291.98,3,True,False,False,True,False,False
2026-05-28T11:30:00-04:00,2026-05-28,11:30,AAPL,C,45,311.83,3,True,False,False,True,False,False
2026-05-28T11:30:00-04:00,2026-05-28,11:30,AMZN,C,50,269.75,5,True,False,True,False,True,False
2026-05-28T11:30:00-04:00,2026-05-28,11:30,MSFT,C,45,424.75,6,True,False,False,True,False,False
2026-05-28T11:30:00-04:00,2026-05-28,11:30,AVGO,C,45,423.5,3,True,False,False,True,False,False
2026-05-28T11:30:00-04:00,2026-05-28,11:30,TSLA,C,55,441.14,3,True,False,False,True,True,False
2026-05-28T11:45:00-04:00,2026-05-28,11:45,QQQ,C,45,734.65,8,True,False,False,True,False,False
2026-05-28T11:45:00-04:00,2026-05-28,11:45,IWM,C,45,291.88,4,True,False,False,True,False,False
2026-05-28T11:45:00-04:00,2026-05-28,11:45,AAPL,C,55,311.2,4,True,False,False,True,True,False
2026-05-28T11:45:00-04:00,2026-05-28,11:45,AMZN,C,50,269.84,6,True,False,True,False,True,False
2026-05-28T11:45:00-04:00,2026-05-28,11:45,MSFT,C,45,425.06,7,True,False,False,True,False,False
2026-05-28T11:45:00-04:00,2026-05-28,11:45,AVGO,C,45,423.72,4,True,False,False,True,False,False
2026-05-28T11:45:00-04:00,2026-05-28,11:45,TSLA,C,45,441.53,4,True,False,False,True,False,False
2026-05-28T12:00:00-04:00,2026-05-28,12:00,QQQ,C,45,734.74,9,True,False,False,True,False,False
2026-05-28T12:00:00-04:00,2026-05-28,12:00,IWM,C,45,291.92,5,True,False,False,True,False,False
2026-05-28T12:00:00-04:00,2026-05-28,12:00,AAPL,C,50,310.67,5,True,False,True,False,True,False
2026-05-28T12:00:00-04:00,2026-05-28,12:00,MSFT,C,45,425.0,8,True,False,False,True,False,False
2026-05-28T12:00:00-04:00,2026-05-28,12:00,AVGO,C,45,425.78,5,True,False,False,True,False,False
2026-05-28T12:00:00-04:00,2026-05-28,12:00,TSLA,C,55,441.49,5,True,False,False,True,True,False
2026-05-28T12:15:00-04:00,2026-05-28,12:15,QQQ,C,45,734.97,10,True,False,False,True,False,False
2026-05-28T12:15:00-04:00,2026-05-28,12:15,IWM,C,45,292.11,6,True,False,False,True,False,False
2026-05-28T12:15:00-04:00,2026-05-28,12:15,AVGO,C,45,425.14,6,True,False,False,True,False,False
2026-05-28T12:15:00-04:00,2026-05-28,12:15,TSLA,C,45,442.05,6,True,False,False,True,False,False
2026-05-28T12:30:00-04:00,2026-05-28,12:30,QQQ,C,45,735.64,11,True,False,False,True,False,False
2026-05-28T12:30:00-04:00,2026-05-28,12:30,IWM,C,45,292.26,7,True,False,False,True,False,False
2026-05-28T12:30:00-04:00,2026-05-28,12:30,AMZN,C,50,269.43,7,True,False,True,False,True,False
2026-05-28T12:30:00-04:00,2026-05-28,12:30,AVGO,C,45,426.32,7,True,False,False,True,False,False
2026-05-28T12:30:00-04:00,2026-05-28,12:30,TSLA,C,55,441.52,7,True,False,False,True,True,False
2026-05-28T12:45:00-04:00,2026-05-28,12:45,QQQ,C,45,735.76,12,True,False,False,True,False,False
2026-05-28T12:45:00-04:00,2026-05-28,12:45,IWM,C,45,292.43,8,True,False,False,True,False,False
2026-05-28T12:45:00-04:00,2026-05-28,12:45,AMZN,C,50,270.06,8,True,False,True,False,True,False
2026-05-28T12:45:00-04:00,2026-05-28,12:45,META,C,50,630.67,5,True,False,True,False,True,False
2026-05-28T12:45:00-04:00,2026-05-28,12:45,AVGO,C,45,427.16,8,True,False,False,True,False,False
2026-05-28T12:45:00-04:00,2026-05-28,12:45,TSLA,C,55,441.63,8,True,False,False,True,True,False
2026-05-28T13:00:00-04:00,2026-05-28,13:00,QQQ,C,45,736.22,13,True,False,False,True,False,False
2026-05-28T13:00:00-04:00,2026-05-28,13:00,IWM,C,45,292.54,9,True,False,False,True,False,False
2026-05-28T13:00:00-04:00,2026-05-28,13:00,META,C,50,630.03,6,True,False,True,False,True,False
2026-05-28T13:00:00-04:00,2026-05-28,13:00,AVGO,C,45,426.33,9,True,False,False,True,False,False
2026-05-28T13:00:00-04:00,2026-05-28,13:00,TSLA,C,45,442.11,9,True,False,False,True,False,False
2026-05-28T13:15:00-04:00,2026-05-28,13:15,QQQ,C,45,735.99,14,True,False,False,True,False,False
2026-05-28T13:15:00-04:00,2026-05-28,13:15,IWM,C,45,292.15,10,True,False,False,True,False,False
2026-05-28T13:15:00-04:00,2026-05-28,13:15,META,C,50,630.52,7,True,False,True,False,True,False
2026-05-28T13:15:00-04:00,2026-05-28,13:15,AVGO,C,45,427.01,10,True,False,False,True,False,False
2026-05-28T13:15:00-04:00,2026-05-28,13:15,TSLA,C,55,441.75,10,True,False,False,True,True,False
2026-05-28T13:30:00-04:00,2026-05-28,13:30,IWM,C,45,291.86,11,True,False,False,True,False,False
2026-05-28T13:30:00-04:00,2026-05-28,13:30,AMZN,C,45,271.04,9,True,False,False,True,False,False
2026-05-28T13:30:00-04:00,2026-05-28,13:30,META,C,50,631.22,8,True,False,True,False,True,False
2026-05-28T13:30:00-04:00,2026-05-28,13:30,AVGO,C,45,428.01,11,True,False,False,True,False,False
2026-05-28T13:30:00-04:00,2026-05-28,13:30,TSLA,C,55,441.75,11,True,False,False,True,True,False
2026-05-28T13:45:00-04:00,2026-05-28,13:45,QQQ,C,45,736.12,15,True,False,False,True,False,False
2026-05-28T13:45:00-04:00,2026-05-28,13:45,AMZN,C,45,272.03,10,True,False,False,True,False,False
2026-05-28T13:45:00-04:00,2026-05-28,13:45,AVGO,C,45,427.65,12,True,False,False,True,False,False
2026-05-28T13:45:00-04:00,2026-05-28,13:45,TSLA,C,45,442.1,12,True,False,False,True,False,False
2026-05-28T14:00:00-04:00,2026-05-28,14:00,AMZN,C,45,272.33,11,True,False,False,True,False,False
2026-05-28T14:00:00-04:00,2026-05-28,14:00,META,C,50,631.09,9,True,False,True,False,True,False
2026-05-28T14:00:00-04:00,2026-05-28,14:00,NVDA,C,45,215.12,1,True,False,False,True,False,False
2026-05-28T14:00:00-04:00,2026-05-28,14:00,AVGO,C,45,428.41,13,True,False,False,True,False,False
2026-05-28T14:15:00-04:00,2026-05-28,14:15,IWM,C,45,292.14,12,True,False,False,True,False,False
2026-05-28T14:15:00-04:00,2026-05-28,14:15,AMZN,C,45,272.18,12,True,False,False,True,False,False
2026-05-28T14:15:00-04:00,2026-05-28,14:15,NVDA,C,45,214.36,2,True,False,False,True,False,False
2026-05-28T14:15:00-04:00,2026-05-28,14:15,GOOGL,C,55,390.12,2,True,False,False,True,True,False
2026-05-28T14:15:00-04:00,2026-05-28,14:15,AVGO,C,45,428.79,14,True,False,False,True,False,False
2026-05-29T10:00:00-04:00,2026-05-29,10:00,QQQ,C,60,741.19,1,True,False,True,True,False,False
2026-05-29T10:00:00-04:00,2026-05-29,10:00,AAPL,C,45,313.48,1,True,False,False,True,False,False
2026-05-29T10:00:00-04:00,2026-05-29,10:00,MSFT,C,55,441.14,1,True,False,False,True,False,True
2026-05-29T10:00:00-04:00,2026-05-29,10:00,META,C,60,628.14,1,True,False,True,False,True,True
2026-05-29T10:00:00-04:00,2026-05-29,10:00,NVDA,C,55,217.1,1,True,False,False,True,False,True
2026-05-29T10:00:00-04:00,2026-05-29,10:00,GOOGL,P,70,385.02,1,True,False,True,True,False,True
2026-05-29T10:00:00-04:00,2026-05-29,10:00,AVGO,C,55,444.79,1,True,False,False,True,False,True
2026-05-29T10:15:00-04:00,2026-05-29,10:15,QQQ,C,70,739.75,2,True,False,True,True,False,True
2026-05-29T10:15:00-04:00,2026-05-29,10:15,AAPL,C,45,313.31,2,True,False,False,True,False,False
2026-05-29T10:15:00-04:00,2026-05-29,10:15,MSFT,C,55,440.14,2,True,False,False,True,False,True
2026-05-29T10:15:00-04:00,2026-05-29,10:15,NVDA,C,55,216.29,2,True,False,False,True,False,True
2026-05-29T10:15:00-04:00,2026-05-29,10:15,GOOGL,P,90,382.8,2,True,True,True,True,False,True
2026-05-29T10:15:00-04:00,2026-05-29,10:15,AVGO,C,55,443.29,2,True,False,False,True,False,True
2026-05-29T10:30:00-04:00,2026-05-29,10:30,QQQ,C,50,738.5,3,True,False,True,False,False,True
2026-05-29T10:30:00-04:00,2026-05-29,10:30,AAPL,C,45,313.67,3,True,False,False,True,False,False
2026-05-29T10:30:00-04:00,2026-05-29,10:30,AMZN,C,50,272.07,1,True,False,True,False,True,False
2026-05-29T10:30:00-04:00,2026-05-29,10:30,MSFT,C,45,439.89,3,True,False,False,True,False,False
2026-05-29T10:30:00-04:00,2026-05-29,10:30,GOOGL,P,45,383.42,3,True,False,False,True,False,False
2026-05-29T10:30:00-04:00,2026-05-29,10:30,AVGO,C,55,439.38,3,True,False,False,True,False,True
2026-05-29T10:45:00-04:00,2026-05-29,10:45,QQQ,C,45,735.81,4,True,False,False,False,True,True
2026-05-29T10:45:00-04:00,2026-05-29,10:45,AAPL,C,45,312.99,4,True,False,False,True,False,False
2026-05-29T10:45:00-04:00,2026-05-29,10:45,AMZN,C,50,271.14,2,True,False,True,False,True,False
2026-05-29T10:45:00-04:00,2026-05-29,10:45,MSFT,C,45,442.07,4,True,False,False,True,False,False
2026-05-29T10:45:00-04:00,2026-05-29,10:45,GOOGL,P,45,380.81,4,True,False,False,True,False,False
2026-05-29T10:45:00-04:00,2026-05-29,10:45,TSLA,P,55,428.95,1,True,False,False,True,False,True
2026-05-29T11:00:00-04:00,2026-05-29,11:00,QQQ,C,50,737.45,5,True,False,True,False,False,True
2026-05-29T11:00:00-04:00,2026-05-29,11:00,AMZN,C,50,271.13,3,True,False,True,False,True,False
2026-05-29T11:00:00-04:00,2026-05-29,11:00,MSFT,C,45,444.53,5,True,False,False,True,False,False
2026-05-29T11:00:00-04:00,2026-05-29,11:00,GOOGL,P,45,382.46,5,True,False,False,True,False,False
2026-05-29T11:00:00-04:00,2026-05-29,11:00,TSLA,P,45,431.8,2,True,False,False,True,False,False
2026-05-29T11:15:00-04:00,2026-05-29,11:15,QQQ,C,80,739.06,6,True,True,True,True,False,False
2026-05-29T11:15:00-04:00,2026-05-29,11:15,AMZN,C,50,272.17,4,True,False,True,False,True,False
2026-05-29T11:15:00-04:00,2026-05-29,11:15,MSFT,C,45,444.91,6,True,False,False,True,False,False
2026-05-29T11:15:00-04:00,2026-05-29,11:15,META,C,45,627.59,2,False,True,True,False,True,False
2026-05-29T11:15:00-04:00,2026-05-29,11:15,NVDA,C,45,216.93,3,True,False,False,True,False,False
2026-05-29T11:15:00-04:00,2026-05-29,11:15,GOOGL,P,45,383.26,6,True,False,False,True,False,False
2026-05-29T11:15:00-04:00,2026-05-29,11:15,AVGO,C,65,441.94,4,True,True,False,True,False,False
2026-05-29T11:15:00-04:00,2026-05-29,11:15,TSLA,P,45,433.7,3,True,False,False,True,False,False
2026-05-29T11:30:00-04:00,2026-05-29,11:30,AAPL,C,50,311.8,5,True,False,True,False,True,False
2026-05-29T11:30:00-04:00,2026-05-29,11:30,MSFT,C,45,443.64,7,True,False,False,True,False,False
2026-05-29T11:30:00-04:00,2026-05-29,11:30,GOOGL,P,45,383.25,7,True,False,False,True,False,False
2026-05-29T11:30:00-04:00,2026-05-29,11:30,TSLA,P,45,433.64,4,True,False,False,True,False,False
2026-05-29T11:45:00-04:00,2026-05-29,11:45,AMZN,C,55,272.65,5,True,True,False,False,True,False
2026-05-29T11:45:00-04:00,2026-05-29,11:45,MSFT,C,45,442.9,8,True,False,False,True,False,False
2026-05-29T11:45:00-04:00,2026-05-29,11:45,GOOGL,P,45,382.91,8,True,False,False,True,False,False
2026-05-29T11:45:00-04:00,2026-05-29,11:45,TSLA,P,45,434.05,5,True,False,False,True,False,False
2026-05-29T12:00:00-04:00,2026-05-29,12:00,QQQ,C,50,737.47,7,True,False,True,False,True,False
2026-05-29T12:00:00-04:00,2026-05-29,12:00,MSFT,C,45,442.73,9,True,False,False,True,False,False
2026-05-29T12:00:00-04:00,2026-05-29,12:00,GOOGL,P,45,382.4,9,True,False,False,True,False,False
2026-05-29T12:15:00-04:00,2026-05-29,12:15,QQQ,C,80,739.27,8,True,True,True,True,False,False
2026-05-29T12:15:00-04:00,2026-05-29,12:15,MSFT,C,45,442.93,10,True,False,False,True,False,False
2026-05-29T12:15:00-04:00,2026-05-29,12:15,NVDA,C,65,216.65,4,True,True,False,True,False,False
2026-05-29T12:30:00-04:00,2026-05-29,12:30,QQQ,C,60,738.49,9,True,False,True,True,False,False
2026-05-29T12:30:00-04:00,2026-05-29,12:30,NVDA,C,45,215.99,5,True,False,False,True,False,False
2026-05-29T12:30:00-04:00,2026-05-29,12:30,TSLA,P,60,438.25,6,True,False,True,False,True,True
2026-05-29T12:45:00-04:00,2026-05-29,12:45,QQQ,C,60,738.93,10,True,False,True,True,False,False
2026-05-29T12:45:00-04:00,2026-05-29,12:45,MSFT,C,45,444.73,11,True,False,False,True,False,False
2026-05-29T12:45:00-04:00,2026-05-29,12:45,NVDA,C,45,217.08,6,True,False,False,True,False,False
2026-05-29T12:45:00-04:00,2026-05-29,12:45,AVGO,C,65,440.81,5,True,True,False,True,False,False
2026-05-29T12:45:00-04:00,2026-05-29,12:45,TSLA,P,50,437.99,7,True,False,True,False,True,False
2026-05-29T13:00:00-04:00,2026-05-29,13:00,NVDA,C,45,216.59,7,True,False,False,True,False,False
2026-05-29T13:00:00-04:00,2026-05-29,13:00,GOOGL,P,45,382.5,10,True,True,False,False,False,False
2026-05-29T13:15:00-04:00,2026-05-29,13:15,NVDA,C,45,216.79,8,True,False,False,True,False,False
2026-05-29T13:30:00-04:00,2026-05-29,13:30,QQQ,C,50,737.63,11,True,False,True,False,True,False
2026-05-29T13:30:00-04:00,2026-05-29,13:30,IWM,P,50,290.43,1,True,False,True,False,True,False
2026-05-29T13:45:00-04:00,2026-05-29,13:45,IWM,P,50,290.16,2,True,False,True,False,True,False
2026-05-29T13:45:00-04:00,2026-05-29,13:45,TSLA,C,45,438.26,1,False,False,True,True,True,False
2026-05-29T14:00:00-04:00,2026-05-29,14:00,IWM,P,45,289.8,3,True,True,False,False,False,False
2026-05-29T14:00:00-04:00,2026-05-29,14:00,AAPL,P,45,309.57,1,True,False,False,True,False,False
2026-05-29T14:00:00-04:00,2026-05-29,14:00,TSLA,C,45,437.18,2,False,False,True,True,True,False
2026-05-29T14:15:00-04:00,2026-05-29,14:15,AAPL,P,45,310.09,2,True,False,False,True,False,False
2026-05-29T14:15:00-04:00,2026-05-29,14:15,TSLA,C,45,437.52,3,False,False,True,True,True,False
2026-06-01T10:00:00-04:00,2026-06-01,10:00,QQQ,C,50,736.4,1,True,False,True,False,True,False
2026-06-01T10:00:00-04:00,2026-06-01,10:00,IWM,P,90,286.92,1,True,True,True,True,False,True
2026-06-01T10:00:00-04:00,2026-06-01,10:00,AMZN,P,55,264.46,1,True,False,False,True,False,True
2026-06-01T10:00:00-04:00,2026-06-01,10:00,MSFT,C,55,464.87,1,True,False,False,True,False,True
2026-06-01T10:00:00-04:00,2026-06-01,10:00,META,P,55,616.35,1,True,False,False,True,False,True
2026-06-01T10:00:00-04:00,2026-06-01,10:00,NVDA,C,55,219.15,1,True,False,False,True,False,True
2026-06-01T10:00:00-04:00,2026-06-01,10:00,GOOGL,P,60,374.98,1,True,False,True,True,False,False
2026-06-01T10:00:00-04:00,2026-06-01,10:00,AVGO,C,55,448.07,1,True,False,False,True,False,True
2026-06-01T10:00:00-04:00,2026-06-01,10:00,TSLA,P,45,422.96,1,True,False,False,True,False,False
2026-06-01T10:15:00-04:00,2026-06-01,10:15,QQQ,C,50,737.41,2,True,False,True,False,True,False
2026-06-01T10:15:00-04:00,2026-06-01,10:15,IWM,P,60,287.14,2,True,False,True,True,False,False
2026-06-01T10:15:00-04:00,2026-06-01,10:15,AMZN,P,55,264.48,2,True,False,False,True,False,True
2026-06-01T10:15:00-04:00,2026-06-01,10:15,MSFT,C,60,460.87,2,True,False,True,True,False,False
2026-06-01T10:15:00-04:00,2026-06-01,10:15,META,P,55,614.21,2,True,False,False,True,False,True
2026-06-01T10:15:00-04:00,2026-06-01,10:15,NVDA,C,45,220.62,2,True,False,False,True,False,False
2026-06-01T10:15:00-04:00,2026-06-01,10:15,GOOGL,P,60,374.78,2,True,False,True,True,False,False
2026-06-01T10:15:00-04:00,2026-06-01,10:15,AVGO,C,45,449.33,2,True,False,False,True,False,False
2026-06-01T10:15:00-04:00,2026-06-01,10:15,TSLA,P,45,422.09,2,True,False,False,True,False,False
2026-06-01T10:30:00-04:00,2026-06-01,10:30,QQQ,C,50,738.13,3,True,False,True,False,True,False
2026-06-01T10:30:00-04:00,2026-06-01,10:30,IWM,P,45,287.01,3,True,False,False,True,False,False
2026-06-01T10:30:00-04:00,2026-06-01,10:30,AAPL,P,60,307.84,1,True,False,True,True,False,False
2026-06-01T10:30:00-04:00,2026-06-01,10:30,AMZN,P,45,264.26,3,True,False,False,True,False,False
2026-06-01T10:30:00-04:00,2026-06-01,10:30,MSFT,C,60,461.8,3,True,False,True,True,False,False
2026-06-01T10:30:00-04:00,2026-06-01,10:30,META,P,55,610.21,3,True,False,False,True,False,True
2026-06-01T10:30:00-04:00,2026-06-01,10:30,NVDA,C,45,221.37,3,True,False,False,True,False,False
2026-06-01T10:30:00-04:00,2026-06-01,10:30,GOOGL,P,45,375.72,3,True,False,False,True,False,False
2026-06-01T10:30:00-04:00,2026-06-01,10:30,AVGO,C,45,451.05,3,True,False,False,True,False,False
2026-06-01T10:30:00-04:00,2026-06-01,10:30,TSLA,P,45,421.67,3,True,False,False,True,False,False
2026-06-01T10:45:00-04:00,2026-06-01,10:45,QQQ,C,60,739.05,4,True,False,True,True,False,False
2026-06-01T10:45:00-04:00,2026-06-01,10:45,IWM,P,45,286.72,4,True,False,False,True,False,False
2026-06-01T10:45:00-04:00,2026-06-01,10:45,AAPL,P,45,307.8,2,True,False,False,True,False,False
2026-06-01T10:45:00-04:00,2026-06-01,10:45,AMZN,P,75,263.59,4,True,True,False,True,False,True
2026-06-01T10:45:00-04:00,2026-06-01,10:45,MSFT,C,60,461.62,4,True,False,True,True,False,False
2026-06-01T10:45:00-04:00,2026-06-01,10:45,META,P,55,612.12,4,True,False,False,True,False,True
2026-06-01T10:45:00-04:00,2026-06-01,10:45,NVDA,C,45,220.45,4,True,False,False,True,False,False
2026-06-01T10:45:00-04:00,2026-06-01,10:45,GOOGL,P,60,376.11,4,True,False,True,True,False,False
2026-06-01T10:45:00-04:00,2026-06-01,10:45,AVGO,C,55,458.1,4,True,False,False,True,False,True
2026-06-01T10:45:00-04:00,2026-06-01,10:45,TSLA,P,45,422.01,4,True,False,False,True,False,False
2026-06-01T11:00:00-04:00,2026-06-01,11:00,QQQ,C,45,739.47,5,True,False,False,True,False,False
2026-06-01T11:00:00-04:00,2026-06-01,11:00,IWM,P,45,286.58,5,True,False,False,True,False,False
2026-06-01T11:00:00-04:00,2026-06-01,11:00,AAPL,P,45,306.97,3,True,False,False,True,False,False
2026-06-01T11:00:00-04:00,2026-06-01,11:00,AMZN,P,45,264.65,5,True,False,False,True,False,False
2026-06-01T11:00:00-04:00,2026-06-01,11:00,MSFT,C,80,463.2,5,True,True,True,True,False,False
2026-06-01T11:00:00-04:00,2026-06-01,11:00,META,P,45,615.14,5,True,False,False,True,False,False
2026-06-01T11:00:00-04:00,2026-06-01,11:00,NVDA,C,45,219.62,5,True,False,False,True,False,False
2026-06-01T11:00:00-04:00,2026-06-01,11:00,GOOGL,P,60,376.44,5,True,False,True,True,False,False
2026-06-01T11:00:00-04:00,2026-06-01,11:00,AVGO,C,45,455.37,5,True,False,False,True,False,False
2026-06-01T11:00:00-04:00,2026-06-01,11:00,TSLA,P,55,419.45,5,True,False,False,True,False,True
2026-06-01T11:15:00-04:00,2026-06-01,11:15,QQQ,C,45,739.67,6,True,False,False,True,False,False
2026-06-01T11:15:00-04:00,2026-06-01,11:15,IWM,C,45,287.63,1,False,True,True,False,True,False
2026-06-01T11:15:00-04:00,2026-06-01,11:15,IWM,P,45,287.63,6,True,False,False,True,False,False
2026-06-01T11:15:00-04:00,2026-06-01,11:15,AAPL,P,45,306.81,4,True,False,False,True,False,False
2026-06-01T11:15:00-04:00,2026-06-01,11:15,AMZN,P,45,264.08,6,True,False,False,True,False,False
2026-06-01T11:15:00-04:00,2026-06-01,11:15,MSFT,C,60,461.14,6,True,False,True,True,False,False
2026-06-01T11:15:00-04:00,2026-06-01,11:15,META,P,45,613.04,6,True,False,False,True,False,False
2026-06-01T11:15:00-04:00,2026-06-01,11:15,NVDA,C,45,219.09,6,True,False,False,True,False,False
2026-06-01T11:15:00-04:00,2026-06-01,11:15,GOOGL,P,60,376.09,6,True,False,True,True,False,False
2026-06-01T11:15:00-04:00,2026-06-01,11:15,AVGO,C,45,456.19,6,True,False,False,True,False,False
2026-06-01T11:15:00-04:00,2026-06-01,11:15,TSLA,P,45,421.02,6,True,False,False,True,False,False
2026-06-01T11:30:00-04:00,2026-06-01,11:30,QQQ,C,45,740.52,7,True,False,False,True,False,False
2026-06-01T11:30:00-04:00,2026-06-01,11:30,AAPL,P,45,306.58,5,True,False,False,True,False,False
2026-06-01T11:30:00-04:00,2026-06-01,11:30,AMZN,P,45,264.05,7,True,False,False,True,False,False
2026-06-01T11:30:00-04:00,2026-06-01,11:30,MSFT,C,60,460.58,7,True,False,True,True,False,False
2026-06-01T11:30:00-04:00,2026-06-01,11:30,META,P,45,613.37,7,True,False,False,True,False,False
2026-06-01T11:30:00-04:00,2026-06-01,11:30,NVDA,C,45,219.4,7,True,False,False,True,False,False
2026-06-01T11:30:00-04:00,2026-06-01,11:30,GOOGL,P,45,375.73,7,True,False,False,True,False,False
2026-06-01T11:30:00-04:00,2026-06-01,11:30,AVGO,C,45,456.29,7,True,False,False,True,False,False
2026-06-01T11:30:00-04:00,2026-06-01,11:30,TSLA,P,45,421.91,7,True,False,False,True,False,False
2026-06-01T11:45:00-04:00,2026-06-01,11:45,QQQ,C,45,741.91,8,True,False,False,True,False,False
2026-06-01T11:45:00-04:00,2026-06-01,11:45,AAPL,P,45,306.8,6,True,False,False,True,False,False
2026-06-01T11:45:00-04:00,2026-06-01,11:45,AMZN,P,45,264.22,8,True,False,False,True,False,False
2026-06-01T11:45:00-04:00,2026-06-01,11:45,MSFT,C,45,461.32,8,True,False,False,True,False,False
2026-06-01T11:45:00-04:00,2026-06-01,11:45,META,P,45,614.55,8,True,False,False,True,False,False
2026-06-01T11:45:00-04:00,2026-06-01,11:45,NVDA,C,45,220.09,8,True,False,False,True,False,False
2026-06-01T11:45:00-04:00,2026-06-01,11:45,GOOGL,P,80,375.24,8,True,True,True,True,False,False
2026-06-01T11:45:00-04:00,2026-06-01,11:45,AVGO,C,45,458.96,8,True,False,False,True,False,False
2026-06-01T11:45:00-04:00,2026-06-01,11:45,TSLA,P,45,422.89,8,True,False,False,True,False,False
2026-06-01T12:00:00-04:00,2026-06-01,12:00,QQQ,C,45,741.04,9,True,False,False,True,False,False
2026-06-01T12:00:00-04:00,2026-06-01,12:00,AAPL,P,45,306.84,7,True,False,False,True,False,False
2026-06-01T12:00:00-04:00,2026-06-01,12:00,AMZN,P,45,263.61,9,True,False,False,True,False,False
2026-06-01T12:00:00-04:00,2026-06-01,12:00,MSFT,C,45,460.47,9,True,False,False,True,False,False
2026-06-01T12:00:00-04:00,2026-06-01,12:00,META,P,45,616.08,9,True,False,False,True,False,False
2026-06-01T12:00:00-04:00,2026-06-01,12:00,NVDA,C,45,219.66,9,True,False,False,True,False,False
2026-06-01T12:00:00-04:00,2026-06-01,12:00,GOOGL,P,45,375.46,9,True,False,False,True,False,False
2026-06-01T12:00:00-04:00,2026-06-01,12:00,AVGO,C,45,458.95,9,True,False,False,True,False,False
2026-06-01T12:00:00-04:00,2026-06-01,12:00,TSLA,P,45,421.03,9,True,False,False,True,False,False
2026-06-01T12:15:00-04:00,2026-06-01,12:15,QQQ,C,45,740.61,10,True,False,False,True,False,False
2026-06-01T12:15:00-04:00,2026-06-01,12:15,AAPL,P,45,306.06,8,True,False,False,True,False,False
2026-06-01T12:15:00-04:00,2026-06-01,12:15,AMZN,P,45,262.67,10,True,False,False,True,False,False
2026-06-01T12:15:00-04:00,2026-06-01,12:15,MSFT,C,60,460.55,10,True,False,True,True,False,False
2026-06-01T12:15:00-04:00,2026-06-01,12:15,META,P,45,612.81,10,True,False,False,True,False,False
2026-06-01T12:15:00-04:00,2026-06-01,12:15,NVDA,C,45,220.42,10,True,False,False,True,False,False
2026-06-01T12:15:00-04:00,2026-06-01,12:15,GOOGL,P,45,375.02,10,True,False,False,True,False,False
2026-06-01T12:15:00-04:00,2026-06-01,12:15,AVGO,C,45,461.77,10,True,False,False,True,False,False
2026-06-01T12:15:00-04:00,2026-06-01,12:15,TSLA,P,45,419.46,10,True,False,False,True,False,False
2026-06-01T12:30:00-04:00,2026-06-01,12:30,QQQ,C,45,741.25,11,True,False,False,True,False,False
2026-06-01T12:30:00-04:00,2026-06-01,12:30,AAPL,P,45,305.72,9,True,False,False,True,False,False
2026-06-01T12:30:00-04:00,2026-06-01,12:30,AMZN,P,45,262.69,11,True,False,False,True,False,False
2026-06-01T12:30:00-04:00,2026-06-01,12:30,MSFT,C,60,461.76,11,True,False,True,True,False,False
2026-06-01T12:30:00-04:00,2026-06-01,12:30,META,P,45,611.75,11,True,False,False,True,False,False
2026-06-01T12:30:00-04:00,2026-06-01,12:30,NVDA,C,45,221.95,11,True,False,False,True,False,False
2026-06-01T12:30:00-04:00,2026-06-01,12:30,GOOGL,P,45,375.02,11,True,False,False,True,False,False
2026-06-01T12:30:00-04:00,2026-06-01,12:30,AVGO,C,45,462.2,11,True,False,False,True,False,False
2026-06-01T12:30:00-04:00,2026-06-01,12:30,TSLA,P,45,418.8,11,True,False,False,True,False,False
2026-06-01T12:45:00-04:00,2026-06-01,12:45,QQQ,C,45,741.54,12,True,False,False,True,False,False
2026-06-01T12:45:00-04:00,2026-06-01,12:45,IWM,P,50,288.14,7,True,False,True,False,True,False
2026-06-01T12:45:00-04:00,2026-06-01,12:45,AAPL,P,45,306.07,10,True,False,False,True,False,False
2026-06-01T12:45:00-04:00,2026-06-01,12:45,AMZN,P,45,262.22,12,True,False,False,True,False,False
2026-06-01T12:45:00-04:00,2026-06-01,12:45,META,P,45,611.0,12,True,False,False,True,False,False
2026-06-01T12:45:00-04:00,2026-06-01,12:45,NVDA,C,45,221.46,12,True,False,False,True,False,False
2026-06-01T12:45:00-04:00,2026-06-01,12:45,GOOGL,P,45,375.11,12,True,False,False,True,False,False
2026-06-01T12:45:00-04:00,2026-06-01,12:45,AVGO,C,45,462.62,12,True,False,False,True,False,False
2026-06-01T13:00:00-04:00,2026-06-01,13:00,QQQ,C,45,742.95,13,True,False,False,True,False,False
2026-06-01T13:00:00-04:00,2026-06-01,13:00,AAPL,P,45,306.2,11,True,False,False,True,False,False
2026-06-01T13:00:00-04:00,2026-06-01,13:00,AMZN,P,45,262.1,13,True,False,False,True,False,False
2026-06-01T13:00:00-04:00,2026-06-01,13:00,META,P,45,611.4,13,True,False,False,True,False,False
2026-06-01T13:00:00-04:00,2026-06-01,13:00,NVDA,C,45,222.1,13,True,False,False,True,False,False
2026-06-01T13:15:00-04:00,2026-06-01,13:15,QQQ,C,45,742.22,14,True,False,False,True,False,False
2026-06-01T13:15:00-04:00,2026-06-01,13:15,AAPL,P,45,305.73,12,True,False,False,True,False,False
2026-06-01T13:15:00-04:00,2026-06-01,13:15,AMZN,P,45,261.33,14,True,False,False,True,False,False
2026-06-01T13:15:00-04:00,2026-06-01,13:15,META,P,45,610.42,14,True,False,False,True,False,False
2026-06-01T13:15:00-04:00,2026-06-01,13:15,NVDA,C,45,221.71,14,True,False,False,True,False,False
2026-06-01T13:30:00-04:00,2026-06-01,13:30,QQQ,C,45,743.41,15,True,False,False,True,False,False
2026-06-01T13:30:00-04:00,2026-06-01,13:30,NVDA,C,45,221.96,15,True,False,False,True,False,False
2026-06-01T13:45:00-04:00,2026-06-01,13:45,QQQ,C,45,744.64,16,True,False,False,True,False,False
2026-06-01T13:45:00-04:00,2026-06-01,13:45,NVDA,C,45,223.1,16,True,False,False,True,False,False
2026-06-01T14:00:00-04:00,2026-06-01,14:00,QQQ,C,45,745.09,17,True,False,False,True,False,False
2026-06-01T14:00:00-04:00,2026-06-01,14:00,NVDA,C,45,223.53,17,True,False,False,True,False,False
2026-06-01T14:15:00-04:00,2026-06-01,14:15,QQQ,C,45,744.23,18,True,False,False,True,False,False
2026-06-01T14:15:00-04:00,2026-06-01,14:15,NVDA,C,45,223.22,18,True,False,False,True,False,False
2026-06-02T10:00:00-04:00,2026-06-02,10:00,QQQ,C,50,743.52,1,True,False,True,False,False,True
2026-06-02T10:00:00-04:00,2026-06-02,10:00,AMZN,P,45,255.69,1,True,False,False,True,False,False
2026-06-02T10:00:00-04:00,2026-06-02,10:00,NVDA,C,55,231.42,1,True,False,False,True,False,True
2026-06-02T10:00:00-04:00,2026-06-02,10:00,GOOGL,P,55,363.73,1,True,False,False,True,False,True
2026-06-02T10:00:00-04:00,2026-06-02,10:00,AVGO,C,55,481.11,1,True,False,False,True,False,True
2026-06-02T10:15:00-04:00,2026-06-02,10:15,AMZN,P,60,256.86,2,True,False,True,True,False,False
2026-06-02T10:15:00-04:00,2026-06-02,10:15,NVDA,C,55,229.76,2,True,False,False,True,False,True
2026-06-02T10:15:00-04:00,2026-06-02,10:15,GOOGL,P,55,368.26,2,True,False,False,True,False,True
2026-06-02T10:15:00-04:00,2026-06-02,10:15,AVGO,C,70,480.13,2,True,False,True,True,False,True
2026-06-02T10:30:00-04:00,2026-06-02,10:30,AMZN,P,60,257.78,3,True,False,True,True,False,False
2026-06-02T10:30:00-04:00,2026-06-02,10:30,GOOGL,P,55,370.4,3,True,False,False,True,False,True
2026-06-02T10:30:00-04:00,2026-06-02,10:30,AVGO,C,60,479.44,3,True,False,True,True,False,False
2026-06-02T10:45:00-04:00,2026-06-02,10:45,AVGO,C,60,480.41,4,True,False,True,True,False,False
2026-06-02T11:00:00-04:00,2026-06-02,11:00,AVGO,C,60,479.9,5,True,False,True,True,False,False
2026-06-02T11:15:00-04:00,2026-06-02,11:15,QQQ,C,45,745.1,2,True,False,False,True,False,False
2026-06-02T11:15:00-04:00,2026-06-02,11:15,GOOGL,P,45,369.9,4,True,False,False,True,False,False
2026-06-02T11:15:00-04:00,2026-06-02,11:15,AVGO,C,60,480.56,6,True,False,True,True,False,False
2026-06-02T11:30:00-04:00,2026-06-02,11:30,QQQ,C,45,745.1,3,True,False,False,True,False,False
2026-06-02T11:30:00-04:00,2026-06-02,11:30,AAPL,C,45,312.71,1,True,False,False,True,False,False
2026-06-02T11:30:00-04:00,2026-06-02,11:30,GOOGL,P,45,369.67,5,True,False,False,True,False,False
2026-06-02T11:30:00-04:00,2026-06-02,11:30,AVGO,C,45,480.65,7,True,False,False,True,False,False
2026-06-02T11:45:00-04:00,2026-06-02,11:45,QQQ,C,45,745.14,4,True,False,False,True,False,False
2026-06-02T11:45:00-04:00,2026-06-02,11:45,AAPL,C,45,312.88,2,True,False,False,True,False,False
2026-06-02T11:45:00-04:00,2026-06-02,11:45,NVDA,C,50,225.51,3,True,False,True,False,True,False
2026-06-02T11:45:00-04:00,2026-06-02,11:45,GOOGL,P,45,367.51,6,True,False,False,True,False,False
2026-06-02T11:45:00-04:00,2026-06-02,11:45,AVGO,C,80,482.33,8,True,True,True,True,False,False
2026-06-02T12:00:00-04:00,2026-06-02,12:00,QQQ,C,45,745.7,5,True,False,False,True,False,False
2026-06-02T12:00:00-04:00,2026-06-02,12:00,AAPL,C,45,312.42,3,True,False,False,True,False,False
2026-06-02T12:00:00-04:00,2026-06-02,12:00,AMZN,P,45,259.33,4,True,False,False,True,False,False
2026-06-02T12:00:00-04:00,2026-06-02,12:00,NVDA,C,50,225.46,4,True,False,True,False,True,False
2026-06-02T12:00:00-04:00,2026-06-02,12:00,GOOGL,P,60,366.56,7,True,False,True,True,False,False
2026-06-02T12:00:00-04:00,2026-06-02,12:00,AVGO,C,45,483.67,9,True,False,False,True,False,False
2026-06-02T12:15:00-04:00,2026-06-02,12:15,QQQ,C,45,745.93,6,True,False,False,True,False,False
2026-06-02T12:15:00-04:00,2026-06-02,12:15,IWM,C,45,291.32,1,True,False,False,True,False,False
2026-06-02T12:15:00-04:00,2026-06-02,12:15,AAPL,C,45,312.5,4,True,False,False,True,False,False
2026-06-02T12:15:00-04:00,2026-06-02,12:15,AMZN,P,45,259.07,5,True,False,False,True,False,False
2026-06-02T12:15:00-04:00,2026-06-02,12:15,NVDA,C,50,225.66,5,True,False,True,False,True,False
2026-06-02T12:15:00-04:00,2026-06-02,12:15,GOOGL,P,45,367.52,8,True,False,False,True,False,False
2026-06-02T12:15:00-04:00,2026-06-02,12:15,AVGO,C,45,484.57,10,True,False,False,True,False,False
2026-06-02T12:30:00-04:00,2026-06-02,12:30,QQQ,C,45,744.95,7,True,False,False,True,False,False
2026-06-02T12:30:00-04:00,2026-06-02,12:30,AAPL,C,45,312.49,5,True,False,False,True,False,False
2026-06-02T12:30:00-04:00,2026-06-02,12:30,AMZN,P,45,259.22,6,True,False,False,True,False,False
2026-06-02T12:30:00-04:00,2026-06-02,12:30,MSFT,C,45,445.78,1,False,True,True,False,True,False
2026-06-02T12:30:00-04:00,2026-06-02,12:30,GOOGL,P,45,367.24,9,True,False,False,True,False,False
2026-06-02T12:30:00-04:00,2026-06-02,12:30,AVGO,C,45,482.98,11,True,False,False,True,False,False
2026-06-02T12:45:00-04:00,2026-06-02,12:45,QQQ,C,45,744.7,8,True,False,False,True,False,False
2026-06-02T12:45:00-04:00,2026-06-02,12:45,AMZN,P,45,258.62,7,True,False,False,True,False,False
2026-06-02T12:45:00-04:00,2026-06-02,12:45,NVDA,C,50,225.12,6,True,False,True,False,True,False
2026-06-02T12:45:00-04:00,2026-06-02,12:45,GOOGL,P,45,366.86,10,True,False,False,True,False,False
2026-06-02T13:00:00-04:00,2026-06-02,13:00,QQQ,C,45,745.76,9,True,False,False,True,False,False
2026-06-02T13:00:00-04:00,2026-06-02,13:00,AAPL,C,45,314.29,6,True,False,False,True,False,False
2026-06-02T13:00:00-04:00,2026-06-02,13:00,NVDA,C,50,225.26,7,True,False,True,False,True,False
2026-06-02T13:15:00-04:00,2026-06-02,13:15,QQQ,C,45,745.82,10,True,False,False,True,False,False
2026-06-02T13:15:00-04:00,2026-06-02,13:15,AAPL,C,45,314.98,7,True,False,False,True,False,False
2026-06-02T13:15:00-04:00,2026-06-02,13:15,NVDA,C,50,225.43,8,True,False,True,False,True,False
2026-06-02T13:30:00-04:00,2026-06-02,13:30,QQQ,C,55,744.55,11,True,False,False,True,True,False
2026-06-02T13:30:00-04:00,2026-06-02,13:30,AAPL,C,45,314.68,8,True,False,False,True,False,False
2026-06-02T13:30:00-04:00,2026-06-02,13:30,AMZN,P,80,257.62,8,True,True,True,True,False,False
2026-06-02T13:45:00-04:00,2026-06-02,13:45,QQQ,C,55,744.38,12,True,False,False,True,True,False
2026-06-02T13:45:00-04:00,2026-06-02,13:45,AAPL,C,45,314.83,9,True,False,False,True,False,False
2026-06-03T10:00:00-04:00,2026-06-03,10:00,AAPL,C,50,314.89,1,True,False,True,False,False,True
2026-06-03T10:00:00-04:00,2026-06-03,10:00,AMZN,P,55,255.39,1,True,False,False,True,False,True
2026-06-03T10:00:00-04:00,2026-06-03,10:00,MSFT,P,55,431.4,1,True,False,False,True,False,True
2026-06-03T10:00:00-04:00,2026-06-03,10:00,META,P,60,612.1,1,True,False,True,False,True,True
2026-06-03T10:00:00-04:00,2026-06-03,10:00,GOOGL,C,55,364.18,1,False,True,True,False,True,True
2026-06-03T10:00:00-04:00,2026-06-03,10:00,AVGO,C,50,478.01,1,True,False,True,False,False,True
2026-06-03T10:15:00-04:00,2026-06-03,10:15,QQQ,C,50,745.71,1,True,False,True,False,False,True
2026-06-03T10:15:00-04:00,2026-06-03,10:15,AMZN,P,45,254.07,2,True,False,False,True,False,False
2026-06-03T10:15:00-04:00,2026-06-03,10:15,MSFT,P,45,432.48,2,True,False,False,True,False,False
2026-06-03T10:15:00-04:00,2026-06-03,10:15,NVDA,P,55,216.31,1,True,False,False,True,False,True
2026-06-03T10:30:00-04:00,2026-06-03,10:30,QQQ,C,50,746.55,2,True,False,True,False,False,True
2026-06-03T10:30:00-04:00,2026-06-03,10:30,AAPL,C,50,314.35,2,True,False,True,False,True,False
2026-06-03T10:30:00-04:00,2026-06-03,10:30,AMZN,P,55,252.73,3,True,False,False,True,False,True
2026-06-03T10:30:00-04:00,2026-06-03,10:30,MSFT,P,45,430.82,3,True,False,False,True,False,False
2026-06-03T10:30:00-04:00,2026-06-03,10:30,NVDA,P,55,216.17,2,True,False,False,True,False,True
2026-06-03T10:30:00-04:00,2026-06-03,10:30,GOOGL,P,45,361.48,1,True,False,False,True,False,False
2026-06-03T10:45:00-04:00,2026-06-03,10:45,IWM,P,60,289.01,1,True,False,True,True,False,False
2026-06-03T10:45:00-04:00,2026-06-03,10:45,AMZN,P,45,252.59,4,True,False,False,True,False,False
2026-06-03T10:45:00-04:00,2026-06-03,10:45,MSFT,P,55,428.24,4,True,False,False,True,False,True
2026-06-03T10:45:00-04:00,2026-06-03,10:45,NVDA,P,45,215.39,3,True,False,False,True,False,False
2026-06-03T11:00:00-04:00,2026-06-03,11:00,QQQ,C,50,745.19,3,True,False,True,False,True,False
2026-06-03T11:00:00-04:00,2026-06-03,11:00,IWM,P,60,289.14,2,True,False,True,True,False,False
2026-06-03T11:00:00-04:00,2026-06-03,11:00,AMZN,P,55,251.77,5,True,False,False,True,False,True
2026-06-03T11:00:00-04:00,2026-06-03,11:00,MSFT,P,45,427.36,5,True,False,False,True,False,False
2026-06-03T11:00:00-04:00,2026-06-03,11:00,NVDA,P,45,215.75,4,True,False,False,True,False,False
2026-06-03T11:00:00-04:00,2026-06-03,11:00,GOOGL,P,45,361.25,2,True,False,False,True,False,False
2026-06-03T11:00:00-04:00,2026-06-03,11:00,AVGO,C,45,485.88,2,True,False,False,True,False,False
2026-06-03T11:00:00-04:00,2026-06-03,11:00,TSLA,C,45,432.87,1,True,False,False,True,False,False
2026-06-03T11:15:00-04:00,2026-06-03,11:15,QQQ,C,70,745.83,4,True,False,True,True,True,False
2026-06-03T11:15:00-04:00,2026-06-03,11:15,IWM,P,80,288.46,3,True,True,True,True,False,False
2026-06-03T11:15:00-04:00,2026-06-03,11:15,AMZN,P,55,250.35,6,True,False,False,True,False,True
2026-06-03T11:15:00-04:00,2026-06-03,11:15,MSFT,P,45,425.96,6,True,False,False,True,False,False
2026-06-03T11:15:00-04:00,2026-06-03,11:15,GOOGL,P,45,359.7,3,True,False,False,True,False,False
2026-06-03T11:15:00-04:00,2026-06-03,11:15,AVGO,C,45,488.24,3,True,False,False,True,False,False
2026-06-03T11:15:00-04:00,2026-06-03,11:15,TSLA,C,45,431.34,2,True,False,False,True,False,False
2026-06-03T11:30:00-04:00,2026-06-03,11:30,QQQ,C,70,745.22,5,True,False,True,True,True,False
2026-06-03T11:30:00-04:00,2026-06-03,11:30,IWM,P,45,288.49,4,True,False,False,True,False,False
2026-06-03T11:30:00-04:00,2026-06-03,11:30,AMZN,P,45,250.29,7,True,False,False,True,False,False
2026-06-03T11:30:00-04:00,2026-06-03,11:30,MSFT,P,45,427.74,7,True,False,False,True,False,False
2026-06-03T11:30:00-04:00,2026-06-03,11:30,META,C,45,616.25,1,True,False,False,True,False,False
2026-06-03T11:30:00-04:00,2026-06-03,11:30,GOOGL,P,45,359.64,4,True,False,False,True,False,False
2026-06-03T11:30:00-04:00,2026-06-03,11:30,AVGO,C,45,487.98,4,True,False,False,True,False,False
2026-06-03T11:30:00-04:00,2026-06-03,11:30,TSLA,C,45,429.86,3,True,False,False,True,False,False
2026-06-03T11:45:00-04:00,2026-06-03,11:45,IWM,P,45,287.75,5,True,False,False,True,False,False
2026-06-03T11:45:00-04:00,2026-06-03,11:45,AMZN,P,55,250.12,8,True,False,False,True,False,True
2026-06-03T11:45:00-04:00,2026-06-03,11:45,MSFT,P,45,426.62,8,True,False,False,True,False,False
2026-06-03T11:45:00-04:00,2026-06-03,11:45,META,C,45,614.82,2,True,False,False,True,False,False
2026-06-03T11:45:00-04:00,2026-06-03,11:45,GOOGL,P,45,360.01,5,True,False,False,True,False,False
2026-06-03T11:45:00-04:00,2026-06-03,11:45,AVGO,C,45,486.17,5,True,False,False,True,False,False
2026-06-03T12:00:00-04:00,2026-06-03,12:00,IWM,P,45,288.18,6,True,False,False,True,False,False
2026-06-03T12:00:00-04:00,2026-06-03,12:00,AMZN,P,45,250.13,9,True,False,False,True,False,False
2026-06-03T12:00:00-04:00,2026-06-03,12:00,MSFT,P,45,427.05,9,True,False,False,True,False,False
2026-06-03T12:00:00-04:00,2026-06-03,12:00,META,C,45,613.25,3,True,False,False,True,False,False
2026-06-03T12:00:00-04:00,2026-06-03,12:00,GOOGL,P,45,359.64,6,True,False,False,True,False,False
2026-06-03T12:00:00-04:00,2026-06-03,12:00,AVGO,C,45,485.79,6,True,False,False,True,False,False
2026-06-03T12:15:00-04:00,2026-06-03,12:15,IWM,P,45,288.04,7,True,False,False,True,False,False
2026-06-03T12:15:00-04:00,2026-06-03,12:15,AMZN,P,45,250.02,10,True,False,False,True,False,False
2026-06-03T12:15:00-04:00,2026-06-03,12:15,MSFT,P,45,426.06,10,True,False,False,True,False,False
2026-06-03T12:15:00-04:00,2026-06-03,12:15,META,C,45,613.62,4,True,False,False,True,False,False
2026-06-03T12:15:00-04:00,2026-06-03,12:15,AVGO,C,45,484.14,7,True,False,False,True,False,False
2026-06-03T12:30:00-04:00,2026-06-03,12:30,IWM,P,45,287.26,8,True,False,False,True,False,False
2026-06-03T12:30:00-04:00,2026-06-03,12:30,AMZN,P,45,249.07,11,True,False,False,True,False,False
2026-06-03T12:30:00-04:00,2026-06-03,12:30,MSFT,P,45,425.48,11,True,False,False,True,False,False
2026-06-03T12:30:00-04:00,2026-06-03,12:30,META,C,45,613.21,5,True,False,False,True,False,False
2026-06-03T12:30:00-04:00,2026-06-03,12:30,AVGO,C,45,484.33,8,True,False,False,True,False,False
2026-06-03T12:45:00-04:00,2026-06-03,12:45,IWM,P,45,286.91,9,True,False,False,True,False,False
2026-06-03T12:45:00-04:00,2026-06-03,12:45,AMZN,P,45,248.46,12,True,False,False,True,False,False
2026-06-03T12:45:00-04:00,2026-06-03,12:45,MSFT,P,45,424.35,12,True,False,False,True,False,False
2026-06-03T12:45:00-04:00,2026-06-03,12:45,META,C,45,613.92,6,True,False,False,True,False,False
2026-06-03T13:00:00-04:00,2026-06-03,13:00,IWM,P,45,287.45,10,True,False,False,True,False,False
2026-06-03T13:00:00-04:00,2026-06-03,13:00,AMZN,P,45,248.53,13,True,False,False,True,False,False
2026-06-03T13:00:00-04:00,2026-06-03,13:00,META,C,45,619.65,7,True,False,False,True,False,False
2026-06-03T13:15:00-04:00,2026-06-03,13:15,IWM,P,45,287.32,11,True,False,False,True,False,False
2026-06-03T13:15:00-04:00,2026-06-03,13:15,AMZN,P,45,247.96,14,True,False,False,True,False,False
2026-06-03T13:15:00-04:00,2026-06-03,13:15,META,C,45,617.46,8,True,False,False,True,False,False
2026-06-03T13:30:00-04:00,2026-06-03,13:30,AAPL,P,45,309.21,1,True,False,False,True,False,False
2026-06-03T13:30:00-04:00,2026-06-03,13:30,TSLA,P,45,419.48,1,True,False,False,True,False,False
2026-06-03T13:45:00-04:00,2026-06-03,13:45,AAPL,P,45,309.48,2,True,False,False,True,False,False
2026-06-03T13:45:00-04:00,2026-06-03,13:45,TSLA,P,60,421.67,2,True,False,True,True,False,False
2026-06-03T14:00:00-04:00,2026-06-03,14:00,QQQ,C,45,744.59,6,False,True,True,False,True,False
2026-06-03T14:00:00-04:00,2026-06-03,14:00,AAPL,P,45,309.31,3,True,False,False,True,False,False
2026-06-03T14:00:00-04:00,2026-06-03,14:00,TSLA,P,55,422.62,3,True,False,False,True,True,False
2026-06-03T14:15:00-04:00,2026-06-03,14:15,GOOGL,P,45,359.28,7,True,False,False,True,False,False
2026-06-03T14:15:00-04:00,2026-06-03,14:15,TSLA,P,55,423.07,4,True,False,False,True,True,False
2026-06-04T10:00:00-04:00,2026-06-04,10:00,QQQ,P,70,735.0,1,True,False,True,True,False,True
2026-06-04T10:00:00-04:00,2026-06-04,10:00,AAPL,C,55,312.38,1,False,True,True,True,False,False
2026-06-04T10:00:00-04:00,2026-06-04,10:00,AMZN,C,55,254.64,1,False,True,True,True,False,False
2026-06-04T10:00:00-04:00,2026-06-04,10:00,MSFT,C,55,432.48,1,False,True,True,True,False,False
2026-06-04T10:00:00-04:00,2026-06-04,10:00,META,C,55,638.8,1,True,False,False,True,False,True
2026-06-04T10:00:00-04:00,2026-06-04,10:00,NVDA,P,55,212.34,1,True,False,False,True,False,True
2026-06-04T10:00:00-04:00,2026-06-04,10:00,AVGO,P,55,404.05,1,True,False,False,True,False,True
2026-06-04T10:15:00-04:00,2026-06-04,10:15,QQQ,C,45,735.69,1,False,True,True,False,False,True
2026-06-04T10:15:00-04:00,2026-06-04,10:15,QQQ,P,70,735.69,2,True,False,True,True,False,True
2026-06-04T10:15:00-04:00,2026-06-04,10:15,AAPL,C,45,311.4,2,False,False,True,True,True,False
2026-06-04T10:15:00-04:00,2026-06-04,10:15,META,C,55,637.42,2,True,False,False,True,False,True
2026-06-04T10:15:00-04:00,2026-06-04,10:15,NVDA,P,55,212.7,2,True,False,False,True,False,True
2026-06-04T10:15:00-04:00,2026-06-04,10:15,AVGO,C,45,408.17,1,False,True,True,False,False,True
2026-06-04T10:15:00-04:00,2026-06-04,10:15,AVGO,P,55,408.17,2,True,False,False,True,False,True
2026-06-04T10:15:00-04:00,2026-06-04,10:15,TSLA,P,60,425.11,1,True,False,True,False,True,True
2026-06-04T10:30:00-04:00,2026-06-04,10:30,QQQ,P,60,737.19,3,True,False,True,True,False,False
2026-06-04T10:30:00-04:00,2026-06-04,10:30,MSFT,C,45,430.14,2,False,False,True,True,True,False
2026-06-04T10:30:00-04:00,2026-06-04,10:30,META,C,45,638.01,3,True,False,False,True,False,False
2026-06-04T10:30:00-04:00,2026-06-04,10:30,NVDA,C,45,213.49,1,False,True,True,False,True,False
2026-06-04T10:30:00-04:00,2026-06-04,10:30,AVGO,P,45,405.75,3,True,False,False,True,False,False
2026-06-04T10:45:00-04:00,2026-06-04,10:45,QQQ,P,60,736.18,4,True,False,True,True,False,False
2026-06-04T10:45:00-04:00,2026-06-04,10:45,MSFT,C,45,431.27,3,False,False,True,True,True,False
2026-06-04T10:45:00-04:00,2026-06-04,10:45,META,C,45,638.48,4,True,False,False,True,False,False
2026-06-04T10:45:00-04:00,2026-06-04,10:45,AVGO,P,45,410.76,4,True,False,False,True,False,False
2026-06-04T10:45:00-04:00,2026-06-04,10:45,TSLA,P,45,419.26,2,True,False,False,True,False,False
2026-06-04T11:00:00-04:00,2026-06-04,11:00,QQQ,P,60,737.52,5,True,False,True,True,False,False
2026-06-04T11:00:00-04:00,2026-06-04,11:00,META,C,45,640.07,5,True,False,False,True,False,False
2026-06-04T11:00:00-04:00,2026-06-04,11:00,NVDA,P,50,215.41,3,True,False,True,False,True,False
2026-06-04T11:00:00-04:00,2026-06-04,11:00,AVGO,P,45,408.53,5,True,False,False,True,False,False
2026-06-04T11:00:00-04:00,2026-06-04,11:00,TSLA,P,45,418.52,3,True,False,False,True,False,False
2026-06-04T11:15:00-04:00,2026-06-04,11:15,IWM,C,45,291.7,1,True,False,False,True,False,False
2026-06-04T11:15:00-04:00,2026-06-04,11:15,AAPL,C,45,310.86,3,False,False,True,True,True,False
2026-06-04T11:15:00-04:00,2026-06-04,11:15,META,C,45,638.27,6,True,False,False,True,False,False
2026-06-04T11:15:00-04:00,2026-06-04,11:15,AVGO,P,45,412.3,6,True,False,False,True,False,False
2026-06-04T11:30:00-04:00,2026-06-04,11:30,IWM,C,45,291.61,2,True,False,False,True,False,False
2026-06-04T11:30:00-04:00,2026-06-04,11:30,META,C,45,638.49,7,True,False,False,True,False,False
2026-06-04T11:30:00-04:00,2026-06-04,11:30,AVGO,P,60,413.37,7,True,False,True,True,False,False
2026-06-04T11:30:00-04:00,2026-06-04,11:30,TSLA,P,45,419.89,4,True,False,False,True,False,False
2026-06-04T11:45:00-04:00,2026-06-04,11:45,QQQ,P,45,739.06,6,True,False,False,True,False,False
2026-06-04T11:45:00-04:00,2026-06-04,11:45,IWM,C,45,290.86,3,True,False,False,True,False,False
2026-06-04T11:45:00-04:00,2026-06-04,11:45,AVGO,P,60,413.01,8,True,False,True,True,False,False
2026-06-04T11:45:00-04:00,2026-06-04,11:45,TSLA,P,45,417.85,5,True,False,False,True,False,False
2026-06-04T12:00:00-04:00,2026-06-04,12:00,IWM,C,45,290.88,4,True,False,False,True,False,False
2026-06-04T12:00:00-04:00,2026-06-04,12:00,AVGO,P,65,408.18,9,True,True,False,True,False,False
2026-06-04T12:00:00-04:00,2026-06-04,12:00,TSLA,P,45,418.77,6,True,False,False,True,False,False
2026-06-04T12:15:00-04:00,2026-06-04,12:15,IWM,C,45,290.93,5,True,False,False,True,False,False
2026-06-04T12:15:00-04:00,2026-06-04,12:15,GOOGL,C,45,371.6,1,True,False,False,True,False,False
2026-06-04T12:15:00-04:00,2026-06-04,12:15,AVGO,P,45,407.95,10,True,False,False,True,False,False
2026-06-04T12:15:00-04:00,2026-06-04,12:15,TSLA,P,45,419.36,7,True,False,False,True,False,False
2026-06-04T12:30:00-04:00,2026-06-04,12:30,IWM,C,45,291.23,6,True,False,False,True,False,False
2026-06-04T12:30:00-04:00,2026-06-04,12:30,AMZN,P,45,253.79,1,False,True,True,False,True,False
2026-06-04T12:30:00-04:00,2026-06-04,12:30,GOOGL,C,45,371.44,2,True,False,False,True,False,False
2026-06-04T12:30:00-04:00,2026-06-04,12:30,TSLA,P,45,419.2,8,True,False,False,True,False,False
2026-06-04T12:45:00-04:00,2026-06-04,12:45,AAPL,C,45,311.41,4,False,True,True,False,True,False
2026-06-04T12:45:00-04:00,2026-06-04,12:45,MSFT,P,55,428.9,1,True,False,False,True,True,False
2026-06-04T12:45:00-04:00,2026-06-04,12:45,GOOGL,C,45,371.5,3,True,False,False,True,False,False
2026-06-04T13:00:00-04:00,2026-06-04,13:00,IWM,C,45,291.43,7,True,False,False,True,False,False
2026-06-04T13:00:00-04:00,2026-06-04,13:00,MSFT,P,45,426.84,2,True,False,False,True,False,False
2026-06-04T13:00:00-04:00,2026-06-04,13:00,GOOGL,C,45,371.83,4,True,False,False,True,False,False
2026-06-04T13:00:00-04:00,2026-06-04,13:00,TSLA,P,45,418.8,9,True,False,False,True,False,False
2026-06-04T13:15:00-04:00,2026-06-04,13:15,MSFT,P,45,426.55,3,True,False,False,True,False,False
2026-06-04T13:15:00-04:00,2026-06-04,13:15,GOOGL,C,45,372.94,5,True,False,False,True,False,False
2026-06-04T13:15:00-04:00,2026-06-04,13:15,TSLA,P,45,419.2,10,True,False,False,True,False,False
2026-06-04T13:30:00-04:00,2026-06-04,13:30,MSFT,P,45,426.93,4,True,False,False,True,False,False
2026-06-04T13:30:00-04:00,2026-06-04,13:30,GOOGL,C,45,373.11,6,True,False,False,True,False,False
2026-06-04T13:45:00-04:00,2026-06-04,13:45,MSFT,P,45,426.93,5,True,False,False,True,False,False
2026-06-04T13:45:00-04:00,2026-06-04,13:45,TSLA,P,45,419.11,11,True,False,False,True,False,False
2026-06-04T14:00:00-04:00,2026-06-04,14:00,MSFT,P,45,427.76,6,True,False,False,True,False,False
2026-06-04T14:15:00-04:00,2026-06-04,14:15,AAPL,C,45,311.32,5,False,False,True,True,True,False
2026-06-04T14:15:00-04:00,2026-06-04,14:15,MSFT,P,55,427.89,7,True,False,False,True,True,False
2026-06-05T10:00:00-04:00,2026-06-05,10:00,SPY,P,70,748.73,1,True,False,True,True,False,True
2026-06-05T10:00:00-04:00,2026-06-05,10:00,QQQ,P,55,723.7,1,True,False,False,True,False,True
2026-06-05T10:00:00-04:00,2026-06-05,10:00,AAPL,C,70,313.66,1,True,False,True,True,False,True
2026-06-05T10:00:00-04:00,2026-06-05,10:00,NVDA,P,45,211.98,1,True,False,False,True,False,False
2026-06-05T10:00:00-04:00,2026-06-05,10:00,GOOGL,C,45,369.67,1,True,False,False,False,True,True
2026-06-05T10:00:00-04:00,2026-06-05,10:00,TSLA,P,55,409.65,1,True,False,False,True,False,True
2026-06-05T10:15:00-04:00,2026-06-05,10:15,SPY,P,55,750.11,2,True,False,False,True,False,True
2026-06-05T10:15:00-04:00,2026-06-05,10:15,QQQ,P,55,726.13,2,True,False,False,True,False,True
2026-06-05T10:15:00-04:00,2026-06-05,10:15,AAPL,C,70,313.56,2,True,False,True,True,False,True
2026-06-05T10:15:00-04:00,2026-06-05,10:15,MSFT,P,45,422.79,1,True,False,False,True,False,False
2026-06-05T10:15:00-04:00,2026-06-05,10:15,NVDA,P,55,212.38,2,True,False,False,True,False,True
2026-06-05T10:15:00-04:00,2026-06-05,10:15,AVGO,P,45,399.1,1,True,False,False,True,False,False
2026-06-05T10:15:00-04:00,2026-06-05,10:15,TSLA,P,55,409.52,2,True,False,False,True,False,True
2026-06-05T10:30:00-04:00,2026-06-05,10:30,SPY,P,60,749.22,3,True,False,True,True,False,False
2026-06-05T10:30:00-04:00,2026-06-05,10:30,QQQ,P,45,724.96,3,True,False,False,True,False,False
2026-06-05T10:30:00-04:00,2026-06-05,10:30,IWM,P,45,286.42,1,True,False,False,True,False,False
2026-06-05T10:30:00-04:00,2026-06-05,10:30,AAPL,C,70,313.42,3,True,False,True,True,False,True
2026-06-05T10:30:00-04:00,2026-06-05,10:30,MSFT,P,45,423.06,2,True,False,False,True,False,False
2026-06-05T10:30:00-04:00,2026-06-05,10:30,NVDA,P,45,211.26,3,True,False,False,True,False,False
2026-06-05T10:30:00-04:00,2026-06-05,10:30,AVGO,P,45,399.75,2,True,False,False,True,False,False
2026-06-05T10:30:00-04:00,2026-06-05,10:30,TSLA,P,55,406.71,3,True,False,False,True,False,True
2026-06-05T10:45:00-04:00,2026-06-05,10:45,SPY,P,60,749.56,4,True,False,True,True,False,False
2026-06-05T10:45:00-04:00,2026-06-05,10:45,QQQ,P,45,725.44,4,True,False,False,True,False,False
2026-06-05T10:45:00-04:00,2026-06-05,10:45,IWM,C,45,287.31,1,False,True,True,False,True,False
2026-06-05T10:45:00-04:00,2026-06-05,10:45,IWM,P,45,287.31,2,True,False,False,True,False,False
2026-06-05T10:45:00-04:00,2026-06-05,10:45,AAPL,C,60,314.16,4,True,False,True,True,False,False
2026-06-05T10:45:00-04:00,2026-06-05,10:45,MSFT,P,45,421.45,3,True,False,False,True,False,False
2026-06-05T10:45:00-04:00,2026-06-05,10:45,NVDA,P,45,211.08,4,True,False,False,True,False,False
2026-06-05T10:45:00-04:00,2026-06-05,10:45,AVGO,P,45,400.3,3,True,False,False,True,False,False
2026-06-05T10:45:00-04:00,2026-06-05,10:45,TSLA,P,45,406.42,4,True,False,False,True,False,False
2026-06-05T11:00:00-04:00,2026-06-05,11:00,SPY,P,45,749.88,5,True,False,False,True,False,False
2026-06-05T11:00:00-04:00,2026-06-05,11:00,QQQ,P,45,725.66,5,True,False,False,True,False,False
2026-06-05T11:00:00-04:00,2026-06-05,11:00,IWM,P,45,287.8,3,True,False,False,True,False,False
2026-06-05T11:00:00-04:00,2026-06-05,11:00,AMZN,P,55,253.27,1,True,False,False,True,True,False
2026-06-05T11:00:00-04:00,2026-06-05,11:00,MSFT,P,45,421.39,4,True,False,False,True,False,False
2026-06-05T11:00:00-04:00,2026-06-05,11:00,NVDA,P,45,210.79,5,True,False,False,True,False,False
2026-06-05T11:00:00-04:00,2026-06-05,11:00,AVGO,P,45,400.33,4,True,False,False,True,False,False
2026-06-05T11:00:00-04:00,2026-06-05,11:00,TSLA,P,45,405.39,5,True,False,False,True,False,False
2026-06-05T11:15:00-04:00,2026-06-05,11:15,SPY,P,45,748.3,6,True,False,False,True,False,False
2026-06-05T11:15:00-04:00,2026-06-05,11:15,QQQ,P,45,722.58,6,True,False,False,True,False,False
2026-06-05T11:15:00-04:00,2026-06-05,11:15,IWM,P,45,286.39,4,True,False,False,True,False,False
2026-06-05T11:15:00-04:00,2026-06-05,11:15,AMZN,P,55,252.9,2,True,False,False,True,True,False
2026-06-05T11:15:00-04:00,2026-06-05,11:15,MSFT,P,45,421.96,5,True,False,False,True,False,False
2026-06-05T11:15:00-04:00,2026-06-05,11:15,META,P,45,613.73,1,True,False,False,True,False,False
2026-06-05T11:15:00-04:00,2026-06-05,11:15,NVDA,P,45,209.38,6,True,False,False,True,False,False
2026-06-05T11:15:00-04:00,2026-06-05,11:15,AVGO,P,45,398.46,5,True,False,False,True,False,False
2026-06-05T11:15:00-04:00,2026-06-05,11:15,TSLA,P,55,401.9,6,True,False,False,True,False,True
2026-06-05T11:30:00-04:00,2026-06-05,11:30,SPY,P,45,748.15,7,True,False,False,True,False,False
2026-06-05T11:30:00-04:00,2026-06-05,11:30,QQQ,P,45,722.32,7,True,False,False,True,False,False
2026-06-05T11:30:00-04:00,2026-06-05,11:30,IWM,P,45,286.24,5,True,False,False,True,False,False
2026-06-05T11:30:00-04:00,2026-06-05,11:30,MSFT,P,55,422.25,6,True,False,False,True,False,True
2026-06-05T11:30:00-04:00,2026-06-05,11:30,META,P,45,613.47,2,True,False,False,True,False,False
2026-06-05T11:30:00-04:00,2026-06-05,11:30,NVDA,P,45,208.71,7,True,False,False,True,False,False
2026-06-05T11:30:00-04:00,2026-06-05,11:30,AVGO,P,45,398.3,6,True,False,False,True,False,False
2026-06-05T11:30:00-04:00,2026-06-05,11:30,TSLA,P,45,402.69,7,True,False,False,True,False,False
2026-06-05T11:45:00-04:00,2026-06-05,11:45,SPY,P,45,746.58,8,True,False,False,True,False,False
2026-06-05T11:45:00-04:00,2026-06-05,11:45,QQQ,P,45,720.58,8,True,False,False,True,False,False
2026-06-05T11:45:00-04:00,2026-06-05,11:45,IWM,P,45,285.58,6,True,False,False,True,False,False
2026-06-05T11:45:00-04:00,2026-06-05,11:45,AMZN,P,55,252.98,3,True,False,False,True,True,False
2026-06-05T11:45:00-04:00,2026-06-05,11:45,MSFT,P,45,421.04,7,True,False,False,True,False,False
2026-06-05T11:45:00-04:00,2026-06-05,11:45,META,P,45,611.79,3,True,False,False,True,False,False
2026-06-05T11:45:00-04:00,2026-06-05,11:45,NVDA,P,45,208.16,8,True,False,False,True,False,False
2026-06-05T11:45:00-04:00,2026-06-05,11:45,AVGO,P,45,395.46,7,True,False,False,True,False,False
2026-06-05T11:45:00-04:00,2026-06-05,11:45,TSLA,P,45,401.23,8,True,False,False,True,False,False
2026-06-05T12:00:00-04:00,2026-06-05,12:00,SPY,P,45,746.58,9,True,False,False,True,False,False
2026-06-05T12:00:00-04:00,2026-06-05,12:00,QQQ,P,45,720.99,9,True,False,False,True,False,False
2026-06-05T12:00:00-04:00,2026-06-05,12:00,IWM,P,45,285.57,7,True,False,False,True,False,False
2026-06-05T12:00:00-04:00,2026-06-05,12:00,MSFT,P,45,420.69,8,True,False,False,True,False,False
2026-06-05T12:00:00-04:00,2026-06-05,12:00,NVDA,P,45,209.33,9,True,False,False,True,False,False
2026-06-05T12:00:00-04:00,2026-06-05,12:00,AVGO,P,45,395.46,8,True,False,False,True,False,False
2026-06-05T12:00:00-04:00,2026-06-05,12:00,TSLA,P,45,401.33,9,True,False,False,True,False,False
2026-06-05T12:15:00-04:00,2026-06-05,12:15,SPY,P,45,745.47,10,True,False,False,True,False,False
2026-06-05T12:15:00-04:00,2026-06-05,12:15,QQQ,P,45,719.33,10,True,False,False,True,False,False
2026-06-05T12:15:00-04:00,2026-06-05,12:15,IWM,P,45,285.0,8,True,False,False,True,False,False
2026-06-05T12:15:00-04:00,2026-06-05,12:15,MSFT,P,45,420.14,9,True,False,False,True,False,False
2026-06-05T12:15:00-04:00,2026-06-05,12:15,NVDA,P,45,208.81,10,True,False,False,True,False,False
2026-06-05T12:15:00-04:00,2026-06-05,12:15,AVGO,P,45,393.56,9,True,False,False,True,False,False
2026-06-05T12:15:00-04:00,2026-06-05,12:15,TSLA,P,45,399.19,10,True,False,False,True,False,False
2026-06-05T12:30:00-04:00,2026-06-05,12:30,SPY,P,45,744.74,11,True,False,False,True,False,False
2026-06-05T12:30:00-04:00,2026-06-05,12:30,QQQ,P,45,718.08,11,True,False,False,True,False,False
2026-06-05T12:30:00-04:00,2026-06-05,12:30,IWM,P,45,284.47,9,True,False,False,True,False,False
2026-06-05T12:30:00-04:00,2026-06-05,12:30,MSFT,P,45,419.8,10,True,False,False,True,False,False
2026-06-05T12:30:00-04:00,2026-06-05,12:30,NVDA,P,45,208.73,11,True,False,False,True,False,False
2026-06-05T12:30:00-04:00,2026-06-05,12:30,AVGO,P,45,394.03,10,True,False,False,True,False,False
2026-06-05T12:30:00-04:00,2026-06-05,12:30,TSLA,P,45,399.0,11,True,False,False,True,False,False
2026-06-05T12:45:00-04:00,2026-06-05,12:45,SPY,P,45,743.27,12,True,False,False,True,False,False
2026-06-05T12:45:00-04:00,2026-06-05,12:45,QQQ,P,55,715.39,12,True,False,False,True,False,True
2026-06-05T12:45:00-04:00,2026-06-05,12:45,IWM,P,45,283.63,10,True,False,False,True,False,False
2026-06-05T12:45:00-04:00,2026-06-05,12:45,MSFT,P,45,419.55,11,True,False,False,True,False,False
2026-06-05T12:45:00-04:00,2026-06-05,12:45,META,P,45,609.28,4,True,False,False,True,False,False
2026-06-05T12:45:00-04:00,2026-06-05,12:45,NVDA,P,45,207.4,12,True,False,False,True,False,False
2026-06-05T12:45:00-04:00,2026-06-05,12:45,AVGO,P,45,392.92,11,True,False,False,True,False,False
2026-06-05T12:45:00-04:00,2026-06-05,12:45,TSLA,P,45,397.02,12,True,False,False,True,False,False
2026-06-05T13:00:00-04:00,2026-06-05,13:00,MSFT,P,45,420.05,12,True,False,False,True,False,False
2026-06-05T13:00:00-04:00,2026-06-05,13:00,GOOGL,C,50,369.46,2,False,True,False,True,True,False
2026-06-05T13:00:00-04:00,2026-06-05,13:00,TSLA,P,45,397.73,13,True,False,False,True,False,False
2026-06-05T13:15:00-04:00,2026-06-05,13:15,TSLA,P,45,395.82,14,True,False,False,True,False,False
2026-06-05T13:30:00-04:00,2026-06-05,13:30,TSLA,P,45,395.49,15,True,False,False,True,False,False
2026-06-05T13:45:00-04:00,2026-06-05,13:45,AMZN,P,45,253.37,4,True,False,False,False,True,True
2026-06-05T14:15:00-04:00,2026-06-05,14:15,AMZN,P,45,251.91,5,True,False,False,True,False,False
2026-06-05T14:15:00-04:00,2026-06-05,14:15,META,P,55,594.14,5,True,False,False,True,False,True
2026-06-08T10:00:00-04:00,2026-06-08,10:00,IWM,P,50,284.17,1,True,False,True,False,True,False
2026-06-08T10:00:00-04:00,2026-06-08,10:00,AMZN,P,60,247.03,1,True,False,True,True,False,False
2026-06-08T10:00:00-04:00,2026-06-08,10:00,MSFT,P,45,412.4,1,True,False,False,True,False,False
2026-06-08T10:00:00-04:00,2026-06-08,10:00,GOOGL,P,45,362.5,1,True,False,False,True,False,False
2026-06-08T10:15:00-04:00,2026-06-08,10:15,IWM,C,45,284.98,1,False,True,True,False,True,False
2026-06-08T10:15:00-04:00,2026-06-08,10:15,IWM,P,50,284.98,2,True,False,True,False,True,False
2026-06-08T10:15:00-04:00,2026-06-08,10:15,AMZN,P,45,246.96,2,True,False,False,True,False,False
2026-06-08T10:15:00-04:00,2026-06-08,10:15,MSFT,P,45,412.25,2,True,False,False,True,False,False
2026-06-08T10:15:00-04:00,2026-06-08,10:15,GOOGL,P,45,361.04,2,True,False,False,True,False,False
2026-06-08T10:30:00-04:00,2026-06-08,10:30,SPY,C,45,742.48,1,False,True,True,False,True,False
2026-06-08T10:30:00-04:00,2026-06-08,10:30,SPY,P,50,742.48,1,True,False,True,False,True,False
2026-06-08T10:30:00-04:00,2026-06-08,10:30,QQQ,P,50,717.56,1,True,False,True,False,True,False
2026-06-08T10:30:00-04:00,2026-06-08,10:30,IWM,C,45,285.31,2,False,False,True,True,True,False
2026-06-08T10:30:00-04:00,2026-06-08,10:30,IWM,P,50,285.31,3,True,False,True,False,True,False
2026-06-08T10:30:00-04:00,2026-06-08,10:30,AMZN,P,45,246.81,3,True,False,False,True,False,False
2026-06-08T10:30:00-04:00,2026-06-08,10:30,MSFT,P,45,412.73,3,True,False,False,True,False,False
2026-06-08T10:30:00-04:00,2026-06-08,10:30,GOOGL,P,45,361.61,3,True,False,False,True,False,False
2026-06-08T10:45:00-04:00,2026-06-08,10:45,SPY,P,50,742.57,2,True,False,True,False,True,False
2026-06-08T10:45:00-04:00,2026-06-08,10:45,QQQ,P,50,718.33,2,True,False,True,False,True,False
2026-06-08T10:45:00-04:00,2026-06-08,10:45,AMZN,P,45,246.48,4,True,False,False,True,False,False
2026-06-08T10:45:00-04:00,2026-06-08,10:45,MSFT,P,45,412.29,4,True,False,False,True,False,False
2026-06-08T10:45:00-04:00,2026-06-08,10:45,GOOGL,P,45,360.99,4,True,False,False,True,False,False
2026-06-08T10:45:00-04:00,2026-06-08,10:45,AVGO,C,45,396.42,1,False,False,True,True,True,False
2026-06-08T11:00:00-04:00,2026-06-08,11:00,SPY,C,45,744.99,2,False,False,True,True,True,False
2026-06-08T11:00:00-04:00,2026-06-08,11:00,MSFT,P,45,412.56,5,True,False,False,True,False,False
2026-06-08T11:00:00-04:00,2026-06-08,11:00,NVDA,C,65,208.53,1,False,True,True,True,True,False
2026-06-08T11:00:00-04:00,2026-06-08,11:00,GOOGL,C,45,364.2,1,False,True,True,False,True,False
2026-06-08T11:00:00-04:00,2026-06-08,11:00,AVGO,C,65,397.75,2,False,True,True,True,True,False
2026-06-08T11:15:00-04:00,2026-06-08,11:15,AAPL,C,45,314.29,1,True,False,False,True,False,False
2026-06-08T11:15:00-04:00,2026-06-08,11:15,AMZN,C,45,247.49,1,False,True,True,False,True,False
2026-06-08T11:15:00-04:00,2026-06-08,11:15,MSFT,P,45,412.86,6,True,False,False,True,False,False
2026-06-08T11:15:00-04:00,2026-06-08,11:15,NVDA,C,45,208.59,2,False,False,True,True,True,False
2026-06-08T11:30:00-04:00,2026-06-08,11:30,SPY,C,45,743.23,3,False,False,True,True,True,False
2026-06-08T11:30:00-04:00,2026-06-08,11:30,SPY,P,50,743.23,3,True,False,True,False,True,False
2026-06-08T11:30:00-04:00,2026-06-08,11:30,AAPL,C,45,313.93,2,True,False,False,True,False,False
2026-06-08T11:30:00-04:00,2026-06-08,11:30,MSFT,P,45,411.42,7,True,False,False,True,False,False
2026-06-08T11:30:00-04:00,2026-06-08,11:30,META,P,60,587.65,1,True,True,True,False,False,False
2026-06-08T11:45:00-04:00,2026-06-08,11:45,SPY,C,45,743.69,4,False,False,True,True,True,False
2026-06-08T11:45:00-04:00,2026-06-08,11:45,SPY,P,50,743.69,4,True,False,True,False,True,False
2026-06-08T11:45:00-04:00,2026-06-08,11:45,AAPL,C,45,314.18,3,True,False,False,True,False,False
2026-06-08T11:45:00-04:00,2026-06-08,11:45,MSFT,P,45,411.34,8,True,False,False,True,False,False
2026-06-08T11:45:00-04:00,2026-06-08,11:45,NVDA,C,45,208.68,3,False,False,True,True,True,False
2026-06-08T11:45:00-04:00,2026-06-08,11:45,GOOGL,P,45,362.74,5,True,True,False,False,False,False
2026-06-08T12:00:00-04:00,2026-06-08,12:00,SPY,C,45,742.77,5,False,False,True,True,True,False
2026-06-08T12:00:00-04:00,2026-06-08,12:00,SPY,P,70,742.77,5,True,True,True,False,True,False
2026-06-08T12:00:00-04:00,2026-06-08,12:00,AAPL,C,45,313.61,4,True,False,False,True,False,False
2026-06-08T12:00:00-04:00,2026-06-08,12:00,MSFT,P,45,410.39,9,True,False,False,True,False,False
2026-06-08T12:00:00-04:00,2026-06-08,12:00,NVDA,C,45,208.31,4,False,False,True,True,True,False
2026-06-08T12:15:00-04:00,2026-06-08,12:15,SPY,C,45,743.07,6,False,False,True,True,True,False
2026-06-08T12:15:00-04:00,2026-06-08,12:15,SPY,P,50,743.07,6,True,False,True,False,True,False
2026-06-08T12:15:00-04:00,2026-06-08,12:15,AAPL,C,45,314.05,5,True,False,False,True,False,False
2026-06-08T12:15:00-04:00,2026-06-08,12:15,MSFT,P,45,410.28,10,True,False,False,True,False,False
2026-06-08T12:15:00-04:00,2026-06-08,12:15,NVDA,C,45,208.92,5,False,False,True,True,True,False
2026-06-08T12:30:00-04:00,2026-06-08,12:30,SPY,C,45,742.14,7,False,False,True,True,True,False
2026-06-08T12:30:00-04:00,2026-06-08,12:30,AAPL,C,45,313.67,6,True,False,False,True,False,False
2026-06-08T12:30:00-04:00,2026-06-08,12:30,NVDA,C,45,208.57,6,False,False,True,True,True,False
2026-06-08T12:45:00-04:00,2026-06-08,12:45,AAPL,C,55,313.29,7,True,False,False,True,True,False
2026-06-08T13:00:00-04:00,2026-06-08,13:00,IWM,P,45,285.12,4,False,True,True,False,True,False
2026-06-08T13:00:00-04:00,2026-06-08,13:00,AAPL,C,45,313.5,8,True,False,False,True,False,False
2026-06-08T13:00:00-04:00,2026-06-08,13:00,META,P,45,586.67,2,True,False,False,True,False,False
2026-06-08T13:15:00-04:00,2026-06-08,13:15,QQQ,P,45,717.89,3,False,True,True,False,True,False
2026-06-08T13:30:00-04:00,2026-06-08,13:30,AAPL,C,45,314.57,9,True,False,False,True,False,False
2026-06-08T13:30:00-04:00,2026-06-08,13:30,GOOGL,C,45,364.77,2,False,True,True,False,True,False
2026-06-08T13:45:00-04:00,2026-06-08,13:45,AAPL,C,60,308.83,10,True,False,True,False,True,True
2026-06-08T13:45:00-04:00,2026-06-08,13:45,GOOGL,P,50,364.24,6,True,False,True,False,True,False
2026-06-08T14:00:00-04:00,2026-06-08,14:00,AMZN,P,45,244.7,5,True,False,False,True,False,False
2026-06-08T14:15:00-04:00,2026-06-08,14:15,IWM,P,50,284.78,5,True,False,True,False,True,False
2026-06-08T14:15:00-04:00,2026-06-08,14:15,AAPL,P,55,304.72,1,True,False,False,True,False,True
2026-06-08T14:15:00-04:00,2026-06-08,14:15,AMZN,P,45,244.0,6,True,False,False,True,False,False
2026-06-08T14:15:00-04:00,2026-06-08,14:15,MSFT,C,45,412.33,1,False,True,True,False,True,False
2026-06-09T10:00:00-04:00,2026-06-09,10:00,AAPL,P,45,296.15,1,True,False,False,True,False,False
2026-06-09T10:00:00-04:00,2026-06-09,10:00,NVDA,P,55,209.16,1,False,False,True,True,True,True
2026-06-09T10:00:00-04:00,2026-06-09,10:00,GOOGL,P,45,369.44,1,False,True,True,False,True,False
2026-06-09T10:15:00-04:00,2026-06-09,10:15,QQQ,P,55,717.11,1,False,False,True,True,True,True
2026-06-09T10:15:00-04:00,2026-06-09,10:15,IWM,C,55,288.44,1,True,False,False,True,False,True
2026-06-09T10:15:00-04:00,2026-06-09,10:15,AAPL,P,45,294.04,2,True,False,False,True,False,False
2026-06-09T10:15:00-04:00,2026-06-09,10:15,NVDA,P,55,206.93,2,True,False,False,True,False,True
2026-06-09T10:30:00-04:00,2026-06-09,10:30,SPY,P,45,741.21,1,True,False,False,False,True,True
2026-06-09T10:30:00-04:00,2026-06-09,10:30,QQQ,P,65,715.95,2,True,False,False,True,True,True
2026-06-09T10:30:00-04:00,2026-06-09,10:30,IWM,C,70,287.73,2,True,False,True,True,False,True
2026-06-09T10:30:00-04:00,2026-06-09,10:30,AAPL,P,45,292.53,3,True,False,False,True,False,False
2026-06-09T10:30:00-04:00,2026-06-09,10:30,AMZN,C,55,247.32,1,False,False,True,True,True,True
2026-06-09T10:30:00-04:00,2026-06-09,10:30,NVDA,P,55,206.98,3,True,False,False,True,False,True
2026-06-09T10:45:00-04:00,2026-06-09,10:45,SPY,P,45,738.63,2,True,False,False,True,False,False
2026-06-09T10:45:00-04:00,2026-06-09,10:45,QQQ,P,45,712.12,3,True,False,False,True,False,False
2026-06-09T10:45:00-04:00,2026-06-09,10:45,AAPL,P,45,293.29,4,True,False,False,True,False,False
2026-06-09T10:45:00-04:00,2026-06-09,10:45,NVDA,P,45,206.24,4,True,False,False,True,False,False
2026-06-09T10:45:00-04:00,2026-06-09,10:45,AVGO,P,45,388.88,1,True,False,False,True,False,False
2026-06-09T11:00:00-04:00,2026-06-09,11:00,SPY,P,55,737.75,3,True,False,False,True,False,True
2026-06-09T11:00:00-04:00,2026-06-09,11:00,QQQ,P,55,710.94,4,True,False,False,True,False,True
2026-06-09T11:00:00-04:00,2026-06-09,11:00,IWM,C,45,285.93,3,True,False,False,False,True,True
2026-06-09T11:00:00-04:00,2026-06-09,11:00,AAPL,P,45,293.12,5,True,False,False,True,False,False
2026-06-09T11:00:00-04:00,2026-06-09,11:00,META,P,45,593.28,1,False,True,True,False,True,False
2026-06-09T11:00:00-04:00,2026-06-09,11:00,NVDA,P,55,206.33,5,True,False,False,True,False,True
2026-06-09T11:00:00-04:00,2026-06-09,11:00,AVGO,P,45,389.08,2,True,False,False,True,False,False
2026-06-09T11:15:00-04:00,2026-06-09,11:15,SPY,P,45,737.53,4,True,False,False,True,False,False
2026-06-09T11:15:00-04:00,2026-06-09,11:15,QQQ,P,45,711.04,5,True,False,False,True,False,False
2026-06-09T11:15:00-04:00,2026-06-09,11:15,MSFT,P,45,406.68,1,True,False,False,True,False,False
2026-06-09T11:15:00-04:00,2026-06-09,11:15,NVDA,P,45,206.27,6,True,False,False,True,False,False
2026-06-09T11:15:00-04:00,2026-06-09,11:15,AVGO,P,45,387.98,3,True,False,False,True,False,False
2026-06-09T11:30:00-04:00,2026-06-09,11:30,SPY,P,45,731.0,5,True,False,False,True,False,False
2026-06-09T11:30:00-04:00,2026-06-09,11:30,QQQ,P,55,701.73,6,True,False,False,True,False,True
2026-06-09T11:30:00-04:00,2026-06-09,11:30,MSFT,P,45,403.71,2,True,False,False,True,False,False
2026-06-09T11:30:00-04:00,2026-06-09,11:30,NVDA,P,45,203.4,7,True,False,False,True,False,False
2026-06-09T11:30:00-04:00,2026-06-09,11:30,AVGO,P,55,380.13,4,True,False,False,True,False,True
2026-06-09T11:30:00-04:00,2026-06-09,11:30,TSLA,P,45,394.15,1,True,False,False,True,False,False
2026-06-09T11:45:00-04:00,2026-06-09,11:45,SPY,P,55,731.86,6,True,False,False,True,False,True
2026-06-09T11:45:00-04:00,2026-06-09,11:45,QQQ,P,55,702.8,7,True,False,False,True,False,True
2026-06-09T11:45:00-04:00,2026-06-09,11:45,IWM,P,45,282.71,1,True,False,False,True,False,False
2026-06-09T11:45:00-04:00,2026-06-09,11:45,MSFT,P,45,402.88,3,True,False,False,True,False,False
2026-06-09T11:45:00-04:00,2026-06-09,11:45,NVDA,P,45,204.73,8,True,False,False,True,False,False
2026-06-09T11:45:00-04:00,2026-06-09,11:45,GOOGL,P,45,360.34,2,True,False,False,True,False,False
2026-06-09T11:45:00-04:00,2026-06-09,11:45,AVGO,P,45,382.85,5,True,False,False,True,False,False
2026-06-09T11:45:00-04:00,2026-06-09,11:45,TSLA,P,45,394.7,2,True,False,False,True,False,False
2026-06-09T12:00:00-04:00,2026-06-09,12:00,SPY,P,45,729.06,7,True,False,False,True,False,False
2026-06-09T12:00:00-04:00,2026-06-09,12:00,QQQ,P,45,697.71,8,True,False,False,True,False,False
2026-06-09T12:00:00-04:00,2026-06-09,12:00,IWM,P,45,280.97,2,True,False,False,True,False,False
2026-06-09T12:00:00-04:00,2026-06-09,12:00,MSFT,P,45,401.88,4,True,False,False,True,False,False
2026-06-09T12:00:00-04:00,2026-06-09,12:00,NVDA,P,45,203.01,9,True,False,False,True,False,False
2026-06-09T12:00:00-04:00,2026-06-09,12:00,GOOGL,P,45,359.95,3,True,False,False,True,False,False
2026-06-09T12:00:00-04:00,2026-06-09,12:00,AVGO,P,45,377.97,6,True,False,False,True,False,False
2026-06-09T12:00:00-04:00,2026-06-09,12:00,TSLA,P,45,392.21,3,True,False,False,True,False,False
2026-06-09T12:15:00-04:00,2026-06-09,12:15,SPY,P,45,728.55,8,True,False,False,True,False,False
2026-06-09T12:15:00-04:00,2026-06-09,12:15,QQQ,P,55,695.92,9,True,False,False,True,False,True
2026-06-09T12:15:00-04:00,2026-06-09,12:15,IWM,P,45,280.51,3,True,False,False,True,False,False
2026-06-09T12:15:00-04:00,2026-06-09,12:15,MSFT,P,45,402.64,5,True,False,False,True,False,False
2026-06-09T12:15:00-04:00,2026-06-09,12:15,NVDA,P,55,201.82,10,True,False,False,True,False,True
2026-06-09T12:15:00-04:00,2026-06-09,12:15,GOOGL,P,45,360.16,4,True,False,False,True,False,False
2026-06-09T12:15:00-04:00,2026-06-09,12:15,AVGO,P,45,375.96,7,True,False,False,True,False,False
2026-06-09T12:15:00-04:00,2026-06-09,12:15,TSLA,P,45,391.17,4,True,False,False,True,False,False
2026-06-09T12:30:00-04:00,2026-06-09,12:30,SPY,P,55,727.36,9,True,False,False,True,False,True
2026-06-09T12:30:00-04:00,2026-06-09,12:30,QQQ,P,55,693.58,10,True,False,False,True,False,True
2026-06-09T12:30:00-04:00,2026-06-09,12:30,IWM,P,45,279.81,4,True,False,False,True,False,False
2026-06-09T12:30:00-04:00,2026-06-09,12:30,AMZN,P,45,243.32,1,True,False,False,True,False,False
2026-06-09T12:30:00-04:00,2026-06-09,12:30,MSFT,P,45,401.13,6,True,False,False,True,False,False
2026-06-09T12:30:00-04:00,2026-06-09,12:30,META,P,45,586.16,2,True,False,False,True,False,False
2026-06-09T12:30:00-04:00,2026-06-09,12:30,NVDA,P,55,201.48,11,True,False,False,True,False,True
2026-06-09T12:30:00-04:00,2026-06-09,12:30,GOOGL,P,45,360.79,5,True,False,False,True,False,False
2026-06-09T12:30:00-04:00,2026-06-09,12:30,AVGO,P,45,375.11,8,True,False,False,True,False,False
2026-06-09T12:30:00-04:00,2026-06-09,12:30,TSLA,P,45,388.93,5,True,False,False,True,False,False
2026-06-09T12:45:00-04:00,2026-06-09,12:45,SPY,P,55,724.69,10,True,False,False,True,False,True
2026-06-09T12:45:00-04:00,2026-06-09,12:45,QQQ,P,55,689.95,11,True,False,False,True,False,True
2026-06-09T12:45:00-04:00,2026-06-09,12:45,IWM,P,55,278.68,5,True,False,False,True,False,True
2026-06-09T12:45:00-04:00,2026-06-09,12:45,AMZN,P,45,241.87,2,True,False,False,True,False,False
2026-06-09T12:45:00-04:00,2026-06-09,12:45,MSFT,P,55,399.42,7,True,False,False,True,False,True
2026-06-09T12:45:00-04:00,2026-06-09,12:45,META,P,45,582.72,3,True,False,False,True,False,False
2026-06-09T12:45:00-04:00,2026-06-09,12:45,NVDA,P,55,200.81,12,True,False,False,True,False,True
2026-06-09T12:45:00-04:00,2026-06-09,12:45,GOOGL,P,45,358.58,6,True,False,False,True,False,False
2026-06-09T12:45:00-04:00,2026-06-09,12:45,AVGO,P,45,373.05,9,True,False,False,True,False,False
2026-06-09T12:45:00-04:00,2026-06-09,12:45,TSLA,P,45,386.47,6,True,False,False,True,False,False
2026-06-09T13:00:00-04:00,2026-06-09,13:00,SPY,P,45,726.62,11,True,False,False,True,False,False
2026-06-09T13:00:00-04:00,2026-06-09,13:00,QQQ,P,45,692.57,12,True,False,False,True,False,False
2026-06-09T13:00:00-04:00,2026-06-09,13:00,IWM,P,45,279.55,6,True,False,False,True,False,False
2026-06-09T13:00:00-04:00,2026-06-09,13:00,AMZN,P,45,241.51,3,True,False,False,True,False,False
2026-06-09T13:00:00-04:00,2026-06-09,13:00,MSFT,P,45,400.23,8,True,False,False,True,False,False
2026-06-09T13:00:00-04:00,2026-06-09,13:00,META,P,45,584.01,4,True,False,False,True,False,False
2026-06-09T13:00:00-04:00,2026-06-09,13:00,NVDA,P,45,201.96,13,True,False,False,True,False,False
2026-06-09T13:00:00-04:00,2026-06-09,13:00,GOOGL,P,45,360.12,7,True,False,False,True,False,False
2026-06-09T13:00:00-04:00,2026-06-09,13:00,AVGO,P,45,374.67,10,True,False,False,True,False,False
2026-06-09T13:00:00-04:00,2026-06-09,13:00,TSLA,P,45,388.2,7,True,False,False,True,False,False
2026-06-09T13:15:00-04:00,2026-06-09,13:15,SPY,P,45,728.6,12,True,False,False,True,False,False
2026-06-09T13:15:00-04:00,2026-06-09,13:15,QQQ,P,45,696.67,13,True,False,False,True,False,False
2026-06-09T13:15:00-04:00,2026-06-09,13:15,IWM,P,45,280.9,7,True,False,False,True,False,False
2026-06-09T13:15:00-04:00,2026-06-09,13:15,AMZN,P,45,242.05,4,True,False,False,True,False,False
2026-06-09T13:15:00-04:00,2026-06-09,13:15,MSFT,P,45,401.39,9,True,False,False,True,False,False
2026-06-09T13:15:00-04:00,2026-06-09,13:15,META,P,45,584.97,5,True,False,False,True,False,False
2026-06-09T13:30:00-04:00,2026-06-09,13:30,AMZN,P,45,243.51,5,True,False,False,True,False,False
2026-06-09T13:30:00-04:00,2026-06-09,13:30,META,P,45,586.73,6,True,False,False,True,False,False
2026-06-09T13:45:00-04:00,2026-06-09,13:45,META,P,55,589.25,7,True,False,False,True,True,False
2026-06-09T14:00:00-04:00,2026-06-09,14:00,META,P,55,588.67,8,True,False,False,True,True,False
2026-06-09T14:15:00-04:00,2026-06-09,14:15,META,P,55,588.44,9,True,False,False,True,True,False
2026-06-10T10:00:00-04:00,2026-06-10,10:00,META,P,50,587.79,1,True,False,True,False,True,False
2026-06-10T10:00:00-04:00,2026-06-10,10:00,NVDA,P,45,204.93,1,False,True,True,False,True,False
2026-06-10T10:00:00-04:00,2026-06-10,10:00,GOOGL,C,45,366.24,1,False,False,True,True,False,True
2026-06-10T10:00:00-04:00,2026-06-10,10:00,TSLA,C,45,392.01,1,False,False,True,True,True,False
2026-06-10T10:15:00-04:00,2026-06-10,10:15,IWM,C,45,288.23,1,True,False,False,True,False,False
2026-06-10T10:15:00-04:00,2026-06-10,10:15,NVDA,C,45,206.3,1,False,False,True,True,True,False
2026-06-10T10:30:00-04:00,2026-06-10,10:30,IWM,C,45,288.65,2,True,False,False,True,False,False
2026-06-10T10:30:00-04:00,2026-06-10,10:30,AMZN,P,45,240.9,1,True,False,False,True,False,False
2026-06-10T10:30:00-04:00,2026-06-10,10:30,GOOGL,C,45,367.53,2,True,False,False,True,False,False
2026-06-10T10:30:00-04:00,2026-06-10,10:30,AVGO,C,45,377.11,1,False,True,True,False,True,False
2026-06-10T10:45:00-04:00,2026-06-10,10:45,IWM,C,45,287.48,3,True,False,False,True,False,False
2026-06-10T10:45:00-04:00,2026-06-10,10:45,AAPL,P,60,288.74,1,True,True,True,False,False,False
2026-06-10T10:45:00-04:00,2026-06-10,10:45,AMZN,P,45,240.62,2,True,False,False,True,False,False
2026-06-10T10:45:00-04:00,2026-06-10,10:45,MSFT,P,60,402.04,1,True,True,True,False,False,False
2026-06-10T11:00:00-04:00,2026-06-10,11:00,AMZN,P,45,240.08,3,True,False,False,True,False,False
2026-06-10T11:00:00-04:00,2026-06-10,11:00,META,P,45,578.97,2,True,False,False,True,False,False
2026-06-10T11:00:00-04:00,2026-06-10,11:00,GOOGL,C,50,363.23,3,True,False,True,False,True,False
2026-06-10T11:15:00-04:00,2026-06-10,11:15,IWM,C,50,284.27,4,True,False,True,False,True,False
2026-06-10T11:15:00-04:00,2026-06-10,11:15,AMZN,P,45,239.27,4,True,False,False,True,False,False
2026-06-10T11:15:00-04:00,2026-06-10,11:15,META,P,55,576.42,3,True,False,False,True,False,True
2026-06-10T11:15:00-04:00,2026-06-10,11:15,AVGO,P,45,372.04,1,True,False,False,True,False,False
2026-06-10T11:15:00-04:00,2026-06-10,11:15,TSLA,P,45,384.39,1,True,False,False,True,False,False
2026-06-10T11:30:00-04:00,2026-06-10,11:30,IWM,C,50,284.81,5,True,False,True,False,True,False
2026-06-10T11:30:00-04:00,2026-06-10,11:30,AMZN,P,45,239.45,5,True,False,False,True,False,False
2026-06-10T11:30:00-04:00,2026-06-10,11:30,META,P,45,577.75,4,True,False,False,True,False,False
2026-06-10T11:30:00-04:00,2026-06-10,11:30,AVGO,P,45,374.68,2,True,False,False,True,False,False
2026-06-10T11:30:00-04:00,2026-06-10,11:30,TSLA,P,45,385.15,2,True,False,False,True,False,False
2026-06-10T11:45:00-04:00,2026-06-10,11:45,IWM,C,50,285.23,6,True,False,True,False,True,False
2026-06-10T11:45:00-04:00,2026-06-10,11:45,AMZN,P,45,239.92,6,True,False,False,True,False,False
2026-06-10T11:45:00-04:00,2026-06-10,11:45,META,P,45,579.68,5,True,False,False,True,False,False
2026-06-10T11:45:00-04:00,2026-06-10,11:45,AVGO,P,45,376.05,3,True,False,False,True,False,False
2026-06-10T11:45:00-04:00,2026-06-10,11:45,TSLA,P,45,387.33,3,True,False,False,True,False,False
2026-06-10T12:00:00-04:00,2026-06-10,12:00,IWM,C,60,285.16,7,True,False,True,False,True,True
2026-06-10T12:00:00-04:00,2026-06-10,12:00,AMZN,P,45,240.07,7,True,False,False,True,False,False
2026-06-10T12:00:00-04:00,2026-06-10,12:00,MSFT,P,50,402.67,2,True,False,True,False,True,False
2026-06-10T12:00:00-04:00,2026-06-10,12:00,META,P,45,579.51,6,True,False,False,True,False,False
2026-06-10T12:00:00-04:00,2026-06-10,12:00,NVDA,P,45,203.46,2,True,False,False,True,False,False
2026-06-10T12:00:00-04:00,2026-06-10,12:00,GOOGL,P,45,360.94,1,True,False,False,True,False,False
2026-06-10T12:00:00-04:00,2026-06-10,12:00,AVGO,C,45,376.33,2,False,True,True,False,True,False
2026-06-10T12:00:00-04:00,2026-06-10,12:00,AVGO,P,45,376.33,4,True,False,False,True,False,False
2026-06-10T12:00:00-04:00,2026-06-10,12:00,TSLA,P,45,386.39,4,True,False,False,True,False,False
2026-06-10T12:15:00-04:00,2026-06-10,12:15,IWM,C,50,284.18,8,True,False,True,False,True,False
2026-06-10T12:15:00-04:00,2026-06-10,12:15,AAPL,P,50,290.92,2,True,False,True,False,True,False
2026-06-10T12:15:00-04:00,2026-06-10,12:15,AMZN,P,45,239.32,8,True,False,False,True,False,False
2026-06-10T12:15:00-04:00,2026-06-10,12:15,META,P,45,577.83,7,True,False,False,True,False,False
2026-06-10T12:15:00-04:00,2026-06-10,12:15,NVDA,P,45,202.66,3,True,False,False,True,False,False
2026-06-10T12:15:00-04:00,2026-06-10,12:15,GOOGL,P,45,358.9,2,True,False,False,True,False,False
2026-06-10T12:15:00-04:00,2026-06-10,12:15,AVGO,P,45,373.2,5,True,False,False,True,False,False
2026-06-10T12:15:00-04:00,2026-06-10,12:15,TSLA,P,45,384.49,5,True,False,False,True,False,False
2026-06-10T12:30:00-04:00,2026-06-10,12:30,SPY,P,45,730.68,1,True,False,False,True,False,False
2026-06-10T12:30:00-04:00,2026-06-10,12:30,QQQ,P,45,698.85,1,True,False,False,True,False,False
2026-06-10T12:30:00-04:00,2026-06-10,12:30,IWM,C,50,284.42,9,True,False,True,False,True,False
2026-06-10T12:30:00-04:00,2026-06-10,12:30,AMZN,P,45,239.18,9,True,False,False,True,False,False
2026-06-10T12:30:00-04:00,2026-06-10,12:30,MSFT,P,50,402.67,3,True,False,True,False,True,False
2026-06-10T12:30:00-04:00,2026-06-10,12:30,META,P,45,577.1,8,True,False,False,True,False,False
2026-06-10T12:30:00-04:00,2026-06-10,12:30,NVDA,P,45,202.87,4,True,False,False,True,False,False
2026-06-10T12:30:00-04:00,2026-06-10,12:30,GOOGL,P,45,358.57,3,True,False,False,True,False,False
2026-06-10T12:30:00-04:00,2026-06-10,12:30,AVGO,P,45,374.01,6,True,False,False,True,False,False
2026-06-10T12:30:00-04:00,2026-06-10,12:30,TSLA,P,45,384.56,6,True,False,False,True,False,False
2026-06-10T12:45:00-04:00,2026-06-10,12:45,SPY,P,45,730.87,2,True,False,False,True,False,False
2026-06-10T12:45:00-04:00,2026-06-10,12:45,QQQ,P,45,699.17,2,True,False,False,True,False,False
2026-06-10T12:45:00-04:00,2026-06-10,12:45,AMZN,P,45,238.98,10,True,False,False,True,False,False
2026-06-10T12:45:00-04:00,2026-06-10,12:45,META,P,45,577.27,9,True,False,False,True,False,False
2026-06-10T12:45:00-04:00,2026-06-10,12:45,NVDA,P,45,203.15,5,True,False,False,True,False,False
2026-06-10T12:45:00-04:00,2026-06-10,12:45,GOOGL,P,45,358.21,4,True,False,False,True,False,False
2026-06-10T12:45:00-04:00,2026-06-10,12:45,AVGO,P,45,374.32,7,True,False,False,True,False,False
2026-06-10T12:45:00-04:00,2026-06-10,12:45,TSLA,P,45,383.23,7,True,False,False,True,False,False
2026-06-10T13:00:00-04:00,2026-06-10,13:00,SPY,P,45,730.36,3,True,False,False,True,False,False
2026-06-10T13:00:00-04:00,2026-06-10,13:00,QQQ,P,45,698.3,3,True,False,False,True,False,False
2026-06-10T13:00:00-04:00,2026-06-10,13:00,AMZN,P,45,239.18,11,True,False,False,True,False,False
2026-06-10T13:00:00-04:00,2026-06-10,13:00,META,P,45,577.34,10,True,False,False,True,False,False
2026-06-10T13:00:00-04:00,2026-06-10,13:00,NVDA,P,45,202.85,6,True,False,False,True,False,False
2026-06-10T13:00:00-04:00,2026-06-10,13:00,GOOGL,P,45,358.13,5,True,False,False,True,False,False
2026-06-10T13:00:00-04:00,2026-06-10,13:00,AVGO,P,45,372.83,8,True,False,False,True,False,False
2026-06-10T13:00:00-04:00,2026-06-10,13:00,TSLA,P,45,383.49,8,True,False,False,True,False,False
2026-06-10T13:15:00-04:00,2026-06-10,13:15,SPY,P,45,729.0,4,True,False,False,True,False,False
2026-06-10T13:15:00-04:00,2026-06-10,13:15,QQQ,P,45,696.6,4,True,False,False,True,False,False
2026-06-10T13:15:00-04:00,2026-06-10,13:15,AMZN,P,45,238.59,12,True,False,False,True,False,False
2026-06-10T13:15:00-04:00,2026-06-10,13:15,MSFT,P,50,402.61,4,True,False,True,False,True,False
2026-06-10T13:15:00-04:00,2026-06-10,13:15,META,P,45,575.77,11,True,False,False,True,False,False
2026-06-10T13:15:00-04:00,2026-06-10,13:15,NVDA,P,45,202.26,7,True,False,False,True,False,False
2026-06-10T13:15:00-04:00,2026-06-10,13:15,GOOGL,P,45,356.79,6,True,False,False,True,False,False
2026-06-10T13:15:00-04:00,2026-06-10,13:15,AVGO,P,45,373.12,9,True,False,False,True,False,False
2026-06-10T13:15:00-04:00,2026-06-10,13:15,TSLA,P,45,383.92,9,True,False,False,True,False,False
2026-06-10T13:30:00-04:00,2026-06-10,13:30,SPY,P,45,729.59,5,True,False,False,True,False,False
2026-06-10T13:30:00-04:00,2026-06-10,13:30,QQQ,P,45,697.57,5,True,False,False,True,False,False
2026-06-10T13:30:00-04:00,2026-06-10,13:30,IWM,P,55,284.07,1,True,False,False,True,True,False
2026-06-10T13:30:00-04:00,2026-06-10,13:30,MSFT,P,60,401.74,5,True,True,True,False,False,False
2026-06-10T13:30:00-04:00,2026-06-10,13:30,META,P,45,576.09,12,True,False,False,True,False,False
2026-06-10T13:30:00-04:00,2026-06-10,13:30,NVDA,P,45,202.51,8,True,False,False,True,False,False
2026-06-10T13:30:00-04:00,2026-06-10,13:30,GOOGL,P,45,356.91,7,True,False,False,True,False,False
2026-06-10T13:30:00-04:00,2026-06-10,13:30,TSLA,P,45,384.02,10,True,False,False,True,False,False
2026-06-10T13:45:00-04:00,2026-06-10,13:45,SPY,P,45,727.96,6,True,False,False,True,False,False
2026-06-10T13:45:00-04:00,2026-06-10,13:45,QQQ,P,45,695.97,6,True,False,False,True,False,False
2026-06-10T13:45:00-04:00,2026-06-10,13:45,IWM,P,45,283.25,2,True,False,False,True,False,False
2026-06-10T13:45:00-04:00,2026-06-10,13:45,META,P,45,574.21,13,True,False,False,True,False,False
2026-06-10T13:45:00-04:00,2026-06-10,13:45,NVDA,P,45,201.95,9,True,False,False,True,False,False
2026-06-10T13:45:00-04:00,2026-06-10,13:45,GOOGL,P,45,355.98,8,True,False,False,True,False,False
2026-06-10T13:45:00-04:00,2026-06-10,13:45,TSLA,P,45,382.27,11,True,False,False,True,False,False
2026-06-10T14:00:00-04:00,2026-06-10,14:00,SPY,P,55,730.66,7,True,False,False,True,True,False
2026-06-10T14:00:00-04:00,2026-06-10,14:00,QQQ,P,55,699.82,7,True,False,False,True,True,False
2026-06-10T14:00:00-04:00,2026-06-10,14:00,IWM,P,55,284.72,3,True,False,False,True,True,False
2026-06-10T14:00:00-04:00,2026-06-10,14:00,GOOGL,P,45,356.8,9,True,False,False,True,False,False
2026-06-10T14:00:00-04:00,2026-06-10,14:00,AVGO,C,45,378.7,3,False,True,True,False,True,False
2026-06-10T14:15:00-04:00,2026-06-10,14:15,SPY,P,55,730.75,8,True,False,False,True,True,False
2026-06-10T14:15:00-04:00,2026-06-10,14:15,QQQ,P,55,699.86,8,True,False,False,True,True,False
2026-06-10T14:15:00-04:00,2026-06-10,14:15,IWM,P,55,284.41,4,True,False,False,True,True,False
2026-06-10T14:15:00-04:00,2026-06-10,14:15,MSFT,P,60,401.59,6,True,False,True,True,False,False
2026-06-10T14:15:00-04:00,2026-06-10,14:15,GOOGL,P,45,356.81,10,True,False,False,True,False,False
2026-06-11T10:00:00-04:00,2026-06-11,10:00,SPY,C,55,729.73,1,False,True,True,False,True,True
2026-06-11T10:00:00-04:00,2026-06-11,10:00,SPY,P,45,729.73,1,True,False,False,False,True,True
2026-06-11T10:00:00-04:00,2026-06-11,10:00,QQQ,P,45,702.77,1,True,False,False,False,True,True
2026-06-11T10:00:00-04:00,2026-06-11,10:00,IWM,C,45,286.25,1,False,True,True,False,False,True
2026-06-11T10:00:00-04:00,2026-06-11,10:00,IWM,P,45,286.25,1,True,False,False,False,True,True
2026-06-11T10:00:00-04:00,2026-06-11,10:00,AAPL,P,50,291.6,1,True,False,True,False,True,False
2026-06-11T10:00:00-04:00,2026-06-11,10:00,AMZN,C,55,237.33,1,False,True,True,False,True,True
2026-06-11T10:00:00-04:00,2026-06-11,10:00,AMZN,P,50,237.33,1,True,False,True,False,False,True
2026-06-11T10:00:00-04:00,2026-06-11,10:00,MSFT,P,55,391.51,1,True,False,False,True,False,True
2026-06-11T10:00:00-04:00,2026-06-11,10:00,META,P,55,563.31,1,True,False,False,True,False,True
2026-06-11T10:00:00-04:00,2026-06-11,10:00,NVDA,P,60,202.77,1,True,False,True,False,True,True
2026-06-11T10:00:00-04:00,2026-06-11,10:00,GOOGL,P,55,348.13,1,True,False,False,True,False,True
2026-06-11T10:00:00-04:00,2026-06-11,10:00,TSLA,P,60,388.28,1,True,False,True,False,True,True
2026-06-11T10:15:00-04:00,2026-06-11,10:15,AAPL,P,45,290.22,2,True,False,False,True,False,False
2026-06-11T10:15:00-04:00,2026-06-11,10:15,MSFT,P,55,389.31,2,True,False,False,True,False,True
2026-06-11T10:15:00-04:00,2026-06-11,10:15,META,P,55,559.96,2,True,False,False,True,False,True
2026-06-11T10:15:00-04:00,2026-06-11,10:15,NVDA,P,50,202.1,2,True,False,True,False,True,False
2026-06-11T10:15:00-04:00,2026-06-11,10:15,GOOGL,P,45,348.58,2,True,False,False,True,False,False
2026-06-11T10:15:00-04:00,2026-06-11,10:15,AVGO,P,50,375.14,1,True,False,True,False,True,False
2026-06-11T10:15:00-04:00,2026-06-11,10:15,TSLA,P,50,387.32,2,True,False,True,False,True,False
2026-06-11T10:30:00-04:00,2026-06-11,10:30,SPY,P,50,728.82,2,True,False,True,False,True,False
2026-06-11T10:30:00-04:00,2026-06-11,10:30,AAPL,P,45,290.58,3,True,False,False,True,False,False
2026-06-11T10:30:00-04:00,2026-06-11,10:30,MSFT,P,45,389.71,3,True,False,False,True,False,False
2026-06-11T10:30:00-04:00,2026-06-11,10:30,META,P,45,560.88,3,True,False,False,True,False,False
2026-06-11T10:30:00-04:00,2026-06-11,10:30,NVDA,P,50,202.35,3,True,False,True,False,True,False
2026-06-11T10:30:00-04:00,2026-06-11,10:30,GOOGL,P,45,347.9,3,True,False,False,True,False,False
2026-06-11T10:30:00-04:00,2026-06-11,10:30,AVGO,P,50,377.63,2,True,False,True,False,True,False
2026-06-11T10:45:00-04:00,2026-06-11,10:45,SPY,P,50,728.56,3,True,False,True,False,True,False
2026-06-11T10:45:00-04:00,2026-06-11,10:45,AAPL,P,45,290.54,4,True,False,False,True,False,False
2026-06-11T10:45:00-04:00,2026-06-11,10:45,AMZN,P,45,237.02,2,True,True,False,False,False,False
2026-06-11T10:45:00-04:00,2026-06-11,10:45,MSFT,P,45,390.4,4,True,False,False,True,False,False
2026-06-11T10:45:00-04:00,2026-06-11,10:45,META,P,45,560.83,4,True,False,False,True,False,False
2026-06-11T10:45:00-04:00,2026-06-11,10:45,NVDA,P,50,202.1,4,True,False,True,False,True,False
2026-06-11T10:45:00-04:00,2026-06-11,10:45,GOOGL,P,45,348.11,4,True,False,False,True,False,False
2026-06-11T10:45:00-04:00,2026-06-11,10:45,AVGO,P,50,376.5,3,True,False,True,False,True,False
2026-06-11T11:00:00-04:00,2026-06-11,11:00,SPY,P,60,725.6,4,True,False,True,True,False,False
2026-06-11T11:00:00-04:00,2026-06-11,11:00,IWM,C,45,285.01,2,False,False,True,True,True,False
2026-06-11T11:00:00-04:00,2026-06-11,11:00,AAPL,P,45,289.9,5,True,False,False,True,False,False
2026-06-11T11:00:00-04:00,2026-06-11,11:00,AMZN,P,45,235.85,3,True,False,False,True,False,False
2026-06-11T11:00:00-04:00,2026-06-11,11:00,MSFT,P,45,387.08,5,True,False,False,True,False,False
2026-06-11T11:00:00-04:00,2026-06-11,11:00,META,P,45,558.19,5,True,False,False,True,False,False
2026-06-11T11:00:00-04:00,2026-06-11,11:00,NVDA,P,45,200.22,5,True,False,False,True,False,False
2026-06-11T11:00:00-04:00,2026-06-11,11:00,GOOGL,P,45,347.03,5,True,False,False,True,False,False
2026-06-11T11:00:00-04:00,2026-06-11,11:00,TSLA,P,70,384.74,3,True,True,True,False,True,False
2026-06-11T11:15:00-04:00,2026-06-11,11:15,SPY,P,50,727.38,5,True,False,True,False,True,False
2026-06-11T11:15:00-04:00,2026-06-11,11:15,QQQ,C,45,699.52,1,False,False,True,True,True,False
2026-06-11T11:15:00-04:00,2026-06-11,11:15,QQQ,P,50,699.52,2,True,False,True,False,True,False
2026-06-11T11:15:00-04:00,2026-06-11,11:15,IWM,C,60,286.12,3,True,False,True,True,False,False
2026-06-11T11:15:00-04:00,2026-06-11,11:15,AAPL,P,45,290.8,6,True,False,False,True,False,False
2026-06-11T11:15:00-04:00,2026-06-11,11:15,MSFT,P,45,387.5,6,True,False,False,True,False,False
2026-06-11T11:15:00-04:00,2026-06-11,11:15,META,P,45,560.6,6,True,False,False,True,False,False
2026-06-11T11:15:00-04:00,2026-06-11,11:15,GOOGL,P,45,347.39,6,True,False,False,True,False,False
2026-06-11T11:30:00-04:00,2026-06-11,11:30,IWM,C,45,286.05,4,True,False,False,True,False,False
2026-06-11T11:30:00-04:00,2026-06-11,11:30,AAPL,P,55,291.19,7,True,False,False,True,True,False
2026-06-11T11:30:00-04:00,2026-06-11,11:30,MSFT,P,45,387.94,7,True,False,False,True,False,False
2026-06-11T11:30:00-04:00,2026-06-11,11:30,AVGO,P,50,376.12,4,True,False,True,False,True,False
2026-06-11T11:45:00-04:00,2026-06-11,11:45,SPY,P,50,727.86,6,True,False,True,False,True,False
2026-06-11T11:45:00-04:00,2026-06-11,11:45,QQQ,C,50,700.79,2,False,True,False,True,True,False
2026-06-11T11:45:00-04:00,2026-06-11,11:45,IWM,C,55,285.92,5,True,False,False,True,False,True
2026-06-11T11:45:00-04:00,2026-06-11,11:45,AAPL,P,50,292.67,8,True,False,True,False,True,False
2026-06-11T11:45:00-04:00,2026-06-11,11:45,MSFT,P,45,386.76,8,True,False,False,True,False,False
2026-06-11T11:45:00-04:00,2026-06-11,11:45,AVGO,P,50,376.03,5,True,False,True,False,True,False
2026-06-11T12:00:00-04:00,2026-06-11,12:00,SPY,C,45,728.1,2,False,True,True,False,True,False
2026-06-11T12:00:00-04:00,2026-06-11,12:00,SPY,P,50,728.1,7,True,False,True,False,True,False
2026-06-11T12:00:00-04:00,2026-06-11,12:00,IWM,C,45,285.89,6,True,False,False,True,False,False
2026-06-11T12:00:00-04:00,2026-06-11,12:00,AAPL,P,50,293.39,9,True,False,True,False,True,False
2026-06-11T12:00:00-04:00,2026-06-11,12:00,MSFT,P,45,386.46,9,True,False,False,True,False,False
2026-06-11T12:00:00-04:00,2026-06-11,12:00,TSLA,C,50,386.32,1,False,True,False,True,True,False
2026-06-11T12:15:00-04:00,2026-06-11,12:15,SPY,C,45,729.89,3,False,False,True,True,True,False
2026-06-11T12:15:00-04:00,2026-06-11,12:15,IWM,C,45,286.38,7,True,False,False,True,False,False
2026-06-11T12:15:00-04:00,2026-06-11,12:15,AMZN,P,50,237.53,4,True,False,True,False,True,False
2026-06-11T12:15:00-04:00,2026-06-11,12:15,META,C,45,564.01,1,False,True,True,False,True,False
2026-06-11T12:15:00-04:00,2026-06-11,12:15,NVDA,C,45,201.74,1,False,False,True,True,True,False
2026-06-11T12:15:00-04:00,2026-06-11,12:15,GOOGL,C,45,349.49,1,False,True,True,False,True,False
2026-06-11T12:30:00-04:00,2026-06-11,12:30,SPY,C,45,727.88,4,False,False,True,True,True,False
2026-06-11T12:30:00-04:00,2026-06-11,12:30,SPY,P,50,727.88,8,True,False,True,False,True,False
2026-06-11T12:30:00-04:00,2026-06-11,12:30,IWM,C,55,285.47,8,True,False,False,True,True,False
2026-06-11T12:30:00-04:00,2026-06-11,12:30,NVDA,C,45,201.33,2,False,False,True,True,True,False
2026-06-11T12:45:00-04:00,2026-06-11,12:45,SPY,C,45,728.63,5,False,False,True,True,True,False
2026-06-11T12:45:00-04:00,2026-06-11,12:45,SPY,P,50,728.63,9,True,False,True,False,True,False
2026-06-11T12:45:00-04:00,2026-06-11,12:45,IWM,C,55,285.8,9,True,False,False,True,True,False
2026-06-11T12:45:00-04:00,2026-06-11,12:45,NVDA,C,45,201.38,3,False,False,True,True,True,False
2026-06-11T13:00:00-04:00,2026-06-11,13:00,QQQ,P,45,699.55,3,False,True,True,False,True,False
2026-06-11T13:00:00-04:00,2026-06-11,13:00,IWM,C,50,284.8,10,True,False,True,False,True,False
2026-06-11T13:00:00-04:00,2026-06-11,13:00,META,P,45,560.49,7,True,True,False,False,False,False
2026-06-11T13:00:00-04:00,2026-06-11,13:00,AVGO,P,45,376.33,6,False,True,True,False,True,False
2026-06-11T13:15:00-04:00,2026-06-11,13:15,IWM,C,50,284.86,11,True,False,True,False,True,False
2026-06-11T13:15:00-04:00,2026-06-11,13:15,AMZN,P,45,236.19,5,True,False,False,True,False,False
2026-06-11T13:15:00-04:00,2026-06-11,13:15,NVDA,P,45,200.1,6,True,False,False,True,False,False
2026-06-11T13:30:00-04:00,2026-06-11,13:30,SPY,C,45,732.52,6,False,False,True,True,False,True
2026-06-11T13:30:00-04:00,2026-06-11,13:30,IWM,C,60,287.74,12,True,False,True,True,False,False
2026-06-11T13:30:00-04:00,2026-06-11,13:30,AMZN,P,50,238.34,6,True,False,True,False,True,False
2026-06-11T13:30:00-04:00,2026-06-11,13:30,NVDA,C,55,202.81,4,False,True,True,True,False,False
2026-06-11T13:30:00-04:00,2026-06-11,13:30,NVDA,P,50,202.81,7,True,False,True,False,True,False
2026-06-11T13:30:00-04:00,2026-06-11,13:30,GOOGL,C,45,350.88,2,False,True,True,False,True,False
2026-06-11T13:45:00-04:00,2026-06-11,13:45,IWM,C,55,289.93,13,True,False,False,True,False,True
2026-06-11T13:45:00-04:00,2026-06-11,13:45,MSFT,C,45,389.5,1,False,True,True,False,True,False
2026-06-11T14:00:00-04:00,2026-06-11,14:00,IWM,C,45,289.37,14,True,False,False,True,False,False
2026-06-11T14:15:00-04:00,2026-06-11,14:15,QQQ,C,45,709.66,3,True,False,False,True,False,False
2026-06-11T14:15:00-04:00,2026-06-11,14:15,META,P,50,566.69,8,True,False,True,False,True,False
2026-06-11T14:15:00-04:00,2026-06-11,14:15,NVDA,C,45,202.81,5,False,False,True,True,True,False
2026-06-12T10:00:00-04:00,2026-06-12,10:00,IWM,C,60,292.33,1,True,False,True,True,False,False
2026-06-12T10:00:00-04:00,2026-06-12,10:00,AVGO,C,50,379.97,1,True,False,True,False,True,False
2026-06-12T10:15:00-04:00,2026-06-12,10:15,SPY,C,60,739.31,1,True,False,True,True,False,False
2026-06-12T10:15:00-04:00,2026-06-12,10:15,QQQ,C,60,718.83,1,True,False,True,True,False,False
2026-06-12T10:15:00-04:00,2026-06-12,10:15,IWM,C,45,293.31,2,True,False,False,True,False,False
2026-06-12T10:15:00-04:00,2026-06-12,10:15,NVDA,C,60,205.44,1,True,False,True,True,False,False
2026-06-12T10:30:00-04:00,2026-06-12,10:30,SPY,C,45,739.59,2,True,False,False,True,False,False
2026-06-12T10:30:00-04:00,2026-06-12,10:30,QQQ,C,45,718.07,2,True,False,False,True,False,False
2026-06-12T10:30:00-04:00,2026-06-12,10:30,IWM,C,45,293.9,3,True,False,False,True,False,False
2026-06-12T10:30:00-04:00,2026-06-12,10:30,AMZN,P,45,236.53,1,True,False,False,True,False,False
2026-06-12T10:30:00-04:00,2026-06-12,10:30,MSFT,P,45,384.07,1,True,False,False,True,False,False
2026-06-12T10:30:00-04:00,2026-06-12,10:30,NVDA,C,45,205.69,2,True,False,False,True,False,False
2026-06-12T10:45:00-04:00,2026-06-12,10:45,IWM,C,45,293.27,4,True,False,False,True,False,False
2026-06-12T10:45:00-04:00,2026-06-12,10:45,AAPL,P,45,291.11,1,True,False,False,True,False,False
2026-06-12T10:45:00-04:00,2026-06-12,10:45,AMZN,P,45,235.12,2,True,False,False,True,False,False
2026-06-12T10:45:00-04:00,2026-06-12,10:45,MSFT,P,45,384.11,2,True,False,False,True,False,False
2026-06-12T10:45:00-04:00,2026-06-12,10:45,AVGO,C,50,378.4,2,True,False,True,False,True,False
2026-06-12T11:00:00-04:00,2026-06-12,11:00,SPY,C,60,742.36,3,True,False,True,True,False,False
2026-06-12T11:00:00-04:00,2026-06-12,11:00,QQQ,C,45,720.97,3,True,False,False,True,False,False
2026-06-12T11:00:00-04:00,2026-06-12,11:00,IWM,C,45,294.86,5,True,False,False,True,False,False
2026-06-12T11:00:00-04:00,2026-06-12,11:00,AAPL,P,45,291.74,2,True,False,False,True,False,False
2026-06-12T11:00:00-04:00,2026-06-12,11:00,AMZN,P,55,237.3,3,True,False,False,True,True,False
2026-06-12T11:00:00-04:00,2026-06-12,11:00,META,C,55,570.41,1,False,True,True,True,False,False
2026-06-12T11:00:00-04:00,2026-06-12,11:00,NVDA,C,60,205.7,3,True,False,True,True,False,False
2026-06-12T11:00:00-04:00,2026-06-12,11:00,GOOGL,C,45,363.1,1,True,False,False,True,False,False
2026-06-12T11:00:00-04:00,2026-06-12,11:00,AVGO,C,50,381.1,3,True,False,True,False,True,False
2026-06-12T11:00:00-04:00,2026-06-12,11:00,TSLA,C,60,397.27,1,True,True,True,False,False,False
2026-06-12T11:15:00-04:00,2026-06-12,11:15,SPY,C,45,743.15,4,True,False,False,True,False,False
2026-06-12T11:15:00-04:00,2026-06-12,11:15,QQQ,C,45,722.45,4,True,False,False,True,False,False
2026-06-12T11:15:00-04:00,2026-06-12,11:15,IWM,C,45,295.14,6,True,False,False,True,False,False
2026-06-12T11:15:00-04:00,2026-06-12,11:15,AAPL,C,45,292.77,1,False,True,True,False,True,False
2026-06-12T11:15:00-04:00,2026-06-12,11:15,AAPL,P,55,292.77,3,True,False,False,True,True,False
2026-06-12T11:15:00-04:00,2026-06-12,11:15,AMZN,P,55,237.93,4,True,False,False,True,True,False
2026-06-12T11:15:00-04:00,2026-06-12,11:15,NVDA,C,45,206.35,4,True,False,False,True,False,False
2026-06-12T11:15:00-04:00,2026-06-12,11:15,GOOGL,C,45,362.75,2,True,False,False,True,False,False
2026-06-12T11:30:00-04:00,2026-06-12,11:30,SPY,C,45,744.15,5,True,False,False,True,False,False
2026-06-12T11:30:00-04:00,2026-06-12,11:30,IWM,C,45,295.39,7,True,False,False,True,False,False
2026-06-12T11:30:00-04:00,2026-06-12,11:30,AAPL,P,55,292.88,4,True,False,False,True,True,False
2026-06-12T11:30:00-04:00,2026-06-12,11:30,AMZN,P,55,237.85,5,True,False,False,True,True,False
2026-06-12T11:30:00-04:00,2026-06-12,11:30,NVDA,C,45,206.96,5,True,False,False,True,False,False
2026-06-12T11:30:00-04:00,2026-06-12,11:30,GOOGL,C,45,365.5,3,True,False,False,True,False,False
2026-06-12T11:45:00-04:00,2026-06-12,11:45,AAPL,P,45,291.86,5,True,False,False,True,False,False
2026-06-12T11:45:00-04:00,2026-06-12,11:45,AMZN,P,65,236.15,6,True,True,False,True,False,False
2026-06-12T12:00:00-04:00,2026-06-12,12:00,AAPL,P,45,291.34,6,True,False,False,True,False,False
2026-06-12T12:00:00-04:00,2026-06-12,12:00,AMZN,P,45,235.97,7,True,False,False,True,False,False
2026-06-12T12:00:00-04:00,2026-06-12,12:00,NVDA,C,50,204.17,6,True,False,True,False,True,False
2026-06-12T12:15:00-04:00,2026-06-12,12:15,AMZN,P,55,236.51,8,True,False,False,True,True,False
2026-06-12T12:15:00-04:00,2026-06-12,12:15,NVDA,C,50,205.16,7,True,False,True,False,True,False
2026-06-12T12:30:00-04:00,2026-06-12,12:30,AAPL,P,45,291.58,7,True,False,False,True,False,False
2026-06-12T12:30:00-04:00,2026-06-12,12:30,AMZN,P,55,236.48,9,True,False,False,True,True,False
2026-06-12T12:45:00-04:00,2026-06-12,12:45,AAPL,P,45,290.98,8,True,False,False,True,False,False
2026-06-12T12:45:00-04:00,2026-06-12,12:45,AMZN,P,45,235.98,10,True,False,False,True,False,False
2026-06-12T12:45:00-04:00,2026-06-12,12:45,TSLA,C,70,396.16,2,True,True,True,False,True,False
2026-06-12T13:00:00-04:00,2026-06-12,13:00,AMZN,C,45,236.87,1,False,True,True,False,True,False
2026-06-12T13:45:00-04:00,2026-06-12,13:45,TSLA,C,45,401.97,3,True,False,False,True,False,False
2026-06-12T14:00:00-04:00,2026-06-12,14:00,AMZN,P,55,236.48,11,True,True,False,False,True,False
2026-06-12T14:00:00-04:00,2026-06-12,14:00,TSLA,C,45,403.22,4,True,False,False,True,False,False
2026-06-12T14:15:00-04:00,2026-06-12,14:15,META,P,45,566.03,1,True,False,False,True,False,False
2026-06-12T14:15:00-04:00,2026-06-12,14:15,TSLA,C,45,403.77,5,True,False,False,True,False,False
2026-06-15T10:00:00-04:00,2026-06-15,10:00,SPY,C,60,753.32,1,True,False,True,True,False,False
2026-06-15T10:00:00-04:00,2026-06-15,10:00,QQQ,C,70,739.68,1,True,False,True,True,False,True
2026-06-15T10:00:00-04:00,2026-06-15,10:00,AMZN,C,55,247.35,1,True,False,False,True,False,True
2026-06-15T10:00:00-04:00,2026-06-15,10:00,META,C,45,591.88,1,True,False,False,True,False,False
2026-06-15T10:00:00-04:00,2026-06-15,10:00,NVDA,C,60,208.76,1,True,False,True,True,False,False
2026-06-15T10:00:00-04:00,2026-06-15,10:00,GOOGL,C,70,369.22,1,True,True,True,False,False,True
2026-06-15T10:00:00-04:00,2026-06-15,10:00,AVGO,C,55,390.54,1,True,False,False,True,False,True
2026-06-15T10:00:00-04:00,2026-06-15,10:00,TSLA,C,45,411.2,1,True,False,False,True,False,False
2026-06-15T10:15:00-04:00,2026-06-15,10:15,SPY,C,60,753.03,2,True,False,True,True,False,False
2026-06-15T10:15:00-04:00,2026-06-15,10:15,QQQ,C,60,740.34,2,True,False,True,True,False,False
2026-06-15T10:15:00-04:00,2026-06-15,10:15,IWM,C,45,295.47,1,True,False,False,True,False,False
2026-06-15T10:15:00-04:00,2026-06-15,10:15,AMZN,C,45,246.12,2,True,False,False,True,False,False
2026-06-15T10:15:00-04:00,2026-06-15,10:15,META,C,55,592.3,2,True,False,False,True,False,True
2026-06-15T10:15:00-04:00,2026-06-15,10:15,NVDA,C,70,209.34,2,True,False,True,True,False,True
2026-06-15T10:15:00-04:00,2026-06-15,10:15,GOOGL,C,70,368.11,2,True,False,True,True,False,True
2026-06-15T10:15:00-04:00,2026-06-15,10:15,AVGO,C,60,391.63,2,True,False,True,True,False,False
2026-06-15T10:15:00-04:00,2026-06-15,10:15,TSLA,C,45,411.24,2,True,False,False,True,False,False
2026-06-15T10:30:00-04:00,2026-06-15,10:30,SPY,C,60,753.65,3,True,False,True,True,False,False
2026-06-15T10:30:00-04:00,2026-06-15,10:30,QQQ,C,60,740.99,3,True,False,True,True,False,False
2026-06-15T10:30:00-04:00,2026-06-15,10:30,IWM,C,45,295.46,2,True,False,False,True,False,False
2026-06-15T10:30:00-04:00,2026-06-15,10:30,AMZN,C,45,246.12,3,True,False,False,True,False,False
2026-06-15T10:30:00-04:00,2026-06-15,10:30,MSFT,C,45,398.33,1,True,False,False,True,False,False
2026-06-15T10:30:00-04:00,2026-06-15,10:30,META,C,45,590.34,3,True,False,False,True,False,False
2026-06-15T10:30:00-04:00,2026-06-15,10:30,NVDA,C,80,209.4,3,True,True,True,True,False,False
2026-06-15T10:30:00-04:00,2026-06-15,10:30,GOOGL,C,45,369.11,3,True,False,False,True,False,False
2026-06-15T10:30:00-04:00,2026-06-15,10:30,AVGO,C,45,390.54,3,True,False,False,True,False,False
2026-06-15T10:45:00-04:00,2026-06-15,10:45,SPY,C,60,753.32,4,True,False,True,True,False,False
2026-06-15T10:45:00-04:00,2026-06-15,10:45,QQQ,C,45,740.02,4,True,False,False,True,False,False
2026-06-15T10:45:00-04:00,2026-06-15,10:45,IWM,C,45,295.36,3,True,False,False,True,False,False
2026-06-15T10:45:00-04:00,2026-06-15,10:45,AAPL,C,45,296.2,1,True,False,False,True,False,False
2026-06-15T10:45:00-04:00,2026-06-15,10:45,AMZN,C,45,246.15,4,True,False,False,True,False,False
2026-06-15T10:45:00-04:00,2026-06-15,10:45,MSFT,C,45,397.48,2,True,False,False,True,False,False
2026-06-15T10:45:00-04:00,2026-06-15,10:45,META,C,45,592.64,4,True,False,False,True,False,False
2026-06-15T10:45:00-04:00,2026-06-15,10:45,NVDA,C,60,209.58,4,True,False,True,True,False,False
2026-06-15T10:45:00-04:00,2026-06-15,10:45,GOOGL,C,45,369.33,4,True,False,False,True,False,False
2026-06-15T10:45:00-04:00,2026-06-15,10:45,AVGO,C,45,389.73,4,True,False,False,True,False,False
2026-06-15T11:00:00-04:00,2026-06-15,11:00,SPY,C,60,754.19,5,True,False,True,True,False,False
2026-06-15T11:00:00-04:00,2026-06-15,11:00,QQQ,C,45,741.45,5,True,False,False,True,False,False
2026-06-15T11:00:00-04:00,2026-06-15,11:00,AAPL,C,45,296.48,2,True,False,False,True,False,False
2026-06-15T11:00:00-04:00,2026-06-15,11:00,AMZN,C,65,246.44,5,True,True,False,True,False,False
2026-06-15T11:00:00-04:00,2026-06-15,11:00,MSFT,C,45,398.14,3,True,False,False,True,False,False
2026-06-15T11:00:00-04:00,2026-06-15,11:00,META,C,45,594.23,5,True,False,False,True,False,False
2026-06-15T11:00:00-04:00,2026-06-15,11:00,NVDA,C,45,210.36,5,True,False,False,True,False,False
2026-06-15T11:00:00-04:00,2026-06-15,11:00,GOOGL,C,45,370.64,5,True,False,False,True,False,False
2026-06-15T11:00:00-04:00,2026-06-15,11:00,AVGO,C,45,388.76,5,True,False,False,True,False,False
2026-06-15T11:15:00-04:00,2026-06-15,11:15,SPY,C,45,754.67,6,True,False,False,True,False,False
2026-06-15T11:15:00-04:00,2026-06-15,11:15,QQQ,C,45,742.49,6,True,False,False,True,False,False
2026-06-15T11:15:00-04:00,2026-06-15,11:15,IWM,C,45,295.08,4,True,False,False,True,False,False
2026-06-15T11:15:00-04:00,2026-06-15,11:15,AAPL,C,45,296.31,3,True,False,False,True,False,False
2026-06-15T11:15:00-04:00,2026-06-15,11:15,AMZN,C,45,246.09,6,True,False,False,True,False,False
2026-06-15T11:15:00-04:00,2026-06-15,11:15,MSFT,C,45,398.48,4,True,False,False,True,False,False
2026-06-15T11:15:00-04:00,2026-06-15,11:15,META,C,45,595.64,6,True,False,False,True,False,False
2026-06-15T11:15:00-04:00,2026-06-15,11:15,NVDA,C,45,211.32,6,True,False,False,True,False,False
2026-06-15T11:15:00-04:00,2026-06-15,11:15,GOOGL,C,45,370.26,6,True,False,False,True,False,False
2026-06-15T11:15:00-04:00,2026-06-15,11:15,AVGO,C,60,391.79,6,True,False,True,True,False,False
2026-06-15T11:30:00-04:00,2026-06-15,11:30,SPY,C,45,755.14,7,True,False,False,True,False,False
2026-06-15T11:30:00-04:00,2026-06-15,11:30,QQQ,C,45,743.12,7,True,False,False,True,False,False
2026-06-15T11:30:00-04:00,2026-06-15,11:30,IWM,C,45,295.45,5,True,False,False,True,False,False
2026-06-15T11:30:00-04:00,2026-06-15,11:30,AAPL,C,45,296.53,4,True,False,False,True,False,False
2026-06-15T11:30:00-04:00,2026-06-15,11:30,AMZN,C,45,246.09,7,True,False,False,True,False,False
2026-06-15T11:30:00-04:00,2026-06-15,11:30,MSFT,C,45,398.49,5,True,False,False,True,False,False
2026-06-15T11:30:00-04:00,2026-06-15,11:30,META,C,45,596.75,7,True,False,False,True,False,False
2026-06-15T11:30:00-04:00,2026-06-15,11:30,NVDA,C,45,211.16,7,True,False,False,True,False,False
2026-06-15T11:30:00-04:00,2026-06-15,11:30,GOOGL,C,45,372.37,7,True,False,False,True,False,False
2026-06-15T11:30:00-04:00,2026-06-15,11:30,AVGO,C,80,392.35,7,True,True,True,True,False,False
2026-06-15T11:45:00-04:00,2026-06-15,11:45,SPY,C,45,755.43,8,True,False,False,True,False,False
2026-06-15T11:45:00-04:00,2026-06-15,11:45,QQQ,C,45,742.94,8,True,False,False,True,False,False
2026-06-15T11:45:00-04:00,2026-06-15,11:45,IWM,C,65,296.08,6,True,True,False,True,False,False
2026-06-15T11:45:00-04:00,2026-06-15,11:45,AAPL,C,45,297.03,5,True,False,False,True,False,False
2026-06-15T11:45:00-04:00,2026-06-15,11:45,AMZN,C,45,246.25,8,True,False,False,True,False,False
2026-06-15T11:45:00-04:00,2026-06-15,11:45,MSFT,C,45,399.03,6,True,False,False,True,False,False
2026-06-15T11:45:00-04:00,2026-06-15,11:45,META,C,45,599.21,8,True,False,False,True,False,False
2026-06-15T11:45:00-04:00,2026-06-15,11:45,NVDA,C,45,211.75,8,True,False,False,True,False,False
2026-06-15T11:45:00-04:00,2026-06-15,11:45,GOOGL,C,45,371.63,8,True,False,False,True,False,False
2026-06-15T11:45:00-04:00,2026-06-15,11:45,AVGO,C,60,392.68,8,True,False,True,True,False,False
2026-06-15T12:00:00-04:00,2026-06-15,12:00,SPY,C,45,756.14,9,True,False,False,True,False,False
2026-06-15T12:00:00-04:00,2026-06-15,12:00,QQQ,C,45,743.97,9,True,False,False,True,False,False
2026-06-15T12:00:00-04:00,2026-06-15,12:00,IWM,C,45,296.03,7,True,False,False,True,False,False
2026-06-15T12:00:00-04:00,2026-06-15,12:00,AAPL,C,45,297.48,6,True,False,False,True,False,False
2026-06-15T12:00:00-04:00,2026-06-15,12:00,AMZN,C,65,246.48,9,True,True,False,True,False,False
2026-06-15T12:00:00-04:00,2026-06-15,12:00,MSFT,C,45,400.81,7,True,False,False,True,False,False
2026-06-15T12:00:00-04:00,2026-06-15,12:00,META,C,45,599.82,9,True,False,False,True,False,False
2026-06-15T12:00:00-04:00,2026-06-15,12:00,NVDA,C,45,212.27,9,True,False,False,True,False,False
2026-06-15T12:00:00-04:00,2026-06-15,12:00,GOOGL,C,45,372.55,9,True,False,False,True,False,False
2026-06-15T12:00:00-04:00,2026-06-15,12:00,AVGO,C,45,393.73,9,True,False,False,True,False,False
2026-06-15T12:15:00-04:00,2026-06-15,12:15,SPY,C,45,756.16,10,True,False,False,True,False,False
2026-06-15T12:15:00-04:00,2026-06-15,12:15,QQQ,C,45,744.2,10,True,False,False,True,False,False
2026-06-15T12:15:00-04:00,2026-06-15,12:15,IWM,C,45,295.89,8,True,False,False,True,False,False
2026-06-15T12:15:00-04:00,2026-06-15,12:15,AAPL,C,45,297.08,7,True,False,False,True,False,False
2026-06-15T12:15:00-04:00,2026-06-15,12:15,MSFT,C,45,400.7,8,True,False,False,True,False,False
2026-06-15T12:15:00-04:00,2026-06-15,12:15,META,C,45,599.95,10,True,False,False,True,False,False
2026-06-15T12:15:00-04:00,2026-06-15,12:15,NVDA,C,45,212.44,10,True,False,False,True,False,False
2026-06-15T12:15:00-04:00,2026-06-15,12:15,GOOGL,C,45,371.76,10,True,False,False,True,False,False
2026-06-15T12:15:00-04:00,2026-06-15,12:15,AVGO,C,45,392.93,10,True,False,False,True,False,False
2026-06-15T12:30:00-04:00,2026-06-15,12:30,SPY,C,45,756.5,11,True,False,False,True,False,False
2026-06-15T12:30:00-04:00,2026-06-15,12:30,QQQ,C,45,744.47,11,True,False,False,True,False,False
2026-06-15T12:30:00-04:00,2026-06-15,12:30,IWM,C,45,296.05,9,True,False,False,True,False,False
2026-06-15T12:30:00-04:00,2026-06-15,12:30,MSFT,C,45,401.58,9,True,False,False,True,False,False
2026-06-15T12:30:00-04:00,2026-06-15,12:30,META,C,45,598.9,11,True,False,False,True,False,False
2026-06-15T12:30:00-04:00,2026-06-15,12:30,NVDA,C,45,212.35,11,True,False,False,True,False,False
2026-06-15T12:30:00-04:00,2026-06-15,12:30,GOOGL,C,45,371.04,11,True,False,False,True,False,False
2026-06-15T12:30:00-04:00,2026-06-15,12:30,TSLA,C,45,411.38,3,True,True,False,False,False,False
2026-06-15T12:45:00-04:00,2026-06-15,12:45,IWM,C,45,295.8,10,True,False,False,True,False,False
2026-06-15T12:45:00-04:00,2026-06-15,12:45,NVDA,C,45,212.24,12,True,False,False,True,False,False
2026-06-15T12:45:00-04:00,2026-06-15,12:45,GOOGL,C,45,370.89,12,True,False,False,True,False,False
2026-06-15T13:00:00-04:00,2026-06-15,13:00,NVDA,C,45,212.33,13,True,False,False,True,False,False
2026-06-15T13:45:00-04:00,2026-06-15,13:45,TSLA,C,45,411.29,4,True,True,False,False,False,False
2026-06-16T10:00:00-04:00,2026-06-16,10:00,IWM,C,60,296.0,1,True,True,True,False,False,False
2026-06-16T10:00:00-04:00,2026-06-16,10:00,NVDA,C,45,208.71,1,True,False,False,False,True,True
2026-06-16T10:00:00-04:00,2026-06-16,10:00,GOOGL,C,60,368.12,1,True,False,True,False,True,True
2026-06-16T10:00:00-04:00,2026-06-16,10:00,TSLA,C,45,409.77,1,True,False,False,False,True,True
2026-06-16T10:15:00-04:00,2026-06-16,10:15,GOOGL,C,70,370.25,2,True,True,True,False,False,True
2026-06-16T10:30:00-04:00,2026-06-16,10:30,QQQ,C,45,739.11,1,True,False,False,False,True,True
2026-06-16T10:30:00-04:00,2026-06-16,10:30,META,C,50,593.54,1,True,False,True,False,True,False
2026-06-16T11:00:00-04:00,2026-06-16,11:00,AAPL,C,45,297.55,1,True,False,False,True,False,False
2026-06-16T11:00:00-04:00,2026-06-16,11:00,AMZN,C,60,248.38,1,True,True,True,False,False,False
2026-06-16T11:15:00-04:00,2026-06-16,11:15,AAPL,C,45,298.13,2,True,False,False,True,False,False
2026-06-16T11:15:00-04:00,2026-06-16,11:15,NVDA,C,45,209.7,2,False,True,True,False,True,False
2026-06-16T11:30:00-04:00,2026-06-16,11:30,AAPL,C,45,298.2,3,True,False,False,True,False,False
2026-06-16T11:30:00-04:00,2026-06-16,11:30,AMZN,C,45,248.73,2,True,False,False,True,False,False
2026-06-16T11:30:00-04:00,2026-06-16,11:30,GOOGL,C,45,375.23,3,True,False,False,True,False,False
2026-06-16T11:45:00-04:00,2026-06-16,11:45,AAPL,C,45,298.08,4,True,False,False,True,False,False
2026-06-16T11:45:00-04:00,2026-06-16,11:45,AMZN,C,45,248.34,3,True,False,False,True,False,False
2026-06-16T11:45:00-04:00,2026-06-16,11:45,META,C,50,595.19,2,True,False,True,False,True,False
2026-06-16T11:45:00-04:00,2026-06-16,11:45,GOOGL,C,45,373.85,4,True,False,False,True,False,False
2026-06-16T11:45:00-04:00,2026-06-16,11:45,AVGO,P,45,380.24,1,True,False,False,True,False,False
2026-06-16T12:00:00-04:00,2026-06-16,12:00,AAPL,C,45,298.17,5,True,False,False,True,False,False
2026-06-16T12:00:00-04:00,2026-06-16,12:00,AMZN,C,45,248.0,4,True,False,False,True,False,False
2026-06-16T12:00:00-04:00,2026-06-16,12:00,META,C,50,595.28,3,True,False,True,False,True,False
2026-06-16T12:00:00-04:00,2026-06-16,12:00,GOOGL,C,45,372.85,5,True,False,False,True,False,False
2026-06-16T12:00:00-04:00,2026-06-16,12:00,AVGO,P,45,379.23,2,True,False,False,True,False,False
2026-06-16T12:15:00-04:00,2026-06-16,12:15,AAPL,C,45,299.1,6,True,False,False,True,False,False
2026-06-16T12:15:00-04:00,2026-06-16,12:15,AMZN,C,45,247.57,5,True,False,False,True,False,False
2026-06-16T12:15:00-04:00,2026-06-16,12:15,META,C,50,595.89,4,True,False,True,False,True,False
2026-06-16T12:15:00-04:00,2026-06-16,12:15,GOOGL,C,45,372.65,6,True,False,False,True,False,False
2026-06-16T12:15:00-04:00,2026-06-16,12:15,AVGO,P,45,378.94,3,True,False,False,True,False,False
2026-06-16T12:30:00-04:00,2026-06-16,12:30,AAPL,C,45,298.94,7,True,False,False,True,False,False
2026-06-16T12:30:00-04:00,2026-06-16,12:30,AMZN,C,70,247.14,6,True,False,True,True,True,False
2026-06-16T12:30:00-04:00,2026-06-16,12:30,GOOGL,C,45,372.21,7,True,False,False,True,False,False
2026-06-16T12:30:00-04:00,2026-06-16,12:30,AVGO,P,45,378.95,4,True,False,False,True,False,False
2026-06-16T12:45:00-04:00,2026-06-16,12:45,AAPL,C,45,299.08,8,True,False,False,True,False,False
2026-06-16T12:45:00-04:00,2026-06-16,12:45,AMZN,C,50,246.79,7,True,False,True,False,True,False
2026-06-16T12:45:00-04:00,2026-06-16,12:45,GOOGL,C,55,371.7,8,True,False,False,True,True,False
2026-06-16T13:00:00-04:00,2026-06-16,13:00,AAPL,C,45,299.47,9,True,False,False,True,False,False
2026-06-16T13:15:00-04:00,2026-06-16,13:15,AAPL,C,45,299.67,10,True,False,False,True,False,False
2026-06-16T13:30:00-04:00,2026-06-16,13:30,AAPL,C,45,300.27,11,True,False,False,True,False,False
2026-06-16T13:45:00-04:00,2026-06-16,13:45,AAPL,C,45,299.84,12,True,False,False,True,False,False
2026-06-16T13:45:00-04:00,2026-06-16,13:45,META,C,50,595.27,5,True,False,True,False,True,False
2026-06-16T14:00:00-04:00,2026-06-16,14:00,META,C,50,595.91,6,True,False,True,False,True,False
2026-06-16T14:00:00-04:00,2026-06-16,14:00,NVDA,C,45,209.43,3,False,True,True,False,True,False
2026-06-16T14:15:00-04:00,2026-06-16,14:15,GOOGL,C,45,372.55,9,True,True,False,False,False,False
2026-06-17T10:00:00-04:00,2026-06-17,10:00,IWM,P,60,293.81,1,True,False,True,False,True,True
2026-06-17T10:00:00-04:00,2026-06-17,10:00,MSFT,P,50,389.8,1,True,False,True,False,False,True
2026-06-17T10:00:00-04:00,2026-06-17,10:00,NVDA,P,70,207.19,1,True,False,True,True,False,True
2026-06-17T10:00:00-04:00,2026-06-17,10:00,TSLA,P,70,398.55,1,True,False,True,True,False,True
2026-06-17T10:15:00-04:00,2026-06-17,10:15,IWM,P,50,294.48,2,True,False,True,False,True,False
2026-06-17T10:15:00-04:00,2026-06-17,10:15,MSFT,P,80,388.42,2,True,True,True,True,False,False
2026-06-17T10:15:00-04:00,2026-06-17,10:15,NVDA,P,45,207.45,2,True,False,False,True,False,False
2026-06-17T10:15:00-04:00,2026-06-17,10:15,TSLA,P,55,400.86,2,True,False,False,True,False,True
2026-06-17T10:30:00-04:00,2026-06-17,10:30,MSFT,P,45,387.38,3,True,False,False,True,False,False
2026-06-17T10:30:00-04:00,2026-06-17,10:30,NVDA,P,45,207.89,3,True,False,False,True,False,False
2026-06-17T10:30:00-04:00,2026-06-17,10:30,AVGO,C,55,397.32,1,True,False,False,True,False,True
2026-06-17T10:30:00-04:00,2026-06-17,10:30,TSLA,P,70,401.68,3,True,False,True,True,False,True
2026-06-17T10:45:00-04:00,2026-06-17,10:45,QQQ,P,50,733.01,1,True,False,True,False,True,False
2026-06-17T10:45:00-04:00,2026-06-17,10:45,IWM,C,55,293.55,1,False,False,True,True,True,True
2026-06-17T10:45:00-04:00,2026-06-17,10:45,AAPL,C,50,299.6,1,True,False,True,False,True,False
2026-06-17T10:45:00-04:00,2026-06-17,10:45,AMZN,P,55,241.26,1,True,False,False,True,False,True
2026-06-17T10:45:00-04:00,2026-06-17,10:45,MSFT,P,45,386.3,4,True,False,False,True,False,False
2026-06-17T10:45:00-04:00,2026-06-17,10:45,NVDA,P,45,207.4,4,True,False,False,True,False,False
2026-06-17T10:45:00-04:00,2026-06-17,10:45,AVGO,C,45,395.43,2,True,False,False,True,False,False
2026-06-17T10:45:00-04:00,2026-06-17,10:45,TSLA,P,45,399.43,4,True,False,False,True,False,False
2026-06-17T11:00:00-04:00,2026-06-17,11:00,IWM,C,45,293.59,2,False,False,True,True,True,False
2026-06-17T11:00:00-04:00,2026-06-17,11:00,AMZN,P,45,240.77,2,True,False,False,True,False,False
2026-06-17T11:00:00-04:00,2026-06-17,11:00,MSFT,P,45,384.9,5,True,False,False,True,False,False
2026-06-17T11:00:00-04:00,2026-06-17,11:00,NVDA,P,45,206.46,5,True,False,False,True,False,False
2026-06-17T11:00:00-04:00,2026-06-17,11:00,AVGO,C,45,393.51,3,True,False,False,True,False,False
2026-06-17T11:00:00-04:00,2026-06-17,11:00,TSLA,P,55,399.59,5,True,False,False,True,False,True
2026-06-17T11:15:00-04:00,2026-06-17,11:15,AMZN,P,45,240.54,3,True,False,False,True,False,False
2026-06-17T11:15:00-04:00,2026-06-17,11:15,MSFT,P,45,385.98,6,True,False,False,True,False,False
2026-06-17T11:15:00-04:00,2026-06-17,11:15,META,P,45,581.09,1,True,False,False,True,False,False
2026-06-17T11:15:00-04:00,2026-06-17,11:15,NVDA,P,45,206.87,6,True,False,False,True,False,False
2026-06-17T11:15:00-04:00,2026-06-17,11:15,GOOGL,P,45,363.79,1,True,False,False,True,False,False
2026-06-17T11:15:00-04:00,2026-06-17,11:15,AVGO,C,45,399.2,4,True,False,False,True,False,False
2026-06-17T11:15:00-04:00,2026-06-17,11:15,TSLA,P,45,398.22,6,True,False,False,True,False,False
2026-06-17T11:30:00-04:00,2026-06-17,11:30,QQQ,C,45,732.64,1,False,False,True,True,True,False
2026-06-17T11:30:00-04:00,2026-06-17,11:30,QQQ,P,50,732.64,2,True,False,True,False,True,False
2026-06-17T11:30:00-04:00,2026-06-17,11:30,IWM,C,45,294.73,3,True,False,False,True,False,False
2026-06-17T11:30:00-04:00,2026-06-17,11:30,AMZN,P,45,240.34,4,True,False,False,True,False,False
2026-06-17T11:30:00-04:00,2026-06-17,11:30,MSFT,P,45,385.42,7,True,False,False,True,False,False
2026-06-17T11:30:00-04:00,2026-06-17,11:30,META,P,45,580.55,2,True,False,False,True,False,False
2026-06-17T11:30:00-04:00,2026-06-17,11:30,NVDA,P,45,206.45,7,True,False,False,True,False,False
2026-06-17T11:30:00-04:00,2026-06-17,11:30,GOOGL,P,45,364.12,2,True,False,False,True,False,False
2026-06-17T11:30:00-04:00,2026-06-17,11:30,AVGO,C,45,397.32,5,True,False,False,True,False,False
2026-06-17T11:30:00-04:00,2026-06-17,11:30,TSLA,P,45,398.67,7,True,False,False,True,False,False
2026-06-17T11:45:00-04:00,2026-06-17,11:45,QQQ,C,45,732.58,2,False,False,True,True,True,False
2026-06-17T11:45:00-04:00,2026-06-17,11:45,QQQ,P,50,732.58,3,True,False,True,False,True,False
2026-06-17T11:45:00-04:00,2026-06-17,11:45,IWM,C,45,295.01,4,True,False,False,True,False,False
2026-06-17T11:45:00-04:00,2026-06-17,11:45,AMZN,P,45,240.46,5,True,False,False,True,False,False
2026-06-17T11:45:00-04:00,2026-06-17,11:45,MSFT,P,45,386.21,8,True,False,False,True,False,False
2026-06-17T11:45:00-04:00,2026-06-17,11:45,META,P,45,580.75,3,True,False,False,True,False,False
2026-06-17T11:45:00-04:00,2026-06-17,11:45,NVDA,P,45,206.46,8,True,False,False,True,False,False
2026-06-17T11:45:00-04:00,2026-06-17,11:45,GOOGL,P,45,364.89,3,True,False,False,True,False,False
2026-06-17T11:45:00-04:00,2026-06-17,11:45,AVGO,C,45,396.52,6,True,False,False,True,False,False
2026-06-17T11:45:00-04:00,2026-06-17,11:45,TSLA,C,45,400.5,1,False,True,True,False,True,False
2026-06-17T12:00:00-04:00,2026-06-17,12:00,QQQ,C,65,733.43,3,False,True,True,True,True,False
2026-06-17T12:00:00-04:00,2026-06-17,12:00,QQQ,P,50,733.43,4,True,False,True,False,True,False
2026-06-17T12:00:00-04:00,2026-06-17,12:00,IWM,C,45,295.42,5,True,False,False,True,False,False
2026-06-17T12:00:00-04:00,2026-06-17,12:00,AMZN,P,45,240.21,6,True,False,False,True,False,False
2026-06-17T12:00:00-04:00,2026-06-17,12:00,MSFT,P,45,385.38,9,True,False,False,True,False,False
2026-06-17T12:00:00-04:00,2026-06-17,12:00,META,P,45,580.66,4,True,False,False,True,False,False
2026-06-17T12:00:00-04:00,2026-06-17,12:00,NVDA,P,45,206.41,9,True,False,False,True,False,False
2026-06-17T12:00:00-04:00,2026-06-17,12:00,GOOGL,P,45,364.92,4,True,False,False,True,False,False
2026-06-17T12:00:00-04:00,2026-06-17,12:00,AVGO,C,45,398.43,7,True,False,False,True,False,False
2026-06-17T12:15:00-04:00,2026-06-17,12:15,QQQ,C,45,733.26,4,False,False,True,True,True,False
2026-06-17T12:15:00-04:00,2026-06-17,12:15,QQQ,P,50,733.26,5,True,False,True,False,True,False
2026-06-17T12:15:00-04:00,2026-06-17,12:15,IWM,C,45,295.31,6,True,False,False,True,False,False
2026-06-17T12:15:00-04:00,2026-06-17,12:15,AMZN,P,45,239.93,7,True,False,False,True,False,False
2026-06-17T12:15:00-04:00,2026-06-17,12:15,MSFT,P,55,385.72,10,True,False,False,True,False,True
2026-06-17T12:15:00-04:00,2026-06-17,12:15,META,P,45,580.6,5,True,False,False,True,False,False
2026-06-17T12:15:00-04:00,2026-06-17,12:15,GOOGL,P,45,364.44,5,True,False,False,True,False,False
2026-06-17T12:15:00-04:00,2026-06-17,12:15,AVGO,C,45,397.8,8,True,False,False,True,False,False
2026-06-17T12:15:00-04:00,2026-06-17,12:15,TSLA,P,50,403.09,8,True,False,True,False,True,False
2026-06-17T12:30:00-04:00,2026-06-17,12:30,QQQ,C,45,733.65,5,False,False,True,True,True,False
2026-06-17T12:30:00-04:00,2026-06-17,12:30,QQQ,P,50,733.65,6,True,False,True,False,True,False
2026-06-17T12:30:00-04:00,2026-06-17,12:30,IWM,C,45,295.45,7,True,False,False,True,False,False
2026-06-17T12:30:00-04:00,2026-06-17,12:30,MSFT,P,45,385.38,11,True,False,False,True,False,False
2026-06-17T12:30:00-04:00,2026-06-17,12:30,META,P,45,580.3,6,True,False,False,True,False,False
2026-06-17T12:45:00-04:00,2026-06-17,12:45,QQQ,C,45,732.98,6,False,False,True,True,True,False
2026-06-17T12:45:00-04:00,2026-06-17,12:45,QQQ,P,70,732.98,7,True,True,True,False,True,False
2026-06-17T12:45:00-04:00,2026-06-17,12:45,IWM,C,45,295.18,8,True,False,False,True,False,False
2026-06-17T12:45:00-04:00,2026-06-17,12:45,AMZN,P,45,239.83,8,True,False,False,True,False,False
2026-06-17T12:45:00-04:00,2026-06-17,12:45,MSFT,P,45,384.52,12,True,False,False,True,False,False
2026-06-17T12:45:00-04:00,2026-06-17,12:45,META,P,45,578.37,7,True,False,False,True,False,False
2026-06-17T12:45:00-04:00,2026-06-17,12:45,TSLA,P,50,403.52,9,True,False,True,False,True,False
2026-06-17T13:00:00-04:00,2026-06-17,13:00,IWM,C,45,295.55,9,True,False,False,True,False,False
2026-06-17T13:00:00-04:00,2026-06-17,13:00,MSFT,P,45,384.11,13,True,False,False,True,False,False
2026-06-17T13:00:00-04:00,2026-06-17,13:00,META,P,45,578.32,8,True,False,False,True,False,False
2026-06-17T13:15:00-04:00,2026-06-17,13:15,IWM,C,45,295.49,10,True,False,False,True,False,False
2026-06-17T13:15:00-04:00,2026-06-17,13:15,MSFT,P,45,384.27,14,True,False,False,True,False,False
2026-06-17T13:15:00-04:00,2026-06-17,13:15,TSLA,P,50,403.36,10,True,False,True,False,True,False
2026-06-17T14:00:00-04:00,2026-06-17,14:00,QQQ,C,65,734.07,7,False,True,True,True,True,False
2026-06-17T14:00:00-04:00,2026-06-17,14:00,QQQ,P,50,734.07,8,True,False,True,False,True,False
2026-06-17T14:15:00-04:00,2026-06-17,14:15,QQQ,P,50,729.12,9,True,False,True,False,False,True
2026-06-17T14:15:00-04:00,2026-06-17,14:15,IWM,C,60,292.46,11,True,False,True,False,True,True
2026-06-17T14:15:00-04:00,2026-06-17,14:15,NVDA,P,55,206.16,10,True,True,False,False,False,True
2026-06-17T14:15:00-04:00,2026-06-17,14:15,TSLA,C,45,402.3,2,False,False,True,True,True,False
2026-06-18T10:00:00-04:00,2026-06-18,10:00,QQQ,P,50,734.21,1,True,False,True,False,True,False
2026-06-18T10:00:00-04:00,2026-06-18,10:00,AAPL,P,45,298.27,1,True,False,False,False,True,True
2026-06-18T10:00:00-04:00,2026-06-18,10:00,AMZN,C,45,238.93,1,False,True,True,False,True,False
2026-06-18T10:00:00-04:00,2026-06-18,10:00,MSFT,P,45,376.23,1,True,False,False,True,False,False
2026-06-18T10:00:00-04:00,2026-06-18,10:00,META,P,45,565.93,1,True,False,False,True,False,False
2026-06-18T10:00:00-04:00,2026-06-18,10:00,NVDA,C,45,207.81,1,False,True,True,False,True,False
2026-06-18T10:00:00-04:00,2026-06-18,10:00,NVDA,P,50,207.81,1,True,False,True,False,True,False
2026-06-18T10:00:00-04:00,2026-06-18,10:00,GOOGL,P,45,360.45,1,True,False,False,True,False,False
2026-06-18T10:00:00-04:00,2026-06-18,10:00,AVGO,C,80,408.98,1,True,True,True,True,False,False
2026-06-18T10:00:00-04:00,2026-06-18,10:00,TSLA,P,55,388.57,1,True,False,False,True,False,True
2026-06-18T10:15:00-04:00,2026-06-18,10:15,QQQ,P,50,735.64,2,True,False,True,False,True,False
2026-06-18T10:15:00-04:00,2026-06-18,10:15,IWM,P,45,291.78,1,True,False,False,True,False,False
2026-06-18T10:15:00-04:00,2026-06-18,10:15,AAPL,P,45,298.99,2,True,False,False,False,True,True
2026-06-18T10:15:00-04:00,2026-06-18,10:15,MSFT,P,50,378.35,2,True,False,True,False,False,True
2026-06-18T10:15:00-04:00,2026-06-18,10:15,GOOGL,C,45,362.9,1,False,True,True,False,True,False
2026-06-18T10:15:00-04:00,2026-06-18,10:15,AVGO,C,60,407.46,2,True,False,True,True,False,False
2026-06-18T10:15:00-04:00,2026-06-18,10:15,TSLA,P,45,389.36,2,True,False,False,True,False,False
2026-06-18T10:30:00-04:00,2026-06-18,10:30,SPY,C,45,745.37,1,False,True,True,False,True,False
2026-06-18T10:30:00-04:00,2026-06-18,10:30,SPY,P,50,745.37,1,True,False,True,False,True,False
2026-06-18T10:30:00-04:00,2026-06-18,10:30,AMZN,P,50,239.4,1,True,False,True,False,True,False
2026-06-18T10:30:00-04:00,2026-06-18,10:30,GOOGL,P,45,361.86,2,True,False,False,True,False,False
2026-06-18T10:30:00-04:00,2026-06-18,10:30,AVGO,C,60,407.8,3,True,False,True,True,False,False
2026-06-18T10:30:00-04:00,2026-06-18,10:30,TSLA,P,45,386.14,3,True,False,False,True,False,False
2026-06-18T10:45:00-04:00,2026-06-18,10:45,SPY,P,50,746.14,2,True,False,True,False,True,False
2026-06-18T10:45:00-04:00,2026-06-18,10:45,IWM,C,45,293.35,1,False,True,True,False,True,False
2026-06-18T10:45:00-04:00,2026-06-18,10:45,AAPL,C,45,299.71,1,True,False,False,True,False,False
2026-06-18T10:45:00-04:00,2026-06-18,10:45,AVGO,C,60,408.56,4,True,False,True,True,False,False
2026-06-18T10:45:00-04:00,2026-06-18,10:45,TSLA,P,45,386.91,4,True,False,False,True,False,False
2026-06-18T11:00:00-04:00,2026-06-18,11:00,SPY,P,50,746.84,3,True,False,True,False,True,False
2026-06-18T11:00:00-04:00,2026-06-18,11:00,IWM,P,50,294.25,2,True,False,True,False,True,False
2026-06-18T11:00:00-04:00,2026-06-18,11:00,AAPL,C,45,299.18,2,True,False,False,True,False,False
2026-06-18T11:00:00-04:00,2026-06-18,11:00,AMZN,P,50,239.9,2,True,False,True,False,True,False
2026-06-18T11:00:00-04:00,2026-06-18,11:00,AVGO,C,45,409.32,5,True,False,False,True,False,False
2026-06-18T11:00:00-04:00,2026-06-18,11:00,TSLA,P,45,388.48,5,True,False,False,True,False,False
2026-06-18T11:15:00-04:00,2026-06-18,11:15,SPY,P,50,746.13,4,True,False,True,False,True,False
2026-06-18T11:15:00-04:00,2026-06-18,11:15,QQQ,C,45,738.04,1,True,False,False,True,False,False
2026-06-18T11:15:00-04:00,2026-06-18,11:15,IWM,P,50,293.8,3,True,False,True,False,True,False
2026-06-18T11:15:00-04:00,2026-06-18,11:15,AAPL,C,55,298.07,3,True,False,False,True,True,False
2026-06-18T11:15:00-04:00,2026-06-18,11:15,AMZN,P,45,241.42,3,True,False,False,False,True,True
2026-06-18T11:15:00-04:00,2026-06-18,11:15,MSFT,P,65,375.96,3,True,True,False,True,False,False
2026-06-18T11:15:00-04:00,2026-06-18,11:15,AVGO,C,45,410.11,6,True,False,False,True,False,False
2026-06-18T11:15:00-04:00,2026-06-18,11:15,TSLA,P,45,389.26,6,True,False,False,True,False,False
2026-06-18T11:30:00-04:00,2026-06-18,11:30,SPY,P,70,745.38,5,True,True,True,False,True,False
2026-06-18T11:30:00-04:00,2026-06-18,11:30,QQQ,C,45,736.98,2,True,False,False,True,False,False
2026-06-18T11:30:00-04:00,2026-06-18,11:30,AAPL,C,55,297.11,4,True,False,False,True,True,False
2026-06-18T11:30:00-04:00,2026-06-18,11:30,MSFT,P,45,375.17,4,True,False,False,True,False,False
2026-06-18T11:30:00-04:00,2026-06-18,11:30,AVGO,C,45,408.8,7,True,False,False,True,False,False
2026-06-18T11:45:00-04:00,2026-06-18,11:45,QQQ,C,65,735.89,3,True,False,False,True,True,True
2026-06-18T11:45:00-04:00,2026-06-18,11:45,IWM,P,45,293.48,4,True,False,False,False,True,True
2026-06-18T11:45:00-04:00,2026-06-18,11:45,AAPL,C,50,296.19,5,True,False,True,False,True,False
2026-06-18T11:45:00-04:00,2026-06-18,11:45,MSFT,P,45,375.35,5,True,False,False,True,False,False
2026-06-18T11:45:00-04:00,2026-06-18,11:45,AVGO,C,60,406.88,8,True,False,True,True,False,False
2026-06-18T11:45:00-04:00,2026-06-18,11:45,TSLA,P,45,388.38,7,True,False,False,True,False,False
2026-06-18T12:00:00-04:00,2026-06-18,12:00,SPY,P,50,746.25,6,True,False,True,False,True,False
2026-06-18T12:00:00-04:00,2026-06-18,12:00,QQQ,C,45,738.3,4,True,False,False,True,False,False
2026-06-18T12:00:00-04:00,2026-06-18,12:00,IWM,C,45,293.85,2,False,False,True,True,True,False
2026-06-18T12:00:00-04:00,2026-06-18,12:00,AAPL,C,50,297.38,6,True,False,True,False,True,False
2026-06-18T12:00:00-04:00,2026-06-18,12:00,NVDA,C,45,208.97,2,True,False,False,True,False,False
2026-06-18T12:00:00-04:00,2026-06-18,12:00,GOOGL,P,50,365.92,3,True,False,True,False,True,False
2026-06-18T12:00:00-04:00,2026-06-18,12:00,AVGO,C,60,408.02,9,True,False,True,True,False,False
2026-06-18T12:00:00-04:00,2026-06-18,12:00,TSLA,C,45,390.95,1,False,True,True,False,True,False
2026-06-18T12:15:00-04:00,2026-06-18,12:15,SPY,C,55,746.19,2,False,False,True,True,True,True
2026-06-18T12:15:00-04:00,2026-06-18,12:15,SPY,P,60,746.19,7,True,False,True,False,True,True
2026-06-18T12:15:00-04:00,2026-06-18,12:15,QQQ,C,45,738.48,5,True,False,False,True,False,False
2026-06-18T12:15:00-04:00,2026-06-18,12:15,IWM,C,45,294.19,3,False,False,True,True,True,False
2026-06-18T12:15:00-04:00,2026-06-18,12:15,META,P,50,575.7,2,True,False,True,False,True,False
2026-06-18T12:15:00-04:00,2026-06-18,12:15,NVDA,C,45,209.24,3,True,False,False,True,False,False
2026-06-18T12:15:00-04:00,2026-06-18,12:15,AVGO,C,45,409.31,10,True,False,False,True,False,False
2026-06-18T12:30:00-04:00,2026-06-18,12:30,SPY,C,45,746.65,3,False,False,True,True,True,False
2026-06-18T12:30:00-04:00,2026-06-18,12:30,SPY,P,50,746.65,8,True,False,True,False,True,False
2026-06-18T12:30:00-04:00,2026-06-18,12:30,QQQ,C,45,739.26,6,True,False,False,True,False,False
2026-06-18T12:30:00-04:00,2026-06-18,12:30,IWM,C,45,294.16,4,False,False,True,True,True,False
2026-06-18T12:30:00-04:00,2026-06-18,12:30,MSFT,P,50,378.6,6,True,False,True,False,True,False
2026-06-18T12:30:00-04:00,2026-06-18,12:30,META,P,50,576.03,3,True,False,True,False,True,False
2026-06-18T12:30:00-04:00,2026-06-18,12:30,NVDA,C,45,209.99,4,True,False,False,True,False,False
2026-06-18T12:30:00-04:00,2026-06-18,12:30,AVGO,C,45,408.59,11,True,False,False,True,False,False
2026-06-18T12:45:00-04:00,2026-06-18,12:45,SPY,P,50,746.96,9,True,False,True,False,True,False
2026-06-18T12:45:00-04:00,2026-06-18,12:45,QQQ,C,45,739.48,7,True,False,False,True,False,False
2026-06-18T12:45:00-04:00,2026-06-18,12:45,IWM,C,45,294.08,5,False,False,True,True,True,False
2026-06-18T12:45:00-04:00,2026-06-18,12:45,MSFT,P,50,378.92,7,True,False,True,False,True,False
2026-06-18T12:45:00-04:00,2026-06-18,12:45,NVDA,C,45,210.71,5,True,False,False,True,False,False
2026-06-18T12:45:00-04:00,2026-06-18,12:45,AVGO,C,60,408.04,12,True,False,True,True,False,False
2026-06-18T13:00:00-04:00,2026-06-18,13:00,SPY,P,50,746.64,10,True,False,True,False,True,False
2026-06-18T13:00:00-04:00,2026-06-18,13:00,QQQ,C,45,739.34,8,True,False,False,True,False,False
2026-06-18T13:00:00-04:00,2026-06-18,13:00,IWM,C,45,294.02,6,False,False,True,True,True,False
2026-06-18T13:00:00-04:00,2026-06-18,13:00,MSFT,P,50,379.51,8,True,False,True,False,True,False
2026-06-18T13:00:00-04:00,2026-06-18,13:00,NVDA,C,45,210.08,6,True,False,False,True,False,False
2026-06-18T13:15:00-04:00,2026-06-18,13:15,QQQ,C,45,740.01,9,True,False,False,True,False,False
2026-06-18T13:15:00-04:00,2026-06-18,13:15,AAPL,C,55,298.2,7,True,True,False,False,True,False
2026-06-18T13:15:00-04:00,2026-06-18,13:15,NVDA,C,45,209.96,7,True,False,False,True,False,False
2026-06-18T13:30:00-04:00,2026-06-18,13:30,QQQ,C,45,740.0,10,True,False,False,True,False,False
2026-06-18T13:30:00-04:00,2026-06-18,13:30,IWM,C,55,294.31,7,True,False,False,True,True,False
2026-06-18T13:30:00-04:00,2026-06-18,13:30,AMZN,C,45,245.29,2,True,False,False,True,False,False
2026-06-18T13:45:00-04:00,2026-06-18,13:45,QQQ,C,45,740.32,11,True,False,False,True,False,False
2026-06-18T13:45:00-04:00,2026-06-18,13:45,IWM,C,45,294.62,8,True,False,False,True,False,False
2026-06-18T13:45:00-04:00,2026-06-18,13:45,AMZN,C,45,244.43,3,True,False,False,True,False,False
2026-06-18T14:15:00-04:00,2026-06-18,14:15,MSFT,P,50,378.87,9,True,False,True,False,True,False
2026-06-22T10:00:00-04:00,2026-06-22,10:00,QQQ,C,60,744.7,1,True,False,True,True,False,False
2026-06-22T10:00:00-04:00,2026-06-22,10:00,IWM,C,60,299.45,1,True,False,True,True,False,False
2026-06-22T10:00:00-04:00,2026-06-22,10:00,AAPL,C,45,301.74,1,True,False,False,True,False,False
2026-06-22T10:00:00-04:00,2026-06-22,10:00,NVDA,C,45,213.07,1,True,False,False,True,False,False
2026-06-22T10:00:00-04:00,2026-06-22,10:00,GOOGL,P,55,354.12,1,True,False,False,True,False,True
2026-06-22T10:15:00-04:00,2026-06-22,10:15,IWM,C,45,298.31,2,True,False,False,True,False,False
2026-06-22T10:15:00-04:00,2026-06-22,10:15,AAPL,C,55,301.85,2,True,False,False,True,False,True
2026-06-22T10:15:00-04:00,2026-06-22,10:15,AMZN,P,55,237.69,1,True,False,False,True,False,True
2026-06-22T10:15:00-04:00,2026-06-22,10:15,MSFT,P,60,377.65,1,True,True,True,False,False,False
2026-06-22T10:15:00-04:00,2026-06-22,10:15,META,P,80,572.39,1,True,True,True,True,False,False
2026-06-22T10:15:00-04:00,2026-06-22,10:15,NVDA,C,45,212.63,2,True,False,False,True,False,False
2026-06-22T10:15:00-04:00,2026-06-22,10:15,GOOGL,P,55,350.35,2,True,False,False,True,False,True
2026-06-22T10:15:00-04:00,2026-06-22,10:15,TSLA,C,55,413.38,1,True,False,False,True,False,True
2026-06-22T10:30:00-04:00,2026-06-22,10:30,QQQ,C,50,740.43,2,True,False,True,False,True,False
2026-06-22T10:30:00-04:00,2026-06-22,10:30,AAPL,C,45,301.2,3,True,False,False,True,False,False
2026-06-22T10:30:00-04:00,2026-06-22,10:30,AMZN,P,45,235.71,2,True,False,False,True,False,False
2026-06-22T10:30:00-04:00,2026-06-22,10:30,MSFT,P,45,373.63,2,True,False,False,True,False,False
2026-06-22T10:30:00-04:00,2026-06-22,10:30,META,P,60,567.65,2,True,False,True,True,False,False
2026-06-22T10:30:00-04:00,2026-06-22,10:30,GOOGL,P,55,348.83,3,True,False,False,True,False,True
2026-06-22T10:30:00-04:00,2026-06-22,10:30,TSLA,C,55,409.8,2,True,False,False,True,False,True
2026-06-22T10:45:00-04:00,2026-06-22,10:45,AMZN,P,45,235.3,3,True,False,False,True,False,False
2026-06-22T10:45:00-04:00,2026-06-22,10:45,MSFT,P,45,373.94,3,True,False,False,True,False,False
2026-06-22T10:45:00-04:00,2026-06-22,10:45,META,P,45,567.35,3,True,False,False,True,False,False
2026-06-22T10:45:00-04:00,2026-06-22,10:45,GOOGL,P,55,347.6,4,True,False,False,True,False,True
2026-06-22T11:00:00-04:00,2026-06-22,11:00,SPY,P,45,744.72,1,True,False,False,True,False,False
2026-06-22T11:00:00-04:00,2026-06-22,11:00,AMZN,P,45,234.28,4,True,False,False,True,False,False
2026-06-22T11:00:00-04:00,2026-06-22,11:00,MSFT,P,45,372.23,4,True,False,False,True,False,False
2026-06-22T11:00:00-04:00,2026-06-22,11:00,META,P,45,562.69,4,True,False,False,True,False,False
2026-06-22T11:00:00-04:00,2026-06-22,11:00,GOOGL,P,55,345.37,5,True,False,False,True,False,True
2026-06-22T11:15:00-04:00,2026-06-22,11:15,SPY,P,45,744.47,2,True,False,False,True,False,False
2026-06-22T11:15:00-04:00,2026-06-22,11:15,AAPL,C,45,300.11,4,True,False,False,True,False,False
2026-06-22T11:15:00-04:00,2026-06-22,11:15,AMZN,P,45,233.6,5,True,False,False,True,False,False
2026-06-22T11:15:00-04:00,2026-06-22,11:15,MSFT,P,45,371.3,5,True,False,False,True,False,False
2026-06-22T11:15:00-04:00,2026-06-22,11:15,META,P,45,561.04,5,True,False,False,True,False,False
2026-06-22T11:15:00-04:00,2026-06-22,11:15,GOOGL,P,55,343.04,6,True,False,False,True,False,True
2026-06-22T11:15:00-04:00,2026-06-22,11:15,TSLA,C,45,410.82,3,True,False,False,True,False,False
2026-06-22T11:30:00-04:00,2026-06-22,11:30,SPY,P,45,744.39,3,True,False,False,True,False,False
2026-06-22T11:30:00-04:00,2026-06-22,11:30,AMZN,P,45,233.04,6,True,False,False,True,False,False
2026-06-22T11:30:00-04:00,2026-06-22,11:30,MSFT,P,45,371.19,6,True,False,False,True,False,False
2026-06-22T11:30:00-04:00,2026-06-22,11:30,META,P,45,560.54,6,True,False,False,True,False,False
2026-06-22T11:30:00-04:00,2026-06-22,11:30,GOOGL,P,55,343.83,7,True,False,False,True,False,True
2026-06-22T11:45:00-04:00,2026-06-22,11:45,SPY,P,55,745.89,4,True,False,False,True,True,False
2026-06-22T11:45:00-04:00,2026-06-22,11:45,IWM,C,80,297.99,3,True,True,True,True,False,False
2026-06-22T11:45:00-04:00,2026-06-22,11:45,AAPL,C,65,301.05,5,True,True,False,True,False,False
2026-06-22T11:45:00-04:00,2026-06-22,11:45,AMZN,P,45,234.5,7,True,False,False,True,False,False
2026-06-22T11:45:00-04:00,2026-06-22,11:45,MSFT,P,45,371.64,7,True,False,False,True,False,False
2026-06-22T11:45:00-04:00,2026-06-22,11:45,META,P,45,563.69,7,True,False,False,True,False,False
2026-06-22T11:45:00-04:00,2026-06-22,11:45,GOOGL,P,45,347.22,8,True,False,False,True,False,False
2026-06-22T12:00:00-04:00,2026-06-22,12:00,SPY,P,45,744.61,5,True,False,False,True,False,False
2026-06-22T12:00:00-04:00,2026-06-22,12:00,AAPL,C,45,300.89,6,True,False,False,True,False,False
2026-06-22T12:00:00-04:00,2026-06-22,12:00,AMZN,P,45,233.69,8,True,False,False,True,False,False
2026-06-22T12:00:00-04:00,2026-06-22,12:00,MSFT,P,45,370.54,8,True,False,False,True,False,False
2026-06-22T12:00:00-04:00,2026-06-22,12:00,META,P,45,562.64,8,True,False,False,True,False,False
2026-06-22T12:00:00-04:00,2026-06-22,12:00,GOOGL,P,45,345.97,9,True,False,False,True,False,False
2026-06-22T12:15:00-04:00,2026-06-22,12:15,SPY,P,45,744.95,6,True,False,False,True,False,False
2026-06-22T12:15:00-04:00,2026-06-22,12:15,IWM,C,60,297.75,4,True,False,True,True,False,False
2026-06-22T12:15:00-04:00,2026-06-22,12:15,AAPL,C,45,300.79,7,True,False,False,True,False,False
2026-06-22T12:15:00-04:00,2026-06-22,12:15,AMZN,P,45,233.37,9,True,False,False,True,False,False
2026-06-22T12:15:00-04:00,2026-06-22,12:15,MSFT,P,45,369.75,9,True,False,False,True,False,False
2026-06-22T12:15:00-04:00,2026-06-22,12:15,META,P,45,562.4,9,True,False,False,True,False,False
2026-06-22T12:15:00-04:00,2026-06-22,12:15,GOOGL,P,45,345.68,10,True,False,False,True,False,False
2026-06-22T12:30:00-04:00,2026-06-22,12:30,SPY,P,45,744.78,7,True,False,False,True,False,False
2026-06-22T12:30:00-04:00,2026-06-22,12:30,AMZN,P,45,233.26,10,True,False,False,True,False,False
2026-06-22T12:30:00-04:00,2026-06-22,12:30,MSFT,P,45,368.41,10,True,False,False,True,False,False
2026-06-22T12:30:00-04:00,2026-06-22,12:30,META,P,45,560.86,10,True,False,False,True,False,False
2026-06-22T12:45:00-04:00,2026-06-22,12:45,SPY,P,45,744.37,8,True,False,False,True,False,False
2026-06-22T12:45:00-04:00,2026-06-22,12:45,MSFT,P,45,368.35,11,True,False,False,True,False,False
2026-06-22T12:45:00-04:00,2026-06-22,12:45,META,P,45,561.58,11,True,False,False,True,False,False
2026-06-22T13:00:00-04:00,2026-06-22,13:00,SPY,P,55,744.95,9,True,False,False,True,True,False
2026-06-22T13:00:00-04:00,2026-06-22,13:00,IWM,C,60,298.11,5,True,True,True,False,False,False
2026-06-22T13:00:00-04:00,2026-06-22,13:00,MSFT,P,45,368.86,12,True,False,False,True,False,False
2026-06-22T13:00:00-04:00,2026-06-22,13:00,META,P,45,562.08,12,True,False,False,True,False,False
2026-06-22T13:15:00-04:00,2026-06-22,13:15,SPY,P,45,744.59,10,True,False,False,True,False,False
2026-06-22T13:15:00-04:00,2026-06-22,13:15,MSFT,P,45,368.76,13,True,False,False,True,False,False
2026-06-22T13:30:00-04:00,2026-06-22,13:30,SPY,P,45,744.7,11,True,False,False,True,False,False
2026-06-22T13:30:00-04:00,2026-06-22,13:30,MSFT,P,45,368.99,14,True,False,False,True,False,False
2026-06-22T13:45:00-04:00,2026-06-22,13:45,SPY,P,45,744.36,12,True,False,False,True,False,False
2026-06-22T14:00:00-04:00,2026-06-22,14:00,SPY,P,45,744.69,13,True,False,False,True,False,False
2026-06-22T14:00:00-04:00,2026-06-22,14:00,IWM,C,60,298.34,6,True,True,True,False,False,False
2026-06-22T14:00:00-04:00,2026-06-22,14:00,TSLA,C,45,407.68,4,True,True,False,False,False,False
2026-06-23T10:00:00-04:00,2026-06-23,10:00,SPY,P,45,737.17,1,True,False,False,True,False,False
2026-06-23T10:00:00-04:00,2026-06-23,10:00,QQQ,P,55,720.69,1,True,False,False,True,False,True
2026-06-23T10:00:00-04:00,2026-06-23,10:00,MSFT,P,50,374.84,1,True,False,True,False,True,False
2026-06-23T10:00:00-04:00,2026-06-23,10:00,NVDA,P,55,203.41,1,True,False,False,True,False,True
2026-06-23T10:00:00-04:00,2026-06-23,10:00,TSLA,C,45,389.29,1,False,True,True,False,False,True
2026-06-23T10:15:00-04:00,2026-06-23,10:15,QQQ,P,55,722.47,2,True,False,False,True,False,True
2026-06-23T10:15:00-04:00,2026-06-23,10:15,NVDA,P,45,203.2,2,True,False,False,True,False,False
2026-06-23T10:15:00-04:00,2026-06-23,10:15,TSLA,P,55,388.89,1,True,False,False,True,False,True
2026-06-23T10:30:00-04:00,2026-06-23,10:30,SPY,P,45,738.9,2,True,False,False,True,False,False
2026-06-23T10:30:00-04:00,2026-06-23,10:30,QQQ,P,45,722.02,3,True,False,False,True,False,False
2026-06-23T10:30:00-04:00,2026-06-23,10:30,NVDA,P,45,203.06,3,True,False,False,True,False,False
2026-06-23T10:30:00-04:00,2026-06-23,10:30,AVGO,P,45,387.0,1,True,False,False,True,False,False
2026-06-23T10:30:00-04:00,2026-06-23,10:30,TSLA,P,45,388.08,2,True,False,False,True,False,False
2026-06-23T10:45:00-04:00,2026-06-23,10:45,SPY,P,45,737.4,3,True,False,False,True,False,False
2026-06-23T10:45:00-04:00,2026-06-23,10:45,QQQ,P,45,719.61,4,True,False,False,True,False,False
2026-06-23T10:45:00-04:00,2026-06-23,10:45,NVDA,P,45,202.8,4,True,False,False,True,False,False
2026-06-23T10:45:00-04:00,2026-06-23,10:45,AVGO,P,80,384.4,2,True,True,True,True,False,False
2026-06-23T10:45:00-04:00,2026-06-23,10:45,TSLA,P,45,387.63,3,True,False,False,True,False,False
2026-06-23T11:00:00-04:00,2026-06-23,11:00,SPY,P,45,737.0,4,True,False,False,True,False,False
2026-06-23T11:00:00-04:00,2026-06-23,11:00,QQQ,P,45,718.87,5,True,False,False,True,False,False
2026-06-23T11:00:00-04:00,2026-06-23,11:00,AAPL,C,55,300.09,1,True,False,False,True,True,False
2026-06-23T11:00:00-04:00,2026-06-23,11:00,META,P,45,565.64,1,False,True,True,False,True,False
2026-06-23T11:00:00-04:00,2026-06-23,11:00,NVDA,P,60,202.24,5,True,False,True,True,False,False
2026-06-23T11:00:00-04:00,2026-06-23,11:00,GOOGL,P,60,346.54,1,True,True,True,False,False,False
2026-06-23T11:00:00-04:00,2026-06-23,11:00,AVGO,P,60,382.52,3,True,False,True,True,False,False
2026-06-23T11:00:00-04:00,2026-06-23,11:00,TSLA,P,45,386.17,4,True,False,False,True,False,False
2026-06-23T11:15:00-04:00,2026-06-23,11:15,SPY,P,65,736.11,5,True,True,False,True,False,False
2026-06-23T11:15:00-04:00,2026-06-23,11:15,QQQ,P,80,717.33,6,True,True,True,True,False,False
2026-06-23T11:15:00-04:00,2026-06-23,11:15,AAPL,C,55,299.15,2,True,False,False,True,True,False
2026-06-23T11:15:00-04:00,2026-06-23,11:15,AMZN,P,45,234.58,1,False,True,True,False,True,False
2026-06-23T11:15:00-04:00,2026-06-23,11:15,NVDA,P,80,201.09,6,True,True,True,True,False,False
2026-06-23T11:15:00-04:00,2026-06-23,11:15,AVGO,P,45,380.62,4,True,False,False,True,False,False
2026-06-23T11:15:00-04:00,2026-06-23,11:15,TSLA,P,45,385.71,5,True,False,False,True,False,False
2026-06-23T11:30:00-04:00,2026-06-23,11:30,SPY,P,60,734.59,6,True,False,True,True,False,False
2026-06-23T11:30:00-04:00,2026-06-23,11:30,QQQ,P,60,715.77,7,True,False,True,True,False,False
2026-06-23T11:30:00-04:00,2026-06-23,11:30,AAPL,C,55,298.55,3,True,False,False,True,True,False
2026-06-23T11:30:00-04:00,2026-06-23,11:30,MSFT,P,45,372.96,2,False,True,True,False,True,False
2026-06-23T11:30:00-04:00,2026-06-23,11:30,NVDA,P,45,200.76,7,True,False,False,True,False,False
2026-06-23T11:30:00-04:00,2026-06-23,11:30,AVGO,P,45,379.51,5,True,False,False,True,False,False
2026-06-23T11:30:00-04:00,2026-06-23,11:30,TSLA,P,45,383.58,6,True,False,False,True,False,False
2026-06-23T11:45:00-04:00,2026-06-23,11:45,SPY,P,60,735.0,7,True,False,True,True,False,False
2026-06-23T11:45:00-04:00,2026-06-23,11:45,QQQ,P,60,715.93,8,True,False,True,True,False,False
2026-06-23T11:45:00-04:00,2026-06-23,11:45,NVDA,P,45,201.4,8,True,False,False,True,False,False
2026-06-23T11:45:00-04:00,2026-06-23,11:45,AVGO,P,45,380.05,6,True,False,False,True,False,False
2026-06-23T11:45:00-04:00,2026-06-23,11:45,TSLA,P,45,382.76,7,True,False,False,True,False,False
2026-06-23T12:00:00-04:00,2026-06-23,12:00,SPY,P,45,735.97,8,True,False,False,True,False,False
2026-06-23T12:00:00-04:00,2026-06-23,12:00,QQQ,P,60,717.53,9,True,False,True,True,False,False
2026-06-23T12:00:00-04:00,2026-06-23,12:00,AMZN,P,50,234.58,2,True,False,True,False,True,False
2026-06-23T12:00:00-04:00,2026-06-23,12:00,AVGO,P,45,380.66,7,True,False,False,True,False,False
2026-06-23T12:00:00-04:00,2026-06-23,12:00,TSLA,P,45,383.36,8,True,False,False,True,False,False
2026-06-23T12:15:00-04:00,2026-06-23,12:15,AMZN,P,50,234.51,3,True,False,True,False,True,False
2026-06-23T12:15:00-04:00,2026-06-23,12:15,AVGO,P,45,383.05,8,True,False,False,True,False,False
2026-06-23T12:30:00-04:00,2026-06-23,12:30,AMZN,P,50,234.62,4,True,False,True,False,True,False
2026-06-23T12:30:00-04:00,2026-06-23,12:30,META,P,45,563.83,2,True,False,False,True,False,False
2026-06-23T12:30:00-04:00,2026-06-23,12:30,GOOGL,P,50,347.6,2,True,False,True,False,True,False
2026-06-23T12:30:00-04:00,2026-06-23,12:30,AVGO,P,45,382.22,9,True,False,False,True,False,False
2026-06-23T12:45:00-04:00,2026-06-23,12:45,AMZN,P,50,234.9,5,True,False,True,False,True,False
2026-06-23T12:45:00-04:00,2026-06-23,12:45,META,P,70,565.2,3,True,False,True,True,True,False
2026-06-23T12:45:00-04:00,2026-06-23,12:45,GOOGL,P,70,347.55,3,True,False,True,True,True,False
2026-06-23T13:00:00-04:00,2026-06-23,13:00,IWM,C,55,297.2,1,True,False,False,True,True,False
2026-06-23T13:00:00-04:00,2026-06-23,13:00,AMZN,P,50,234.68,6,True,False,True,False,True,False
2026-06-23T13:00:00-04:00,2026-06-23,13:00,META,P,55,566.19,4,True,False,False,True,True,False
2026-06-23T13:00:00-04:00,2026-06-23,13:00,GOOGL,P,55,347.96,4,True,False,False,True,True,False
2026-06-23T13:15:00-04:00,2026-06-23,13:15,IWM,C,55,297.25,2,True,False,False,True,True,False
2026-06-23T13:15:00-04:00,2026-06-23,13:15,AMZN,P,50,234.6,7,True,False,True,False,True,False
2026-06-23T13:15:00-04:00,2026-06-23,13:15,META,P,55,565.2,5,True,False,False,True,True,False
2026-06-23T13:15:00-04:00,2026-06-23,13:15,GOOGL,P,70,347.62,5,True,False,True,True,True,False
2026-06-23T13:30:00-04:00,2026-06-23,13:30,IWM,C,55,297.35,3,True,False,False,True,True,False
2026-06-23T13:30:00-04:00,2026-06-23,13:30,AAPL,C,50,299.39,4,False,True,False,True,True,False
2026-06-23T13:30:00-04:00,2026-06-23,13:30,META,P,55,565.69,6,True,False,False,True,True,False
2026-06-23T13:30:00-04:00,2026-06-23,13:30,GOOGL,P,55,347.81,6,True,False,False,True,True,False
2026-06-23T13:45:00-04:00,2026-06-23,13:45,QQQ,P,45,718.21,10,True,True,False,False,False,False
2026-06-23T13:45:00-04:00,2026-06-23,13:45,IWM,C,55,296.87,4,True,False,False,True,True,False
2026-06-23T13:45:00-04:00,2026-06-23,13:45,AMZN,P,45,234.18,8,True,False,False,True,False,False
2026-06-23T13:45:00-04:00,2026-06-23,13:45,META,P,55,566.15,7,True,False,False,True,True,False
2026-06-23T13:45:00-04:00,2026-06-23,13:45,GOOGL,P,70,347.27,7,True,False,True,True,True,False
2026-06-23T14:00:00-04:00,2026-06-23,14:00,SPY,P,45,735.79,9,True,True,False,False,False,False
2026-06-23T14:00:00-04:00,2026-06-23,14:00,AMZN,P,70,234.79,9,True,False,True,True,True,False
2026-06-23T14:00:00-04:00,2026-06-23,14:00,META,P,55,564.84,8,True,False,False,True,True,False
2026-06-23T14:00:00-04:00,2026-06-23,14:00,NVDA,P,60,201.61,9,True,True,True,False,False,False
2026-06-23T14:15:00-04:00,2026-06-23,14:15,META,P,45,563.85,9,True,False,False,True,False,False
2026-06-23T14:15:00-04:00,2026-06-23,14:15,GOOGL,P,60,346.52,8,True,True,True,False,False,False
2026-06-24T10:00:00-04:00,2026-06-24,10:00,SPY,C,45,735.93,1,False,True,True,False,True,False
2026-06-24T10:00:00-04:00,2026-06-24,10:00,SPY,P,50,735.93,1,True,False,True,False,True,False
2026-06-24T10:00:00-04:00,2026-06-24,10:00,IWM,C,45,297.25,1,False,True,True,False,False,True
2026-06-24T10:00:00-04:00,2026-06-24,10:00,IWM,P,45,297.25,1,True,False,False,False,True,True
2026-06-24T10:00:00-04:00,2026-06-24,10:00,AAPL,P,60,294.77,1,True,False,True,True,False,False
2026-06-24T10:00:00-04:00,2026-06-24,10:00,NVDA,P,70,200.25,1,True,False,True,True,False,True
2026-06-24T10:00:00-04:00,2026-06-24,10:00,GOOGL,C,45,350.3,1,False,False,True,True,False,True
2026-06-24T10:00:00-04:00,2026-06-24,10:00,AVGO,P,45,382.07,1,True,False,False,True,False,False
2026-06-24T10:15:00-04:00,2026-06-24,10:15,SPY,P,60,735.59,2,True,False,True,True,False,False
2026-06-24T10:15:00-04:00,2026-06-24,10:15,QQQ,P,45,714.29,1,True,False,False,True,False,False
2026-06-24T10:15:00-04:00,2026-06-24,10:15,IWM,P,70,296.6,2,True,False,True,True,True,False
2026-06-24T10:15:00-04:00,2026-06-24,10:15,AAPL,P,45,294.88,2,True,False,False,True,False,False
2026-06-24T10:15:00-04:00,2026-06-24,10:15,META,P,45,561.4,1,True,False,False,True,False,False
2026-06-24T10:15:00-04:00,2026-06-24,10:15,NVDA,P,45,199.62,2,True,False,False,True,False,False
2026-06-24T10:15:00-04:00,2026-06-24,10:15,TSLA,C,45,381.34,1,False,False,True,True,True,False
2026-06-24T10:30:00-04:00,2026-06-24,10:30,SPY,P,50,736.49,3,True,False,True,False,True,False
2026-06-24T10:30:00-04:00,2026-06-24,10:30,QQQ,C,45,715.15,1,False,True,True,False,True,False
2026-06-24T10:30:00-04:00,2026-06-24,10:30,AAPL,P,60,295.46,3,True,False,True,True,False,False
2026-06-24T10:30:00-04:00,2026-06-24,10:30,NVDA,P,45,199.87,3,True,False,False,True,False,False
2026-06-24T10:30:00-04:00,2026-06-24,10:30,AVGO,P,45,382.1,2,True,False,False,True,False,False
2026-06-24T10:45:00-04:00,2026-06-24,10:45,QQQ,P,50,717.09,2,True,False,True,False,True,False
2026-06-24T10:45:00-04:00,2026-06-24,10:45,NVDA,C,45,200.76,1,False,True,True,False,True,False
2026-06-24T10:45:00-04:00,2026-06-24,10:45,AVGO,C,45,383.58,1,False,True,True,False,True,False
2026-06-24T10:45:00-04:00,2026-06-24,10:45,TSLA,C,45,381.4,2,False,False,True,True,True,False
2026-06-24T11:00:00-04:00,2026-06-24,11:00,IWM,C,45,299.09,2,True,False,False,True,False,False
2026-06-24T11:00:00-04:00,2026-06-24,11:00,AMZN,C,45,241.01,1,True,False,False,True,False,False
2026-06-24T11:00:00-04:00,2026-06-24,11:00,NVDA,P,50,201.18,4,True,False,True,False,True,False
2026-06-24T11:00:00-04:00,2026-06-24,11:00,TSLA,P,50,383.45,1,True,False,True,False,True,False
2026-06-24T11:15:00-04:00,2026-06-24,11:15,QQQ,P,50,716.98,3,True,False,True,False,True,False
2026-06-24T11:15:00-04:00,2026-06-24,11:15,IWM,C,45,299.08,3,True,False,False,True,False,False
2026-06-24T11:15:00-04:00,2026-06-24,11:15,AMZN,C,45,241.89,2,True,False,False,True,False,False
2026-06-24T11:30:00-04:00,2026-06-24,11:30,QQQ,P,50,717.42,4,True,False,True,False,True,False
2026-06-24T11:30:00-04:00,2026-06-24,11:30,IWM,C,45,299.58,4,True,False,False,True,False,False
2026-06-24T11:30:00-04:00,2026-06-24,11:30,AMZN,C,45,241.82,3,True,False,False,True,False,False
2026-06-24T11:30:00-04:00,2026-06-24,11:30,TSLA,P,50,383.77,2,True,False,True,False,True,False
2026-06-24T11:45:00-04:00,2026-06-24,11:45,IWM,C,45,299.06,5,True,False,False,True,False,False
2026-06-24T11:45:00-04:00,2026-06-24,11:45,AMZN,C,45,241.07,4,True,False,False,True,False,False
2026-06-24T11:45:00-04:00,2026-06-24,11:45,TSLA,P,60,381.8,3,True,True,True,False,False,False
2026-06-24T12:00:00-04:00,2026-06-24,12:00,QQQ,P,50,716.3,5,True,False,True,False,True,False
2026-06-24T12:00:00-04:00,2026-06-24,12:00,IWM,C,45,299.01,6,True,False,False,True,False,False
2026-06-24T12:00:00-04:00,2026-06-24,12:00,AMZN,C,45,241.94,5,True,False,False,True,False,False
2026-06-24T12:15:00-04:00,2026-06-24,12:15,QQQ,P,50,716.71,6,True,False,True,False,True,False
2026-06-24T12:15:00-04:00,2026-06-24,12:15,IWM,C,45,299.17,7,True,False,False,True,False,False
2026-06-24T12:15:00-04:00,2026-06-24,12:15,AMZN,C,45,241.79,6,True,False,False,True,False,False
2026-06-24T12:30:00-04:00,2026-06-24,12:30,QQQ,P,50,716.27,7,True,False,True,False,True,False
2026-06-24T12:30:00-04:00,2026-06-24,12:30,IWM,C,45,299.32,8,True,False,False,True,False,False
2026-06-24T12:30:00-04:00,2026-06-24,12:30,AMZN,C,45,240.91,7,True,False,False,True,False,False
2026-06-24T12:45:00-04:00,2026-06-24,12:45,QQQ,P,45,713.58,8,True,True,False,False,False,False
2026-06-24T12:45:00-04:00,2026-06-24,12:45,IWM,C,45,298.56,9,True,False,False,True,False,False
2026-06-24T12:45:00-04:00,2026-06-24,12:45,NVDA,P,45,199.66,5,True,True,False,False,False,False
2026-06-24T13:00:00-04:00,2026-06-24,13:00,MSFT,P,55,372.86,1,True,False,False,True,True,False
2026-06-24T13:00:00-04:00,2026-06-24,13:00,NVDA,P,45,199.26,6,True,False,False,True,False,False
2026-06-24T13:00:00-04:00,2026-06-24,13:00,TSLA,P,45,378.49,4,True,False,False,True,False,False
2026-06-24T13:15:00-04:00,2026-06-24,13:15,MSFT,P,45,372.04,2,True,False,False,True,False,False
2026-06-24T13:15:00-04:00,2026-06-24,13:15,META,P,45,558.72,2,True,False,False,True,False,False
2026-06-24T13:15:00-04:00,2026-06-24,13:15,NVDA,P,45,198.87,7,True,False,False,True,False,False
2026-06-24T13:15:00-04:00,2026-06-24,13:15,TSLA,P,45,377.6,5,True,False,False,True,False,False
2026-06-24T13:30:00-04:00,2026-06-24,13:30,QQQ,P,45,708.03,9,True,False,False,True,False,False
2026-06-24T13:30:00-04:00,2026-06-24,13:30,MSFT,P,45,370.91,3,True,False,False,True,False,False
2026-06-24T13:30:00-04:00,2026-06-24,13:30,META,P,45,556.86,3,True,False,False,True,False,False
2026-06-24T13:30:00-04:00,2026-06-24,13:30,NVDA,P,45,197.96,8,True,False,False,True,False,False
2026-06-24T13:30:00-04:00,2026-06-24,13:30,TSLA,P,45,375.52,6,True,False,False,True,False,False
2026-06-24T13:45:00-04:00,2026-06-24,13:45,SPY,P,45,731.95,4,True,False,False,True,False,False
2026-06-24T13:45:00-04:00,2026-06-24,13:45,QQQ,P,45,708.08,10,True,False,False,True,False,False
2026-06-24T13:45:00-04:00,2026-06-24,13:45,MSFT,P,45,370.7,4,True,False,False,True,False,False
2026-06-24T13:45:00-04:00,2026-06-24,13:45,META,P,45,556.38,4,True,False,False,True,False,False
2026-06-24T13:45:00-04:00,2026-06-24,13:45,NVDA,P,45,197.77,9,True,False,False,True,False,False
2026-06-24T13:45:00-04:00,2026-06-24,13:45,TSLA,P,45,374.71,7,True,False,False,True,False,False
2026-06-24T14:00:00-04:00,2026-06-24,14:00,SPY,P,45,731.87,5,True,False,False,True,False,False
2026-06-24T14:00:00-04:00,2026-06-24,14:00,QQQ,P,45,707.46,11,True,False,False,True,False,False
2026-06-24T14:00:00-04:00,2026-06-24,14:00,MSFT,P,45,370.67,5,True,False,False,True,False,False
2026-06-24T14:00:00-04:00,2026-06-24,14:00,META,P,45,556.28,5,True,False,False,True,False,False
2026-06-24T14:00:00-04:00,2026-06-24,14:00,NVDA,P,45,197.46,10,True,False,False,True,False,False
2026-06-24T14:00:00-04:00,2026-06-24,14:00,AVGO,P,45,379.76,3,True,False,False,True,False,False
2026-06-24T14:00:00-04:00,2026-06-24,14:00,TSLA,P,45,374.6,8,True,False,False,True,False,False
2026-06-24T14:15:00-04:00,2026-06-24,14:15,SPY,P,45,732.88,6,True,False,False,True,False,False
2026-06-24T14:15:00-04:00,2026-06-24,14:15,QQQ,P,45,708.71,12,True,False,False,True,False,False
2026-06-24T14:15:00-04:00,2026-06-24,14:15,MSFT,P,45,371.8,6,True,False,False,True,False,False
2026-06-24T14:15:00-04:00,2026-06-24,14:15,META,P,45,558.19,6,True,False,False,True,False,False
2026-06-24T14:15:00-04:00,2026-06-24,14:15,NVDA,P,45,197.62,11,True,False,False,True,False,False
2026-06-24T14:15:00-04:00,2026-06-24,14:15,GOOGL,P,55,348.52,1,True,False,False,True,True,False
2026-06-24T14:15:00-04:00,2026-06-24,14:15,AVGO,P,45,380.21,4,True,False,False,True,False,False
2026-06-24T14:15:00-04:00,2026-06-24,14:15,TSLA,P,45,375.01,9,True,False,False,True,False,False
2026-06-25T10:00:00-04:00,2026-06-25,10:00,SPY,P,55,729.84,1,True,False,False,True,False,True
2026-06-25T10:00:00-04:00,2026-06-25,10:00,QQQ,P,55,705.76,1,True,False,False,True,False,True
2026-06-25T10:00:00-04:00,2026-06-25,10:00,AAPL,P,55,278.97,1,True,False,False,True,False,True
2026-06-25T10:00:00-04:00,2026-06-25,10:00,AMZN,P,55,227.58,1,True,False,False,True,False,True
2026-06-25T10:00:00-04:00,2026-06-25,10:00,MSFT,P,55,357.43,1,True,False,False,True,False,True
2026-06-25T10:00:00-04:00,2026-06-25,10:00,META,P,55,547.54,1,True,False,False,True,False,True
2026-06-25T10:00:00-04:00,2026-06-25,10:00,NVDA,P,55,192.38,1,True,False,False,True,False,True
2026-06-25T10:00:00-04:00,2026-06-25,10:00,GOOGL,P,45,339.11,1,True,False,False,True,False,False
2026-06-25T10:00:00-04:00,2026-06-25,10:00,AVGO,P,55,373.16,1,True,False,False,True,False,True
2026-06-25T10:00:00-04:00,2026-06-25,10:00,TSLA,P,55,371.78,1,True,False,False,True,False,True
2026-06-25T10:15:00-04:00,2026-06-25,10:15,SPY,C,55,734.12,1,False,True,True,False,True,True
2026-06-25T10:15:00-04:00,2026-06-25,10:15,SPY,P,45,734.12,2,True,False,False,False,True,True
2026-06-25T10:15:00-04:00,2026-06-25,10:15,QQQ,P,45,711.39,2,True,False,False,False,True,True
2026-06-25T10:15:00-04:00,2026-06-25,10:15,IWM,C,60,299.42,1,True,True,True,False,False,False
2026-06-25T10:15:00-04:00,2026-06-25,10:15,AAPL,P,55,278.46,2,True,False,False,True,False,True
2026-06-25T10:15:00-04:00,2026-06-25,10:15,AMZN,P,45,227.84,2,True,False,False,True,False,False
2026-06-25T10:15:00-04:00,2026-06-25,10:15,MSFT,P,45,358.35,2,True,False,False,True,False,False
2026-06-25T10:15:00-04:00,2026-06-25,10:15,NVDA,P,55,194.42,2,True,False,False,True,False,True
2026-06-25T10:15:00-04:00,2026-06-25,10:15,GOOGL,P,60,339.71,2,True,False,True,True,False,False
2026-06-25T10:15:00-04:00,2026-06-25,10:15,TSLA,C,45,375.82,1,False,True,True,False,True,False
2026-06-25T10:30:00-04:00,2026-06-25,10:30,AAPL,P,55,279.63,3,True,False,False,True,False,True
2026-06-25T10:30:00-04:00,2026-06-25,10:30,AMZN,P,45,229.04,3,True,False,False,True,False,False
2026-06-25T10:30:00-04:00,2026-06-25,10:30,MSFT,P,45,359.88,3,True,False,False,True,False,False
2026-06-25T10:30:00-04:00,2026-06-25,10:30,NVDA,P,45,194.49,3,True,False,False,True,False,False
2026-06-25T10:30:00-04:00,2026-06-25,10:30,GOOGL,P,60,340.24,3,True,False,True,True,False,False
2026-06-25T10:30:00-04:00,2026-06-25,10:30,TSLA,P,50,376.42,2,True,False,True,False,True,False
2026-06-25T10:45:00-04:00,2026-06-25,10:45,IWM,C,45,300.1,2,True,False,False,True,False,False
2026-06-25T10:45:00-04:00,2026-06-25,10:45,AAPL,P,45,279.73,4,True,False,False,True,False,False
2026-06-25T10:45:00-04:00,2026-06-25,10:45,AMZN,P,45,229.33,4,True,False,False,True,False,False
2026-06-25T10:45:00-04:00,2026-06-25,10:45,MSFT,P,45,357.73,4,True,False,False,True,False,False
2026-06-25T10:45:00-04:00,2026-06-25,10:45,TSLA,P,50,376.35,3,True,False,True,False,True,False
2026-06-25T11:00:00-04:00,2026-06-25,11:00,SPY,P,50,735.23,3,True,False,True,False,True,False
2026-06-25T11:00:00-04:00,2026-06-25,11:00,IWM,C,60,300.44,3,True,False,True,True,False,False
2026-06-25T11:00:00-04:00,2026-06-25,11:00,AAPL,P,45,277.61,5,True,False,False,True,False,False
2026-06-25T11:00:00-04:00,2026-06-25,11:00,AMZN,P,45,228.56,5,True,False,False,True,False,False
2026-06-25T11:00:00-04:00,2026-06-25,11:00,MSFT,P,45,355.55,5,True,False,False,True,False,False
2026-06-25T11:00:00-04:00,2026-06-25,11:00,AVGO,C,45,382.48,1,False,True,True,False,True,False
2026-06-25T11:00:00-04:00,2026-06-25,11:00,TSLA,P,60,374.71,4,True,True,True,False,False,False
2026-06-25T11:15:00-04:00,2026-06-25,11:15,SPY,P,55,732.97,4,True,True,False,False,True,False
2026-06-25T11:15:00-04:00,2026-06-25,11:15,IWM,C,55,298.46,4,True,False,False,True,True,False
2026-06-25T11:15:00-04:00,2026-06-25,11:15,AAPL,P,45,277.02,6,True,False,False,True,False,False
2026-06-25T11:15:00-04:00,2026-06-25,11:15,MSFT,P,45,354.82,6,True,False,False,True,False,False
2026-06-25T11:30:00-04:00,2026-06-25,11:30,SPY,C,45,734.29,2,False,False,True,True,True,False
2026-06-25T11:30:00-04:00,2026-06-25,11:30,IWM,C,55,298.68,5,True,False,False,True,True,False
2026-06-25T11:30:00-04:00,2026-06-25,11:30,AAPL,P,45,277.64,7,True,False,False,True,False,False
2026-06-25T11:30:00-04:00,2026-06-25,11:30,MSFT,P,45,356.06,7,True,False,False,True,False,False
2026-06-25T11:45:00-04:00,2026-06-25,11:45,SPY,C,45,734.77,3,False,False,True,True,True,False
2026-06-25T11:45:00-04:00,2026-06-25,11:45,IWM,C,55,298.61,6,True,False,False,True,True,False
2026-06-25T11:45:00-04:00,2026-06-25,11:45,MSFT,P,45,355.76,8,True,False,False,True,False,False
2026-06-25T11:45:00-04:00,2026-06-25,11:45,AVGO,C,45,382.88,2,False,False,True,True,True,False
2026-06-25T12:00:00-04:00,2026-06-25,12:00,SPY,C,45,734.14,4,False,False,True,True,True,False
2026-06-25T12:00:00-04:00,2026-06-25,12:00,MSFT,P,45,355.64,9,True,False,False,True,False,False
2026-06-25T12:00:00-04:00,2026-06-25,12:00,META,P,60,549.93,2,True,False,True,True,False,False
2026-06-25T12:00:00-04:00,2026-06-25,12:00,AVGO,C,45,382.62,3,False,False,True,True,True,False
2026-06-25T12:15:00-04:00,2026-06-25,12:15,SPY,C,45,735.69,5,False,False,True,True,True,False
2026-06-25T12:15:00-04:00,2026-06-25,12:15,IWM,C,80,299.39,7,True,True,True,True,False,False
2026-06-25T12:15:00-04:00,2026-06-25,12:15,AAPL,P,45,276.48,8,True,False,False,True,False,False
2026-06-25T12:15:00-04:00,2026-06-25,12:15,MSFT,P,45,353.04,10,True,False,False,True,False,False
2026-06-25T12:15:00-04:00,2026-06-25,12:15,META,P,65,548.42,3,True,True,False,True,False,False
2026-06-25T12:30:00-04:00,2026-06-25,12:30,SPY,C,45,734.19,6,False,False,True,True,True,False
2026-06-25T12:30:00-04:00,2026-06-25,12:30,IWM,C,60,299.23,8,True,False,True,True,False,False
2026-06-25T12:30:00-04:00,2026-06-25,12:30,AAPL,P,45,274.57,9,True,False,False,True,False,False
2026-06-25T12:30:00-04:00,2026-06-25,12:30,AMZN,P,45,227.79,6,True,True,False,False,False,False
2026-06-25T12:30:00-04:00,2026-06-25,12:30,MSFT,P,45,352.41,11,True,False,False,True,False,False
2026-06-25T12:30:00-04:00,2026-06-25,12:30,META,P,45,547.45,4,True,False,False,True,False,False
2026-06-25T12:30:00-04:00,2026-06-25,12:30,TSLA,P,45,374.39,5,True,True,False,False,False,False
2026-06-25T12:45:00-04:00,2026-06-25,12:45,MSFT,P,45,351.86,12,True,False,False,True,False,False
2026-06-25T12:45:00-04:00,2026-06-25,12:45,META,P,45,547.1,5,True,False,False,True,False,False
2026-06-25T12:45:00-04:00,2026-06-25,12:45,NVDA,P,45,195.0,4,True,True,False,False,False,False
2026-06-25T13:00:00-04:00,2026-06-25,13:00,META,P,45,546.65,6,True,False,False,True,False,False
2026-06-25T13:15:00-04:00,2026-06-25,13:15,META,P,45,545.7,7,True,False,False,True,False,False
2026-06-25T13:15:00-04:00,2026-06-25,13:15,TSLA,C,45,374.0,2,False,False,True,True,True,False
2026-06-25T13:30:00-04:00,2026-06-25,13:30,META,P,45,544.33,8,True,False,False,True,False,False
2026-06-25T13:45:00-04:00,2026-06-25,13:45,META,P,45,543.46,9,True,False,False,True,False,False
2026-06-25T13:45:00-04:00,2026-06-25,13:45,TSLA,P,45,374.03,6,True,False,False,True,False,False
2026-06-25T14:00:00-04:00,2026-06-25,14:00,SPY,P,55,733.45,5,True,False,False,True,True,False
2026-06-25T14:00:00-04:00,2026-06-25,14:00,META,P,45,545.34,10,True,False,False,True,False,False
2026-06-25T14:15:00-04:00,2026-06-25,14:15,SPY,P,55,733.22,6,True,False,False,True,True,False
2026-06-25T14:15:00-04:00,2026-06-25,14:15,AAPL,C,45,278.29,1,False,True,True,False,True,False
2026-06-25T14:15:00-04:00,2026-06-25,14:15,NVDA,P,45,194.34,5,True,False,False,True,False,False
2026-06-25T14:15:00-04:00,2026-06-25,14:15,TSLA,P,45,373.63,7,True,False,False,True,False,False
2026-06-26T10:00:00-04:00,2026-06-26,10:00,SPY,P,45,730.9,1,True,False,False,True,False,False
2026-06-26T10:00:00-04:00,2026-06-26,10:00,QQQ,P,55,709.12,1,True,False,False,True,False,True
2026-06-26T10:00:00-04:00,2026-06-26,10:00,AMZN,C,45,227.67,1,False,False,True,True,True,False
2026-06-26T10:00:00-04:00,2026-06-26,10:00,NVDA,P,45,193.56,1,True,False,False,True,False,False
2026-06-26T10:00:00-04:00,2026-06-26,10:00,AVGO,C,45,368.82,1,False,True,True,False,False,True
2026-06-26T10:00:00-04:00,2026-06-26,10:00,AVGO,P,55,368.82,1,True,False,False,True,False,True
2026-06-26T10:00:00-04:00,2026-06-26,10:00,TSLA,P,45,374.73,1,True,False,False,False,True,True
2026-06-26T10:15:00-04:00,2026-06-26,10:15,QQQ,P,65,712.59,2,True,False,False,True,True,True
2026-06-26T10:15:00-04:00,2026-06-26,10:15,AVGO,P,45,370.4,2,True,False,False,True,False,False
2026-06-26T10:30:00-04:00,2026-06-26,10:30,QQQ,P,55,712.72,3,True,False,False,True,True,False
2026-06-26T10:30:00-04:00,2026-06-26,10:30,NVDA,P,45,193.72,2,True,False,False,True,False,False
2026-06-26T10:30:00-04:00,2026-06-26,10:30,GOOGL,P,45,338.83,1,True,False,False,True,False,False
2026-06-26T10:30:00-04:00,2026-06-26,10:30,AVGO,P,60,368.86,3,True,False,True,True,False,False
2026-06-26T10:45:00-04:00,2026-06-26,10:45,QQQ,P,45,710.2,4,True,False,False,True,False,False
2026-06-26T10:45:00-04:00,2026-06-26,10:45,IWM,C,45,298.23,1,True,False,False,False,True,True
2026-06-26T10:45:00-04:00,2026-06-26,10:45,NVDA,P,80,192.88,3,True,True,True,True,False,False
2026-06-26T10:45:00-04:00,2026-06-26,10:45,GOOGL,P,55,340.51,2,True,False,False,True,True,False
2026-06-26T10:45:00-04:00,2026-06-26,10:45,AVGO,P,65,366.05,4,True,True,False,True,False,False
2026-06-26T11:00:00-04:00,2026-06-26,11:00,QQQ,P,45,710.5,5,True,False,False,True,False,False
2026-06-26T11:00:00-04:00,2026-06-26,11:00,IWM,C,55,298.16,2,True,False,False,True,True,False
2026-06-26T11:00:00-04:00,2026-06-26,11:00,GOOGL,P,55,340.94,3,True,False,False,True,True,False
2026-06-26T11:00:00-04:00,2026-06-26,11:00,AVGO,P,45,366.16,5,True,False,False,True,False,False
2026-06-26T11:15:00-04:00,2026-06-26,11:15,QQQ,P,45,709.06,6,True,False,False,True,False,False
2026-06-26T11:15:00-04:00,2026-06-26,11:15,IWM,C,55,297.89,3,True,False,False,True,True,False
2026-06-26T11:15:00-04:00,2026-06-26,11:15,NVDA,P,60,192.68,4,True,False,True,True,False,False
2026-06-26T11:15:00-04:00,2026-06-26,11:15,GOOGL,P,50,341.61,4,True,False,True,False,True,False
2026-06-26T11:15:00-04:00,2026-06-26,11:15,AVGO,P,45,366.0,6,True,False,False,True,False,False
2026-06-26T11:30:00-04:00,2026-06-26,11:30,IWM,C,45,299.15,4,True,False,False,True,False,False
2026-06-26T11:30:00-04:00,2026-06-26,11:30,AVGO,C,45,369.59,2,False,True,True,False,True,False
2026-06-26T11:45:00-04:00,2026-06-26,11:45,IWM,C,45,299.82,5,True,False,False,True,False,False
2026-06-26T11:45:00-04:00,2026-06-26,11:45,AAPL,P,50,278.12,1,True,False,True,False,True,False
2026-06-26T12:00:00-04:00,2026-06-26,12:00,IWM,C,45,299.51,6,True,False,False,True,False,False
2026-06-26T12:00:00-04:00,2026-06-26,12:00,AAPL,P,60,277.17,2,True,True,True,False,False,False
2026-06-26T12:00:00-04:00,2026-06-26,12:00,MSFT,C,45,370.19,1,True,False,False,True,False,False
2026-06-26T12:00:00-04:00,2026-06-26,12:00,TSLA,C,45,384.95,1,True,False,False,True,False,False
2026-06-26T12:15:00-04:00,2026-06-26,12:15,IWM,C,55,298.38,7,True,False,False,True,True,False
2026-06-26T12:15:00-04:00,2026-06-26,12:15,AVGO,P,50,371.9,7,True,False,True,False,True,False
2026-06-26T12:15:00-04:00,2026-06-26,12:15,TSLA,C,45,383.0,2,True,False,False,True,False,False
2026-06-26T12:30:00-04:00,2026-06-26,12:30,IWM,C,55,298.08,8,True,False,False,True,True,False
2026-06-26T12:30:00-04:00,2026-06-26,12:30,TSLA,C,45,383.02,3,True,False,False,True,False,False
2026-06-26T12:45:00-04:00,2026-06-26,12:45,AAPL,P,50,278.12,3,True,False,True,False,True,False
2026-06-26T12:45:00-04:00,2026-06-26,12:45,TSLA,C,45,384.66,4,True,False,False,True,False,False
2026-06-26T13:00:00-04:00,2026-06-26,13:00,IWM,C,55,298.41,9,True,False,False,True,True,False
2026-06-26T13:00:00-04:00,2026-06-26,13:00,AVGO,P,50,371.42,8,True,False,True,False,True,False
2026-06-26T13:00:00-04:00,2026-06-26,13:00,TSLA,C,45,385.43,5,True,False,False,True,False,False
2026-06-26T13:15:00-04:00,2026-06-26,13:15,TSLA,C,45,386.1,6,True,False,False,True,False,False
2026-06-26T13:30:00-04:00,2026-06-26,13:30,TSLA,C,45,385.68,7,True,False,False,True,False,False
2026-06-26T13:45:00-04:00,2026-06-26,13:45,GOOGL,P,45,341.1,5,False,True,True,False,True,False
2026-06-26T13:45:00-04:00,2026-06-26,13:45,AVGO,P,50,371.4,9,True,False,True,False,True,False
2026-06-26T14:00:00-04:00,2026-06-26,14:00,GOOGL,P,50,341.6,6,True,False,True,False,True,False
2026-06-26T14:15:00-04:00,2026-06-26,14:15,GOOGL,P,50,341.45,7,True,False,True,False,True,False
2026-06-29T10:00:00-04:00,2026-06-29,10:00,QQQ,P,60,713.39,1,True,False,True,False,True,True
2026-06-29T10:00:00-04:00,2026-06-29,10:00,IWM,P,70,297.24,1,True,False,True,True,True,False
2026-06-29T10:00:00-04:00,2026-06-29,10:00,AMZN,C,55,241.6,1,True,False,False,True,False,True
2026-06-29T10:00:00-04:00,2026-06-29,10:00,MSFT,C,45,379.2,1,True,False,False,True,False,False
2026-06-29T10:00:00-04:00,2026-06-29,10:00,META,C,55,566.54,1,True,False,False,True,False,True
2026-06-29T10:00:00-04:00,2026-06-29,10:00,NVDA,P,80,193.3,1,True,False,True,True,True,True
2026-06-29T10:00:00-04:00,2026-06-29,10:00,AVGO,P,55,369.39,1,True,False,False,True,True,False
2026-06-29T10:15:00-04:00,2026-06-29,10:15,QQQ,P,55,706.54,2,True,False,False,True,False,True
2026-06-29T10:15:00-04:00,2026-06-29,10:15,IWM,P,45,294.84,2,True,False,False,True,False,False
2026-06-29T10:15:00-04:00,2026-06-29,10:15,AMZN,C,45,243.12,2,True,False,False,True,False,False
2026-06-29T10:15:00-04:00,2026-06-29,10:15,MSFT,C,60,375.64,2,True,False,True,True,False,False
2026-06-29T10:15:00-04:00,2026-06-29,10:15,META,C,45,565.67,2,True,False,False,True,False,False
2026-06-29T10:15:00-04:00,2026-06-29,10:15,NVDA,P,55,190.88,2,True,False,False,True,False,True
2026-06-29T10:15:00-04:00,2026-06-29,10:15,AVGO,P,45,361.48,2,True,False,False,True,False,False
2026-06-29T10:15:00-04:00,2026-06-29,10:15,TSLA,C,55,390.11,1,True,False,False,True,False,True
2026-06-29T10:30:00-04:00,2026-06-29,10:30,SPY,C,45,736.07,1,False,False,True,True,True,False
2026-06-29T10:30:00-04:00,2026-06-29,10:30,QQQ,P,45,711.84,3,True,False,False,False,True,True
2026-06-29T10:30:00-04:00,2026-06-29,10:30,AMZN,C,45,244.14,3,True,False,False,True,False,False
2026-06-29T10:30:00-04:00,2026-06-29,10:30,MSFT,C,60,376.24,3,True,False,True,True,False,False
2026-06-29T10:30:00-04:00,2026-06-29,10:30,META,C,45,567.94,3,True,False,False,True,False,False
2026-06-29T10:30:00-04:00,2026-06-29,10:30,NVDA,P,65,192.7,3,True,False,False,True,True,True
2026-06-29T10:30:00-04:00,2026-06-29,10:30,GOOGL,C,45,349.48,1,True,False,False,True,False,False
2026-06-29T10:30:00-04:00,2026-06-29,10:30,AVGO,P,55,367.51,3,True,False,False,True,True,False
2026-06-29T10:30:00-04:00,2026-06-29,10:30,TSLA,C,45,395.66,2,True,False,False,True,False,False
2026-06-29T10:45:00-04:00,2026-06-29,10:45,SPY,C,80,737.05,2,True,True,True,True,False,False
2026-06-29T10:45:00-04:00,2026-06-29,10:45,QQQ,C,45,712.65,1,False,True,True,False,True,False
2026-06-29T10:45:00-04:00,2026-06-29,10:45,AMZN,C,45,244.58,4,True,False,False,True,False,False
2026-06-29T10:45:00-04:00,2026-06-29,10:45,MSFT,C,60,376.49,4,True,False,True,True,False,False
2026-06-29T10:45:00-04:00,2026-06-29,10:45,META,C,45,567.86,4,True,False,False,True,False,False
2026-06-29T10:45:00-04:00,2026-06-29,10:45,NVDA,C,55,194.43,1,False,True,True,False,True,True
2026-06-29T10:45:00-04:00,2026-06-29,10:45,NVDA,P,45,194.43,4,True,False,False,False,True,True
2026-06-29T10:45:00-04:00,2026-06-29,10:45,GOOGL,C,45,350.21,2,True,False,False,True,False,False
2026-06-29T10:45:00-04:00,2026-06-29,10:45,TSLA,C,45,396.0,3,True,False,False,True,False,False
2026-06-29T11:00:00-04:00,2026-06-29,11:00,SPY,C,60,737.86,3,True,False,True,True,False,False
2026-06-29T11:00:00-04:00,2026-06-29,11:00,AMZN,C,45,245.2,5,True,False,False,True,False,False
2026-06-29T11:00:00-04:00,2026-06-29,11:00,META,C,45,565.53,5,True,False,False,True,False,False
2026-06-29T11:00:00-04:00,2026-06-29,11:00,GOOGL,C,45,350.45,3,True,False,False,True,False,False
2026-06-29T11:00:00-04:00,2026-06-29,11:00,TSLA,C,45,397.61,4,True,False,False,True,False,False
2026-06-29T11:15:00-04:00,2026-06-29,11:15,SPY,C,60,737.46,4,True,False,True,True,False,False
2026-06-29T11:15:00-04:00,2026-06-29,11:15,IWM,P,45,295.96,3,True,False,False,True,False,False
2026-06-29T11:15:00-04:00,2026-06-29,11:15,AMZN,C,45,242.71,6,True,False,False,True,False,False
2026-06-29T11:15:00-04:00,2026-06-29,11:15,META,C,45,563.66,6,True,False,False,True,False,False
2026-06-29T11:15:00-04:00,2026-06-29,11:15,GOOGL,C,45,350.24,4,True,False,False,True,False,False
2026-06-29T11:15:00-04:00,2026-06-29,11:15,TSLA,C,45,396.76,5,True,False,False,True,False,False
2026-06-29T11:30:00-04:00,2026-06-29,11:30,SPY,C,60,737.77,5,True,False,True,True,False,False
2026-06-29T11:30:00-04:00,2026-06-29,11:30,IWM,P,45,295.95,4,True,False,False,True,False,False
2026-06-29T11:30:00-04:00,2026-06-29,11:30,AMZN,C,45,242.94,7,True,False,False,True,False,False
2026-06-29T11:30:00-04:00,2026-06-29,11:30,META,C,45,566.71,7,True,False,False,True,False,False
2026-06-29T11:30:00-04:00,2026-06-29,11:30,GOOGL,C,45,351.73,5,True,False,False,True,False,False
2026-06-29T11:30:00-04:00,2026-06-29,11:30,TSLA,C,45,397.71,6,True,False,False,True,False,False
2026-06-29T11:45:00-04:00,2026-06-29,11:45,SPY,C,60,738.44,6,True,False,True,True,False,False
2026-06-29T11:45:00-04:00,2026-06-29,11:45,QQQ,C,45,718.47,2,True,False,False,True,False,False
2026-06-29T11:45:00-04:00,2026-06-29,11:45,META,C,45,565.49,8,True,False,False,True,False,False
2026-06-29T11:45:00-04:00,2026-06-29,11:45,GOOGL,C,45,352.27,6,True,False,False,True,False,False
2026-06-29T11:45:00-04:00,2026-06-29,11:45,TSLA,C,45,399.76,7,True,False,False,True,False,False
2026-06-29T12:00:00-04:00,2026-06-29,12:00,SPY,C,45,738.51,7,True,False,False,True,False,False
2026-06-29T12:00:00-04:00,2026-06-29,12:00,QQQ,C,45,718.95,3,True,False,False,True,False,False
2026-06-29T12:00:00-04:00,2026-06-29,12:00,META,C,45,564.74,9,True,False,False,True,False,False
2026-06-29T12:00:00-04:00,2026-06-29,12:00,GOOGL,C,45,352.55,7,True,False,False,True,False,False
2026-06-29T12:00:00-04:00,2026-06-29,12:00,AVGO,C,45,371.46,1,False,False,True,True,True,False
2026-06-29T12:00:00-04:00,2026-06-29,12:00,TSLA,C,45,400.56,8,True,False,False,True,False,False
2026-06-29T12:15:00-04:00,2026-06-29,12:15,SPY,C,45,738.5,8,True,False,False,True,False,False
2026-06-29T12:15:00-04:00,2026-06-29,12:15,QQQ,C,45,719.15,4,True,False,False,True,False,False
2026-06-29T12:15:00-04:00,2026-06-29,12:15,META,C,45,563.71,10,True,False,False,True,False,False
2026-06-29T12:15:00-04:00,2026-06-29,12:15,GOOGL,C,45,352.4,8,True,False,False,True,False,False
2026-06-29T12:15:00-04:00,2026-06-29,12:15,TSLA,C,45,401.82,9,True,False,False,True,False,False
2026-06-29T12:30:00-04:00,2026-06-29,12:30,SPY,C,45,738.33,9,True,False,False,True,False,False
2026-06-29T12:30:00-04:00,2026-06-29,12:30,QQQ,C,45,719.6,5,True,False,False,True,False,False
2026-06-29T12:30:00-04:00,2026-06-29,12:30,META,C,45,564.52,11,True,False,False,True,False,False
2026-06-29T12:30:00-04:00,2026-06-29,12:30,NVDA,P,55,192.84,5,True,True,False,False,True,False
2026-06-29T12:30:00-04:00,2026-06-29,12:30,GOOGL,C,45,351.83,9,True,False,False,True,False,False
2026-06-29T12:30:00-04:00,2026-06-29,12:30,TSLA,C,45,403.99,10,True,False,False,True,False,False
2026-06-29T12:45:00-04:00,2026-06-29,12:45,SPY,C,45,738.5,10,True,False,False,True,False,False
2026-06-29T12:45:00-04:00,2026-06-29,12:45,QQQ,C,45,720.51,6,True,False,False,True,False,False
2026-06-29T12:45:00-04:00,2026-06-29,12:45,META,C,45,564.34,12,True,False,False,True,False,False
2026-06-29T12:45:00-04:00,2026-06-29,12:45,TSLA,C,45,402.39,11,True,False,False,True,False,False
2026-06-29T13:00:00-04:00,2026-06-29,13:00,SPY,C,45,738.68,11,True,False,False,True,False,False
2026-06-29T13:00:00-04:00,2026-06-29,13:00,QQQ,C,45,720.71,7,True,False,False,True,False,False
2026-06-29T13:00:00-04:00,2026-06-29,13:00,META,C,45,565.07,13,True,False,False,True,False,False
2026-06-29T13:00:00-04:00,2026-06-29,13:00,TSLA,C,45,403.64,12,True,False,False,True,False,False
2026-06-29T13:15:00-04:00,2026-06-29,13:15,SPY,C,45,739.97,12,True,False,False,True,False,False
2026-06-29T13:15:00-04:00,2026-06-29,13:15,QQQ,C,45,722.4,8,True,False,False,True,False,False
2026-06-29T13:15:00-04:00,2026-06-29,13:15,IWM,C,65,297.92,1,False,True,True,True,True,False
2026-06-29T13:15:00-04:00,2026-06-29,13:15,AAPL,P,55,280.1,1,True,False,False,True,True,False
2026-06-29T13:15:00-04:00,2026-06-29,13:15,TSLA,C,45,406.46,13,True,False,False,True,False,False
2026-06-29T13:30:00-04:00,2026-06-29,13:30,QQQ,C,45,723.0,9,True,False,False,True,False,False
2026-06-29T13:30:00-04:00,2026-06-29,13:30,IWM,C,45,297.53,2,False,False,True,True,True,False
2026-06-29T13:30:00-04:00,2026-06-29,13:30,TSLA,C,45,408.79,14,True,False,False,True,False,False
2026-06-29T13:45:00-04:00,2026-06-29,13:45,QQQ,C,45,722.89,10,True,False,False,True,False,False
2026-06-29T13:45:00-04:00,2026-06-29,13:45,IWM,C,45,297.63,3,False,False,True,True,True,False
2026-06-29T13:45:00-04:00,2026-06-29,13:45,META,C,45,565.62,14,True,True,False,False,False,False
2026-06-29T13:45:00-04:00,2026-06-29,13:45,TSLA,C,45,409.07,15,True,False,False,True,False,False
2026-06-29T14:00:00-04:00,2026-06-29,14:00,QQQ,C,45,722.82,11,True,False,False,True,False,False
2026-06-29T14:00:00-04:00,2026-06-29,14:00,IWM,C,45,297.78,4,False,False,True,True,True,False
2026-06-29T14:15:00-04:00,2026-06-29,14:15,QQQ,C,45,723.26,12,True,False,False,True,False,False
2026-06-29T14:15:00-04:00,2026-06-29,14:15,IWM,C,45,297.96,5,False,False,True,True,True,False
2026-06-30T10:00:00-04:00,2026-06-30,10:00,QQQ,C,45,731.87,1,True,False,False,True,False,False
2026-06-30T10:00:00-04:00,2026-06-30,10:00,IWM,C,50,298.88,1,True,False,True,False,False,True
2026-06-30T10:00:00-04:00,2026-06-30,10:00,AAPL,C,45,285.31,1,True,False,False,True,False,False
2026-06-30T10:00:00-04:00,2026-06-30,10:00,NVDA,C,55,197.84,1,True,False,False,True,False,True
2026-06-30T10:00:00-04:00,2026-06-30,10:00,GOOGL,C,60,351.81,1,True,False,True,False,True,True
2026-06-30T10:15:00-04:00,2026-06-30,10:15,QQQ,C,55,731.6,2,True,False,False,True,False,True
2026-06-30T10:15:00-04:00,2026-06-30,10:15,IWM,C,45,299.59,2,True,False,False,True,False,False
2026-06-30T10:15:00-04:00,2026-06-30,10:15,AAPL,C,45,285.86,2,True,False,False,True,False,False
2026-06-30T10:15:00-04:00,2026-06-30,10:15,NVDA,C,55,196.97,2,True,False,False,True,False,True
2026-06-30T10:30:00-04:00,2026-06-30,10:30,QQQ,C,45,732.99,3,True,False,False,True,False,False
2026-06-30T10:30:00-04:00,2026-06-30,10:30,IWM,C,45,300.01,3,True,False,False,True,False,False
2026-06-30T10:30:00-04:00,2026-06-30,10:30,AAPL,C,45,286.02,3,True,False,False,True,False,False
2026-06-30T10:30:00-04:00,2026-06-30,10:30,MSFT,C,45,371.96,1,True,False,False,True,False,False
2026-06-30T10:30:00-04:00,2026-06-30,10:30,NVDA,C,45,197.7,3,True,False,False,True,False,False
2026-06-30T10:45:00-04:00,2026-06-30,10:45,QQQ,C,45,733.07,4,True,False,False,True,False,False
2026-06-30T10:45:00-04:00,2026-06-30,10:45,IWM,C,45,299.64,4,True,False,False,True,False,False
2026-06-30T10:45:00-04:00,2026-06-30,10:45,AAPL,C,45,285.57,4,True,False,False,True,False,False
2026-06-30T10:45:00-04:00,2026-06-30,10:45,MSFT,C,45,372.36,2,True,False,False,True,False,False
2026-06-30T10:45:00-04:00,2026-06-30,10:45,NVDA,C,45,197.88,4,True,False,False,True,False,False
2026-06-30T11:00:00-04:00,2026-06-30,11:00,AAPL,C,45,286.97,5,True,False,False,True,False,False
2026-06-30T11:00:00-04:00,2026-06-30,11:00,MSFT,C,55,369.73,3,True,False,False,True,True,False
2026-06-30T11:15:00-04:00,2026-06-30,11:15,QQQ,C,45,732.81,5,True,False,False,True,False,False
2026-06-30T11:15:00-04:00,2026-06-30,11:15,AAPL,C,45,286.96,6,True,False,False,True,False,False
2026-06-30T11:15:00-04:00,2026-06-30,11:15,MSFT,C,70,369.6,4,True,False,True,True,True,False
2026-06-30T11:15:00-04:00,2026-06-30,11:15,NVDA,C,45,198.29,5,True,False,False,True,False,False
2026-06-30T11:30:00-04:00,2026-06-30,11:30,AAPL,C,45,288.27,7,True,False,False,True,False,False
2026-06-30T11:30:00-04:00,2026-06-30,11:30,MSFT,C,55,370.59,5,True,False,False,True,True,False
2026-06-30T11:30:00-04:00,2026-06-30,11:30,META,C,45,556.01,1,False,True,True,False,True,False
2026-06-30T11:30:00-04:00,2026-06-30,11:30,NVDA,C,45,198.24,6,True,False,False,True,False,False
2026-06-30T11:45:00-04:00,2026-06-30,11:45,QQQ,C,45,733.15,6,True,False,False,True,False,False
2026-06-30T11:45:00-04:00,2026-06-30,11:45,AAPL,C,45,288.45,8,True,False,False,True,False,False
2026-06-30T11:45:00-04:00,2026-06-30,11:45,MSFT,C,55,370.12,6,True,False,False,True,True,False
2026-06-30T11:45:00-04:00,2026-06-30,11:45,NVDA,C,45,198.05,7,True,False,False,True,False,False
2026-06-30T11:45:00-04:00,2026-06-30,11:45,GOOGL,C,45,356.38,2,True,False,False,True,False,False
2026-06-30T12:00:00-04:00,2026-06-30,12:00,QQQ,C,45,734.23,7,True,False,False,True,False,False
2026-06-30T12:00:00-04:00,2026-06-30,12:00,AAPL,C,45,288.74,9,True,False,False,True,False,False
2026-06-30T12:00:00-04:00,2026-06-30,12:00,MSFT,C,55,370.5,7,True,False,False,True,True,False
2026-06-30T12:00:00-04:00,2026-06-30,12:00,NVDA,C,45,198.21,8,True,False,False,True,False,False
2026-06-30T12:00:00-04:00,2026-06-30,12:00,GOOGL,C,45,357.32,3,True,False,False,True,False,False
2026-06-30T12:00:00-04:00,2026-06-30,12:00,AVGO,C,65,376.32,1,True,True,False,True,False,False
2026-06-30T12:15:00-04:00,2026-06-30,12:15,QQQ,C,45,734.91,8,True,False,False,True,False,False
2026-06-30T12:15:00-04:00,2026-06-30,12:15,AAPL,C,45,288.26,10,True,False,False,True,False,False
2026-06-30T12:15:00-04:00,2026-06-30,12:15,MSFT,C,75,370.67,8,True,True,False,True,True,False
2026-06-30T12:15:00-04:00,2026-06-30,12:15,NVDA,C,45,198.23,9,True,False,False,True,False,False
2026-06-30T12:15:00-04:00,2026-06-30,12:15,GOOGL,C,45,356.99,4,True,False,False,True,False,False
2026-06-30T12:15:00-04:00,2026-06-30,12:15,AVGO,C,45,376.59,2,True,False,False,True,False,False
2026-06-30T12:30:00-04:00,2026-06-30,12:30,QQQ,C,45,735.03,9,True,False,False,True,False,False
2026-06-30T12:30:00-04:00,2026-06-30,12:30,MSFT,C,55,370.92,9,True,False,False,True,True,False
2026-06-30T12:30:00-04:00,2026-06-30,12:30,GOOGL,C,45,357.58,5,True,False,False,True,False,False
2026-06-30T12:30:00-04:00,2026-06-30,12:30,TSLA,C,45,416.44,1,True,False,False,True,False,False
2026-06-30T12:45:00-04:00,2026-06-30,12:45,QQQ,C,45,735.43,10,True,False,False,True,False,False
2026-06-30T12:45:00-04:00,2026-06-30,12:45,IWM,C,45,300.47,5,True,False,False,True,False,False
2026-06-30T12:45:00-04:00,2026-06-30,12:45,AMZN,C,45,241.1,1,True,False,False,True,False,False
2026-06-30T12:45:00-04:00,2026-06-30,12:45,GOOGL,C,45,357.82,6,True,False,False,True,False,False
2026-06-30T12:45:00-04:00,2026-06-30,12:45,TSLA,C,45,417.65,2,True,False,False,True,False,False
2026-06-30T13:00:00-04:00,2026-06-30,13:00,AMZN,C,45,240.62,2,True,False,False,True,False,False
2026-06-30T13:00:00-04:00,2026-06-30,13:00,MSFT,C,45,372.73,10,True,False,False,True,False,False
2026-06-30T13:00:00-04:00,2026-06-30,13:00,GOOGL,C,45,357.8,7,True,False,False,True,False,False
2026-06-30T13:00:00-04:00,2026-06-30,13:00,TSLA,C,45,417.93,3,True,False,False,True,False,False
2026-06-30T13:15:00-04:00,2026-06-30,13:15,QQQ,C,45,736.02,11,True,False,False,True,False,False
2026-06-30T13:15:00-04:00,2026-06-30,13:15,AMZN,C,55,239.66,3,True,False,False,True,True,False
2026-06-30T13:15:00-04:00,2026-06-30,13:15,GOOGL,C,45,357.46,8,True,False,False,True,False,False
2026-06-30T13:15:00-04:00,2026-06-30,13:15,AVGO,C,55,374.86,3,True,False,False,True,True,False
2026-06-30T13:15:00-04:00,2026-06-30,13:15,TSLA,C,45,418.67,4,True,False,False,True,False,False
2026-06-30T13:30:00-04:00,2026-06-30,13:30,IWM,C,45,300.7,6,True,False,False,True,False,False
2026-06-30T13:30:00-04:00,2026-06-30,13:30,AMZN,C,55,239.07,4,True,False,False,True,True,False
2026-06-30T13:30:00-04:00,2026-06-30,13:30,META,P,50,559.0,1,True,False,True,False,True,False
2026-06-30T13:30:00-04:00,2026-06-30,13:30,TSLA,C,45,418.26,5,True,False,False,True,False,False
2026-06-30T13:45:00-04:00,2026-06-30,13:45,IWM,C,45,300.83,7,True,False,False,True,False,False
2026-06-30T13:45:00-04:00,2026-06-30,13:45,META,P,50,559.91,2,True,False,True,False,True,False
2026-06-30T13:45:00-04:00,2026-06-30,13:45,AVGO,C,65,376.54,4,True,True,False,True,False,False
2026-06-30T14:00:00-04:00,2026-06-30,14:00,META,P,50,559.88,3,True,False,True,False,True,False
2026-06-30T14:15:00-04:00,2026-06-30,14:15,TSLA,C,45,419.11,6,True,False,False,True,False,False
2026-07-01T10:00:00-04:00,2026-07-01,10:00,SPY,C,50,745.32,1,True,False,True,False,True,False
2026-07-01T10:00:00-04:00,2026-07-01,10:00,QQQ,C,50,730.17,1,True,False,True,False,True,False
2026-07-01T10:00:00-04:00,2026-07-01,10:00,IWM,C,60,300.95,1,True,False,True,True,False,False
2026-07-01T10:00:00-04:00,2026-07-01,10:00,AAPL,C,60,292.5,1,True,False,True,True,False,False
2026-07-01T10:00:00-04:00,2026-07-01,10:00,AMZN,C,45,237.84,1,False,True,True,False,True,False
2026-07-01T10:00:00-04:00,2026-07-01,10:00,MSFT,C,60,377.51,1,True,False,True,True,False,False
2026-07-01T10:00:00-04:00,2026-07-01,10:00,META,C,55,606.45,1,True,False,False,True,False,True
2026-07-01T10:15:00-04:00,2026-07-01,10:15,IWM,C,55,302.03,2,True,False,False,True,False,True
2026-07-01T10:15:00-04:00,2026-07-01,10:15,AAPL,C,45,292.95,2,True,False,False,True,False,False
2026-07-01T10:15:00-04:00,2026-07-01,10:15,MSFT,C,60,379.96,2,True,False,True,True,False,False
2026-07-01T10:15:00-04:00,2026-07-01,10:15,META,C,55,610.83,2,True,False,False,True,False,True
2026-07-01T10:15:00-04:00,2026-07-01,10:15,TSLA,C,55,426.3,1,True,False,False,True,False,True
2026-07-01T10:30:00-04:00,2026-07-01,10:30,AAPL,C,45,293.06,3,True,False,False,True,False,False
2026-07-01T10:30:00-04:00,2026-07-01,10:30,MSFT,C,45,382.3,3,True,False,False,True,False,False
2026-07-01T10:30:00-04:00,2026-07-01,10:30,META,C,45,612.46,3,True,False,False,True,False,False
2026-07-01T10:30:00-04:00,2026-07-01,10:30,GOOGL,C,80,360.0,1,True,True,True,True,False,False
2026-07-01T10:30:00-04:00,2026-07-01,10:30,TSLA,C,45,427.08,2,True,False,False,True,False,False
2026-07-01T10:45:00-04:00,2026-07-01,10:45,AAPL,C,45,294.83,4,True,False,False,True,False,False
2026-07-01T10:45:00-04:00,2026-07-01,10:45,MSFT,C,45,383.89,4,True,False,False,True,False,False
2026-07-01T10:45:00-04:00,2026-07-01,10:45,META,C,55,623.15,4,True,False,False,True,False,True
2026-07-01T10:45:00-04:00,2026-07-01,10:45,GOOGL,C,45,361.86,2,True,False,False,True,False,False
2026-07-01T10:45:00-04:00,2026-07-01,10:45,TSLA,C,45,427.23,3,True,False,False,True,False,False
2026-07-01T11:00:00-04:00,2026-07-01,11:00,AAPL,C,45,294.64,5,True,False,False,True,False,False
2026-07-01T11:00:00-04:00,2026-07-01,11:00,AMZN,C,45,242.64,2,True,False,False,True,False,False
2026-07-01T11:00:00-04:00,2026-07-01,11:00,MSFT,C,45,385.34,5,True,False,False,True,False,False
2026-07-01T11:00:00-04:00,2026-07-01,11:00,META,C,55,622.88,5,True,False,False,True,False,True
2026-07-01T11:00:00-04:00,2026-07-01,11:00,GOOGL,C,45,360.89,3,True,False,False,True,False,False
2026-07-01T11:00:00-04:00,2026-07-01,11:00,AVGO,P,45,370.55,1,True,False,False,True,False,False
2026-07-01T11:15:00-04:00,2026-07-01,11:15,SPY,C,45,748.07,2,True,False,False,True,False,False
2026-07-01T11:15:00-04:00,2026-07-01,11:15,IWM,C,45,301.91,3,True,False,False,True,False,False
2026-07-01T11:15:00-04:00,2026-07-01,11:15,AAPL,C,45,294.61,6,True,False,False,True,False,False
2026-07-01T11:15:00-04:00,2026-07-01,11:15,AMZN,C,45,242.05,3,True,False,False,True,False,False
2026-07-01T11:15:00-04:00,2026-07-01,11:15,MSFT,C,45,386.35,6,True,False,False,True,False,False
2026-07-01T11:15:00-04:00,2026-07-01,11:15,META,C,45,625.82,6,True,False,False,True,False,False
2026-07-01T11:15:00-04:00,2026-07-01,11:15,GOOGL,C,45,361.38,4,True,False,False,True,False,False
2026-07-01T11:15:00-04:00,2026-07-01,11:15,AVGO,P,60,371.28,2,True,False,True,True,False,False
2026-07-01T11:15:00-04:00,2026-07-01,11:15,TSLA,C,45,430.29,4,True,False,False,True,False,False
2026-07-01T11:30:00-04:00,2026-07-01,11:30,SPY,C,45,749.29,3,True,False,False,True,False,False
2026-07-01T11:30:00-04:00,2026-07-01,11:30,IWM,C,45,302.64,4,True,False,False,True,False,False
2026-07-01T11:30:00-04:00,2026-07-01,11:30,AAPL,C,45,295.75,7,True,False,False,True,False,False
2026-07-01T11:30:00-04:00,2026-07-01,11:30,AMZN,C,45,243.29,4,True,False,False,True,False,False
2026-07-01T11:30:00-04:00,2026-07-01,11:30,MSFT,C,45,386.72,7,True,False,False,True,False,False
2026-07-01T11:30:00-04:00,2026-07-01,11:30,META,C,45,627.5,7,True,False,False,True,False,False
2026-07-01T11:30:00-04:00,2026-07-01,11:30,GOOGL,C,45,361.94,5,True,False,False,True,False,False
2026-07-01T11:30:00-04:00,2026-07-01,11:30,AVGO,P,60,372.14,3,True,False,True,True,False,False
2026-07-01T11:30:00-04:00,2026-07-01,11:30,TSLA,C,45,431.82,5,True,False,False,True,False,False
2026-07-01T11:45:00-04:00,2026-07-01,11:45,SPY,C,45,748.81,4,True,False,False,True,False,False
2026-07-01T11:45:00-04:00,2026-07-01,11:45,IWM,C,45,302.41,5,True,False,False,True,False,False
2026-07-01T11:45:00-04:00,2026-07-01,11:45,AAPL,C,45,294.94,8,True,False,False,True,False,False
2026-07-01T11:45:00-04:00,2026-07-01,11:45,AMZN,C,45,241.9,5,True,False,False,True,False,False
2026-07-01T11:45:00-04:00,2026-07-01,11:45,MSFT,C,45,384.59,8,True,False,False,True,False,False
2026-07-01T11:45:00-04:00,2026-07-01,11:45,META,C,45,618.59,8,True,False,False,True,False,False
2026-07-01T11:45:00-04:00,2026-07-01,11:45,AVGO,P,60,372.04,4,True,False,True,True,False,False
2026-07-01T11:45:00-04:00,2026-07-01,11:45,TSLA,C,45,430.53,6,True,False,False,True,False,False
2026-07-01T12:00:00-04:00,2026-07-01,12:00,SPY,C,45,748.79,5,True,False,False,True,False,False
2026-07-01T12:00:00-04:00,2026-07-01,12:00,IWM,C,45,302.01,6,True,False,False,True,False,False
2026-07-01T12:00:00-04:00,2026-07-01,12:00,AAPL,C,45,295.24,9,True,False,False,True,False,False
2026-07-01T12:00:00-04:00,2026-07-01,12:00,AMZN,C,45,242.34,6,True,False,False,True,False,False
2026-07-01T12:00:00-04:00,2026-07-01,12:00,MSFT,C,45,385.83,9,True,False,False,True,False,False
2026-07-01T12:00:00-04:00,2026-07-01,12:00,AVGO,P,65,370.71,5,True,True,False,True,False,False
2026-07-01T12:15:00-04:00,2026-07-01,12:15,IWM,C,45,302.08,7,True,False,False,True,False,False
2026-07-01T12:15:00-04:00,2026-07-01,12:15,AAPL,C,45,295.29,10,True,False,False,True,False,False
2026-07-01T12:15:00-04:00,2026-07-01,12:15,AMZN,C,45,242.41,7,True,False,False,True,False,False
2026-07-01T12:15:00-04:00,2026-07-01,12:15,MSFT,C,45,386.29,10,True,False,False,True,False,False
2026-07-01T12:15:00-04:00,2026-07-01,12:15,AVGO,P,45,369.5,6,True,False,False,True,False,False
2026-07-01T12:30:00-04:00,2026-07-01,12:30,IWM,C,45,302.22,8,True,False,False,True,False,False
2026-07-01T12:30:00-04:00,2026-07-01,12:30,AAPL,C,45,294.95,11,True,False,False,True,False,False
2026-07-01T12:30:00-04:00,2026-07-01,12:30,AMZN,C,45,242.21,8,True,False,False,True,False,False
2026-07-01T12:30:00-04:00,2026-07-01,12:30,MSFT,C,45,385.62,11,True,False,False,True,False,False
2026-07-01T12:30:00-04:00,2026-07-01,12:30,GOOGL,C,50,358.89,6,True,False,True,False,True,False
2026-07-01T12:30:00-04:00,2026-07-01,12:30,AVGO,P,45,368.43,7,True,False,False,True,False,False
2026-07-01T12:45:00-04:00,2026-07-01,12:45,IWM,C,45,302.0,9,True,False,False,True,False,False
2026-07-01T12:45:00-04:00,2026-07-01,12:45,AAPL,C,45,294.6,12,True,False,False,True,False,False
2026-07-01T12:45:00-04:00,2026-07-01,12:45,AMZN,C,45,242.57,9,True,False,False,True,False,False
2026-07-01T12:45:00-04:00,2026-07-01,12:45,MSFT,C,45,386.16,12,True,False,False,True,False,False
2026-07-01T12:45:00-04:00,2026-07-01,12:45,GOOGL,C,50,358.02,7,True,False,True,False,True,False
2026-07-01T12:45:00-04:00,2026-07-01,12:45,AVGO,P,45,368.7,8,True,False,False,True,False,False
2026-07-01T13:00:00-04:00,2026-07-01,13:00,AMZN,C,45,242.26,10,True,False,False,True,False,False
2026-07-01T13:00:00-04:00,2026-07-01,13:00,GOOGL,C,50,358.49,8,True,False,True,False,True,False
2026-07-01T13:00:00-04:00,2026-07-01,13:00,AVGO,P,45,368.58,9,True,False,False,True,False,False
2026-07-01T13:15:00-04:00,2026-07-01,13:15,AMZN,C,45,243.87,11,True,False,False,True,False,False
2026-07-01T13:30:00-04:00,2026-07-01,13:30,AMZN,C,45,244.32,12,True,False,False,True,False,False
2026-07-01T13:30:00-04:00,2026-07-01,13:30,GOOGL,C,50,358.68,9,True,False,True,False,True,False
2026-07-01T13:45:00-04:00,2026-07-01,13:45,AMZN,C,45,243.87,13,True,False,False,True,False,False
2026-07-01T13:45:00-04:00,2026-07-01,13:45,NVDA,C,45,198.72,1,True,False,False,True,False,False
2026-07-01T13:45:00-04:00,2026-07-01,13:45,GOOGL,C,50,359.03,10,True,False,True,False,True,False
2026-07-01T14:00:00-04:00,2026-07-01,14:00,AMZN,C,45,243.89,14,True,False,False,True,False,False
2026-07-01T14:00:00-04:00,2026-07-01,14:00,NVDA,C,45,198.66,2,True,False,False,True,False,False
2026-07-01T14:15:00-04:00,2026-07-01,14:15,NVDA,C,55,197.91,3,True,False,False,True,True,False
2026-07-01T14:15:00-04:00,2026-07-01,14:15,GOOGL,C,45,360.0,11,True,True,False,False,False,False
2026-07-02T10:00:00-04:00,2026-07-02,10:00,AAPL,C,55,302.81,1,True,False,False,True,False,True
2026-07-02T10:00:00-04:00,2026-07-02,10:00,GOOGL,C,45,362.73,1,True,False,False,True,False,False
2026-07-02T10:00:00-04:00,2026-07-02,10:00,AVGO,P,50,371.17,1,True,False,True,False,True,False
2026-07-02T10:15:00-04:00,2026-07-02,10:15,SPY,C,45,750.96,1,True,False,False,True,False,False
2026-07-02T10:15:00-04:00,2026-07-02,10:15,AAPL,C,55,303.73,2,True,False,False,True,False,True
2026-07-02T10:15:00-04:00,2026-07-02,10:15,GOOGL,C,45,361.93,2,True,False,False,True,False,False
2026-07-02T10:30:00-04:00,2026-07-02,10:30,SPY,C,50,747.94,2,True,False,True,False,True,False
2026-07-02T10:30:00-04:00,2026-07-02,10:30,QQQ,P,90,722.17,1,True,True,True,True,False,True
2026-07-02T10:30:00-04:00,2026-07-02,10:30,AAPL,C,55,305.05,3,True,False,False,True,False,True
2026-07-02T10:30:00-04:00,2026-07-02,10:30,GOOGL,C,45,362.07,3,True,False,False,True,False,False
2026-07-02T10:30:00-04:00,2026-07-02,10:30,AVGO,P,60,369.17,2,True,True,True,False,False,False
2026-07-02T10:45:00-04:00,2026-07-02,10:45,QQQ,P,55,719.07,2,True,False,False,True,False,True
2026-07-02T10:45:00-04:00,2026-07-02,10:45,AAPL,C,55,306.42,4,True,False,False,True,False,True
2026-07-02T10:45:00-04:00,2026-07-02,10:45,GOOGL,C,45,362.29,4,True,False,False,True,False,False
2026-07-02T11:00:00-04:00,2026-07-02,11:00,SPY,C,50,747.66,3,True,False,True,False,True,False
2026-07-02T11:00:00-04:00,2026-07-02,11:00,QQQ,P,45,719.82,3,True,False,False,True,False,False
2026-07-02T11:00:00-04:00,2026-07-02,11:00,AAPL,C,45,306.88,5,True,False,False,True,False,False
2026-07-02T11:00:00-04:00,2026-07-02,11:00,TSLA,P,55,397.83,1,True,False,False,True,False,True
2026-07-02T11:15:00-04:00,2026-07-02,11:15,QQQ,P,45,716.89,4,True,False,False,True,False,False
2026-07-02T11:15:00-04:00,2026-07-02,11:15,IWM,P,45,297.59,1,True,False,False,True,False,False
2026-07-02T11:15:00-04:00,2026-07-02,11:15,AAPL,C,45,307.41,6,True,False,False,True,False,False
2026-07-02T11:15:00-04:00,2026-07-02,11:15,GOOGL,C,50,358.7,5,True,False,True,False,True,False
2026-07-02T11:15:00-04:00,2026-07-02,11:15,TSLA,P,45,396.36,2,True,False,False,True,False,False
2026-07-02T11:30:00-04:00,2026-07-02,11:30,QQQ,P,45,715.81,5,True,False,False,True,False,False
2026-07-02T11:30:00-04:00,2026-07-02,11:30,IWM,P,45,297.27,2,True,False,False,True,False,False
2026-07-02T11:30:00-04:00,2026-07-02,11:30,AAPL,C,45,305.42,7,True,False,False,True,False,False
2026-07-02T11:30:00-04:00,2026-07-02,11:30,AVGO,P,45,364.8,3,True,False,False,True,False,False
2026-07-02T11:30:00-04:00,2026-07-02,11:30,TSLA,P,45,396.93,3,True,False,False,True,False,False
2026-07-02T11:45:00-04:00,2026-07-02,11:45,QQQ,P,45,716.82,6,True,False,False,True,False,False
2026-07-02T11:45:00-04:00,2026-07-02,11:45,IWM,P,45,298.05,3,True,False,False,True,False,False
2026-07-02T11:45:00-04:00,2026-07-02,11:45,AAPL,C,45,305.67,8,True,False,False,True,False,False
2026-07-02T11:45:00-04:00,2026-07-02,11:45,AMZN,C,45,245.41,1,True,False,False,True,False,False
2026-07-02T11:45:00-04:00,2026-07-02,11:45,NVDA,P,45,195.07,1,True,False,False,True,False,False
2026-07-02T11:45:00-04:00,2026-07-02,11:45,AVGO,P,45,364.72,4,True,False,False,True,False,False
2026-07-02T11:45:00-04:00,2026-07-02,11:45,TSLA,P,45,399.7,4,True,False,False,True,False,False
2026-07-02T12:00:00-04:00,2026-07-02,12:00,QQQ,P,45,715.81,7,True,False,False,True,False,False
2026-07-02T12:00:00-04:00,2026-07-02,12:00,IWM,P,45,297.64,4,True,False,False,True,False,False
2026-07-02T12:00:00-04:00,2026-07-02,12:00,AAPL,C,45,305.62,9,True,False,False,True,False,False
2026-07-02T12:00:00-04:00,2026-07-02,12:00,AMZN,C,45,245.79,2,True,False,False,True,False,False
2026-07-02T12:00:00-04:00,2026-07-02,12:00,MSFT,C,45,389.12,1,True,False,False,True,False,False
2026-07-02T12:00:00-04:00,2026-07-02,12:00,NVDA,P,45,194.49,2,True,False,False,True,False,False
2026-07-02T12:00:00-04:00,2026-07-02,12:00,AVGO,P,45,364.52,5,True,False,False,True,False,False
2026-07-02T12:00:00-04:00,2026-07-02,12:00,TSLA,P,45,398.42,5,True,False,False,True,False,False
2026-07-02T12:15:00-04:00,2026-07-02,12:15,QQQ,P,45,715.21,8,True,False,False,True,False,False
2026-07-02T12:15:00-04:00,2026-07-02,12:15,IWM,P,45,297.77,5,True,False,False,True,False,False
2026-07-02T12:15:00-04:00,2026-07-02,12:15,AAPL,C,45,307.05,10,True,False,False,True,False,False
2026-07-02T12:15:00-04:00,2026-07-02,12:15,AMZN,C,45,246.33,3,True,False,False,True,False,False
2026-07-02T12:15:00-04:00,2026-07-02,12:15,MSFT,C,45,390.05,2,True,False,False,True,False,False
2026-07-02T12:15:00-04:00,2026-07-02,12:15,NVDA,P,45,194.56,3,True,False,False,True,False,False
2026-07-02T12:15:00-04:00,2026-07-02,12:15,AVGO,P,45,363.32,6,True,False,False,True,False,False
2026-07-02T12:15:00-04:00,2026-07-02,12:15,TSLA,P,45,395.08,6,True,False,False,True,False,False
2026-07-02T12:30:00-04:00,2026-07-02,12:30,QQQ,P,45,713.01,9,True,False,False,True,False,False
2026-07-02T12:30:00-04:00,2026-07-02,12:30,IWM,P,45,296.82,6,True,False,False,True,False,False
2026-07-02T12:30:00-04:00,2026-07-02,12:30,AAPL,C,45,308.09,11,True,False,False,True,False,False
2026-07-02T12:30:00-04:00,2026-07-02,12:30,AMZN,C,45,246.14,4,True,False,False,True,False,False
2026-07-02T12:30:00-04:00,2026-07-02,12:30,MSFT,C,45,390.91,3,True,False,False,True,False,False
2026-07-02T12:30:00-04:00,2026-07-02,12:30,NVDA,P,45,193.79,4,True,False,False,True,False,False
2026-07-02T12:30:00-04:00,2026-07-02,12:30,AVGO,P,45,360.03,7,True,False,False,True,False,False
2026-07-02T12:30:00-04:00,2026-07-02,12:30,TSLA,P,45,392.93,7,True,False,False,True,False,False
2026-07-02T12:45:00-04:00,2026-07-02,12:45,QQQ,P,45,712.6,10,True,False,False,True,False,False
2026-07-02T12:45:00-04:00,2026-07-02,12:45,IWM,P,45,296.8,7,True,False,False,True,False,False
2026-07-02T12:45:00-04:00,2026-07-02,12:45,AAPL,C,45,307.45,12,True,False,False,True,False,False
2026-07-02T12:45:00-04:00,2026-07-02,12:45,AMZN,C,45,245.37,5,True,False,False,True,False,False
2026-07-02T12:45:00-04:00,2026-07-02,12:45,MSFT,C,45,390.63,4,True,False,False,True,False,False
2026-07-02T12:45:00-04:00,2026-07-02,12:45,NVDA,P,45,194.04,5,True,False,False,True,False,False
2026-07-02T12:45:00-04:00,2026-07-02,12:45,AVGO,P,45,360.03,8,True,False,False,True,False,False
2026-07-02T12:45:00-04:00,2026-07-02,12:45,TSLA,P,45,392.15,8,True,False,False,True,False,False
2026-07-02T13:00:00-04:00,2026-07-02,13:00,SPY,P,45,742.18,1,True,False,False,True,False,False
2026-07-02T13:00:00-04:00,2026-07-02,13:00,QQQ,P,45,710.78,11,True,False,False,True,False,False
2026-07-02T13:00:00-04:00,2026-07-02,13:00,IWM,P,45,296.48,8,True,False,False,True,False,False
2026-07-02T13:00:00-04:00,2026-07-02,13:00,AAPL,C,45,308.31,13,True,False,False,True,False,False
2026-07-02T13:00:00-04:00,2026-07-02,13:00,AMZN,C,55,244.62,6,True,False,False,True,True,False
2026-07-02T13:00:00-04:00,2026-07-02,13:00,MSFT,C,45,390.39,5,True,False,False,True,False,False
2026-07-02T13:00:00-04:00,2026-07-02,13:00,NVDA,P,45,193.49,6,True,False,False,True,False,False
2026-07-02T13:00:00-04:00,2026-07-02,13:00,AVGO,P,45,359.01,9,True,False,False,True,False,False
2026-07-02T13:00:00-04:00,2026-07-02,13:00,TSLA,P,45,390.82,9,True,False,False,True,False,False
2026-07-02T13:15:00-04:00,2026-07-02,13:15,SPY,P,45,741.75,2,True,False,False,True,False,False
2026-07-02T13:15:00-04:00,2026-07-02,13:15,QQQ,P,45,710.58,12,True,False,False,True,False,False
2026-07-02T13:15:00-04:00,2026-07-02,13:15,IWM,P,45,296.13,9,True,False,False,True,False,False
2026-07-02T13:15:00-04:00,2026-07-02,13:15,AMZN,C,55,244.63,7,True,False,False,True,True,False
2026-07-02T13:15:00-04:00,2026-07-02,13:15,MSFT,C,45,390.82,6,True,False,False,True,False,False
2026-07-02T13:15:00-04:00,2026-07-02,13:15,NVDA,P,45,193.07,7,True,False,False,True,False,False
2026-07-02T13:15:00-04:00,2026-07-02,13:15,AVGO,P,45,358.52,10,True,False,False,True,False,False
2026-07-02T13:15:00-04:00,2026-07-02,13:15,TSLA,P,45,390.9,10,True,False,False,True,False,False
2026-07-02T13:30:00-04:00,2026-07-02,13:30,SPY,P,45,741.53,3,True,False,False,True,False,False
2026-07-02T13:30:00-04:00,2026-07-02,13:30,QQQ,P,45,710.4,13,True,False,False,True,False,False
2026-07-02T13:30:00-04:00,2026-07-02,13:30,IWM,P,45,296.07,10,True,False,False,True,False,False
2026-07-02T13:30:00-04:00,2026-07-02,13:30,AMZN,C,45,244.88,8,True,False,False,True,False,False
2026-07-02T13:30:00-04:00,2026-07-02,13:30,MSFT,C,45,391.74,7,True,False,False,True,False,False
2026-07-02T13:30:00-04:00,2026-07-02,13:30,NVDA,P,45,193.05,8,True,False,False,True,False,False
2026-07-02T13:30:00-04:00,2026-07-02,13:30,GOOGL,P,45,355.05,1,True,False,False,True,False,False
2026-07-02T13:30:00-04:00,2026-07-02,13:30,AVGO,P,45,359.11,11,True,False,False,True,False,False
2026-07-02T13:45:00-04:00,2026-07-02,13:45,SPY,P,45,741.12,4,True,False,False,True,False,False
2026-07-02T13:45:00-04:00,2026-07-02,13:45,QQQ,P,45,709.45,14,True,False,False,True,False,False
2026-07-02T13:45:00-04:00,2026-07-02,13:45,IWM,P,45,295.54,11,True,False,False,True,False,False
2026-07-02T13:45:00-04:00,2026-07-02,13:45,AMZN,C,45,243.72,9,True,False,False,False,True,True
2026-07-02T13:45:00-04:00,2026-07-02,13:45,MSFT,C,45,390.57,8,True,False,False,True,False,False
2026-07-02T13:45:00-04:00,2026-07-02,13:45,NVDA,P,45,192.95,9,True,False,False,True,False,False
2026-07-02T13:45:00-04:00,2026-07-02,13:45,AVGO,P,45,359.71,12,True,False,False,True,False,False
2026-07-02T14:00:00-04:00,2026-07-02,14:00,SPY,P,45,740.24,5,True,False,False,True,False,False
2026-07-02T14:00:00-04:00,2026-07-02,14:00,QQQ,P,45,707.79,15,True,False,False,True,False,False
2026-07-02T14:00:00-04:00,2026-07-02,14:00,IWM,P,45,295.19,12,True,False,False,True,False,False
2026-07-02T14:00:00-04:00,2026-07-02,14:00,AVGO,P,45,358.64,13,True,False,False,True,False,False
2026-07-02T14:15:00-04:00,2026-07-02,14:15,SPY,P,45,742.22,6,True,False,False,True,False,False
2026-07-02T14:15:00-04:00,2026-07-02,14:15,IWM,P,45,295.83,13,True,False,False,True,False,False
2026-07-06T10:00:00-04:00,2026-07-06,10:00,GOOGL,C,55,357.81,1,True,False,False,True,True,False
2026-07-06T10:15:00-04:00,2026-07-06,10:15,AMZN,C,45,242.7,1,False,True,True,False,True,False
2026-07-06T10:15:00-04:00,2026-07-06,10:15,META,C,45,587.16,1,False,False,True,True,True,False
2026-07-06T10:15:00-04:00,2026-07-06,10:15,GOOGL,C,60,359.7,2,True,False,True,True,False,False
2026-07-06T10:30:00-04:00,2026-07-06,10:30,SPY,C,70,749.94,1,True,False,True,True,False,True
2026-07-06T10:30:00-04:00,2026-07-06,10:30,AAPL,C,45,311.73,1,True,False,False,True,False,False
2026-07-06T10:30:00-04:00,2026-07-06,10:30,META,C,45,587.39,2,False,False,True,True,True,False
2026-07-06T10:30:00-04:00,2026-07-06,10:30,GOOGL,C,80,361.01,3,True,True,True,True,False,False
2026-07-06T10:45:00-04:00,2026-07-06,10:45,SPY,C,60,749.67,2,True,False,True,True,False,False
2026-07-06T10:45:00-04:00,2026-07-06,10:45,AAPL,C,45,311.4,2,True,False,False,True,False,False
2026-07-06T10:45:00-04:00,2026-07-06,10:45,GOOGL,C,45,361.29,4,True,False,False,True,False,False
2026-07-06T10:45:00-04:00,2026-07-06,10:45,AVGO,C,45,377.97,1,True,False,False,True,False,False
2026-07-06T11:00:00-04:00,2026-07-06,11:00,SPY,C,60,750.28,3,True,False,True,True,False,False
2026-07-06T11:00:00-04:00,2026-07-06,11:00,AAPL,C,45,312.52,3,True,False,False,True,False,False
2026-07-06T11:00:00-04:00,2026-07-06,11:00,META,C,50,588.52,3,False,True,False,True,True,False
2026-07-06T11:00:00-04:00,2026-07-06,11:00,GOOGL,C,45,361.56,5,True,False,False,True,False,False
2026-07-06T11:00:00-04:00,2026-07-06,11:00,AVGO,C,45,375.3,2,True,False,False,True,False,False
2026-07-06T11:15:00-04:00,2026-07-06,11:15,SPY,C,45,750.11,4,True,False,False,True,False,False
2026-07-06T11:15:00-04:00,2026-07-06,11:15,AAPL,C,45,312.88,4,True,False,False,True,False,False
2026-07-06T11:15:00-04:00,2026-07-06,11:15,GOOGL,C,45,362.36,6,True,False,False,True,False,False
2026-07-06T11:15:00-04:00,2026-07-06,11:15,AVGO,C,45,373.94,3,True,False,False,True,False,False
2026-07-06T11:30:00-04:00,2026-07-06,11:30,SPY,C,60,750.76,5,True,False,True,True,False,False
2026-07-06T11:30:00-04:00,2026-07-06,11:30,AAPL,C,45,313.58,5,True,False,False,True,False,False
2026-07-06T11:30:00-04:00,2026-07-06,11:30,GOOGL,C,45,362.83,7,True,False,False,True,False,False
2026-07-06T11:30:00-04:00,2026-07-06,11:30,AVGO,C,45,374.29,4,True,False,False,True,False,False
2026-07-06T11:45:00-04:00,2026-07-06,11:45,SPY,C,45,750.81,6,True,False,False,True,False,False
2026-07-06T11:45:00-04:00,2026-07-06,11:45,AAPL,C,45,314.09,6,True,False,False,True,False,False
2026-07-06T11:45:00-04:00,2026-07-06,11:45,GOOGL,C,45,363.42,8,True,False,False,True,False,False
2026-07-06T12:00:00-04:00,2026-07-06,12:00,SPY,C,45,750.84,7,True,False,False,True,False,False
2026-07-06T12:00:00-04:00,2026-07-06,12:00,AAPL,C,45,313.7,7,True,False,False,True,False,False
2026-07-06T12:00:00-04:00,2026-07-06,12:00,AMZN,C,45,245.45,2,True,False,False,True,False,False
2026-07-06T12:00:00-04:00,2026-07-06,12:00,GOOGL,C,45,363.57,9,True,False,False,True,False,False
2026-07-06T12:15:00-04:00,2026-07-06,12:15,SPY,C,45,750.99,8,True,False,False,True,False,False
2026-07-06T12:15:00-04:00,2026-07-06,12:15,IWM,C,45,300.06,1,True,False,False,True,False,False
2026-07-06T12:15:00-04:00,2026-07-06,12:15,AAPL,C,45,313.01,8,True,False,False,True,False,False
2026-07-06T12:15:00-04:00,2026-07-06,12:15,AMZN,C,45,245.64,3,True,False,False,True,False,False
2026-07-06T12:15:00-04:00,2026-07-06,12:15,GOOGL,C,45,364.47,10,True,False,False,True,False,False
2026-07-06T12:30:00-04:00,2026-07-06,12:30,AAPL,C,45,312.25,9,True,False,False,True,False,False
2026-07-06T12:30:00-04:00,2026-07-06,12:30,AMZN,C,45,244.82,4,True,False,False,True,False,False
2026-07-06T12:45:00-04:00,2026-07-06,12:45,AAPL,C,55,312.57,10,True,False,False,True,False,True
2026-07-06T12:45:00-04:00,2026-07-06,12:45,AMZN,C,45,244.79,5,True,False,False,True,False,False
2026-07-06T12:45:00-04:00,2026-07-06,12:45,TSLA,C,45,416.93,1,True,False,False,True,False,False
2026-07-06T13:00:00-04:00,2026-07-06,13:00,AAPL,C,45,312.54,11,True,False,False,True,False,False
2026-07-06T13:00:00-04:00,2026-07-06,13:00,AMZN,C,55,244.65,6,True,False,False,True,True,False
2026-07-06T13:00:00-04:00,2026-07-06,13:00,TSLA,C,45,418.24,2,True,False,False,True,False,False
2026-07-06T13:15:00-04:00,2026-07-06,13:15,AMZN,C,45,245.22,7,True,False,False,True,False,False
2026-07-06T13:15:00-04:00,2026-07-06,13:15,META,C,45,594.41,4,True,False,False,True,False,False
2026-07-06T13:30:00-04:00,2026-07-06,13:30,AMZN,C,45,245.41,8,True,False,False,True,False,False
2026-07-06T13:30:00-04:00,2026-07-06,13:30,META,C,45,594.64,5,True,False,False,True,False,False
2026-07-06T13:45:00-04:00,2026-07-06,13:45,AMZN,C,45,245.4,9,True,False,False,True,False,False
2026-07-06T13:45:00-04:00,2026-07-06,13:45,META,C,45,594.24,6,True,False,False,True,False,False
2026-07-06T14:00:00-04:00,2026-07-06,14:00,AMZN,C,55,244.89,10,True,False,False,True,True,False
2026-07-06T14:00:00-04:00,2026-07-06,14:00,META,C,45,593.79,7,True,False,False,True,False,False
2026-07-06T14:15:00-04:00,2026-07-06,14:15,META,C,45,596.17,8,True,False,False,True,False,False
2026-07-06T14:15:00-04:00,2026-07-06,14:15,NVDA,C,55,196.29,1,True,True,False,False,True,False
2026-07-07T10:00:00-04:00,2026-07-07,10:00,QQQ,P,55,711.17,1,True,False,False,True,False,True
2026-07-07T10:00:00-04:00,2026-07-07,10:00,AMZN,C,55,247.91,1,True,False,False,True,False,True
2026-07-07T10:00:00-04:00,2026-07-07,10:00,MSFT,C,55,393.45,1,True,False,False,True,False,True
2026-07-07T10:00:00-04:00,2026-07-07,10:00,META,C,45,612.85,1,True,False,False,True,False,False
2026-07-07T10:00:00-04:00,2026-07-07,10:00,NVDA,P,70,192.64,1,True,False,True,True,False,True
2026-07-07T10:00:00-04:00,2026-07-07,10:00,GOOGL,C,55,371.23,1,True,False,False,True,False,True
2026-07-07T10:15:00-04:00,2026-07-07,10:15,QQQ,P,55,708.09,2,True,False,False,True,False,True
2026-07-07T10:15:00-04:00,2026-07-07,10:15,IWM,P,55,295.64,1,True,False,False,True,False,True
2026-07-07T10:15:00-04:00,2026-07-07,10:15,AMZN,C,45,247.12,2,True,False,False,True,False,False
2026-07-07T10:15:00-04:00,2026-07-07,10:15,MSFT,C,45,392.99,2,True,False,False,True,False,False
2026-07-07T10:15:00-04:00,2026-07-07,10:15,META,C,45,612.34,2,True,False,False,True,False,False
2026-07-07T10:15:00-04:00,2026-07-07,10:15,NVDA,P,60,192.98,2,True,False,True,True,False,False
2026-07-07T10:15:00-04:00,2026-07-07,10:15,GOOGL,C,45,372.0,2,True,False,False,True,False,False
2026-07-07T10:30:00-04:00,2026-07-07,10:30,QQQ,P,55,707.22,3,True,False,False,True,False,True
2026-07-07T10:30:00-04:00,2026-07-07,10:30,IWM,P,45,296.25,2,True,False,False,True,False,False
2026-07-07T10:30:00-04:00,2026-07-07,10:30,AMZN,C,60,245.12,3,True,False,True,False,True,True
2026-07-07T10:30:00-04:00,2026-07-07,10:30,MSFT,C,55,393.92,3,True,False,False,True,False,True
2026-07-07T10:30:00-04:00,2026-07-07,10:30,META,C,55,611.09,3,True,False,False,True,False,True
2026-07-07T10:30:00-04:00,2026-07-07,10:30,NVDA,P,80,191.86,3,True,True,True,True,False,False
2026-07-07T10:30:00-04:00,2026-07-07,10:30,GOOGL,C,45,370.98,3,True,False,False,True,False,False
2026-07-07T10:45:00-04:00,2026-07-07,10:45,QQQ,P,55,705.59,4,True,False,False,True,False,True
2026-07-07T10:45:00-04:00,2026-07-07,10:45,IWM,P,45,295.73,3,True,False,False,True,False,False
2026-07-07T10:45:00-04:00,2026-07-07,10:45,AAPL,C,60,312.57,1,True,True,True,False,False,False
2026-07-07T10:45:00-04:00,2026-07-07,10:45,AMZN,C,50,245.27,4,True,False,True,False,True,False
2026-07-07T10:45:00-04:00,2026-07-07,10:45,MSFT,C,45,393.95,4,True,False,False,True,False,False
2026-07-07T10:45:00-04:00,2026-07-07,10:45,NVDA,P,45,191.66,4,True,False,False,True,False,False
2026-07-07T10:45:00-04:00,2026-07-07,10:45,AVGO,P,45,362.28,1,True,False,False,True,False,False
2026-07-07T11:00:00-04:00,2026-07-07,11:00,QQQ,P,45,707.19,5,True,False,False,True,False,False
2026-07-07T11:00:00-04:00,2026-07-07,11:00,IWM,P,45,296.42,4,True,False,False,True,False,False
2026-07-07T11:00:00-04:00,2026-07-07,11:00,NVDA,P,60,192.57,5,True,False,True,True,False,False
2026-07-07T11:00:00-04:00,2026-07-07,11:00,AVGO,P,45,363.8,2,True,False,False,True,False,False
2026-07-07T11:15:00-04:00,2026-07-07,11:15,QQQ,P,45,707.56,6,True,False,False,True,False,False
2026-07-07T11:15:00-04:00,2026-07-07,11:15,IWM,P,45,296.58,5,True,False,False,True,False,False
2026-07-07T11:15:00-04:00,2026-07-07,11:15,AVGO,P,45,364.67,3,True,False,False,True,False,False
2026-07-07T11:30:00-04:00,2026-07-07,11:30,QQQ,P,45,707.45,7,True,False,False,True,False,False
2026-07-07T11:30:00-04:00,2026-07-07,11:30,MSFT,C,45,393.38,5,True,False,False,True,False,False
2026-07-07T11:30:00-04:00,2026-07-07,11:30,AVGO,P,45,364.43,4,True,False,False,True,False,False
2026-07-07T11:45:00-04:00,2026-07-07,11:45,QQQ,P,45,707.81,8,True,False,False,True,False,False
2026-07-07T11:45:00-04:00,2026-07-07,11:45,MSFT,C,45,393.39,6,True,False,False,True,False,False
2026-07-07T12:00:00-04:00,2026-07-07,12:00,AAPL,C,45,314.29,2,True,False,False,True,False,False
2026-07-07T12:00:00-04:00,2026-07-07,12:00,MSFT,C,45,393.73,7,True,False,False,True,False,False
2026-07-07T12:00:00-04:00,2026-07-07,12:00,AVGO,C,45,367.88,1,False,True,True,False,True,False
2026-07-07T12:15:00-04:00,2026-07-07,12:15,AAPL,C,45,313.12,3,True,False,False,True,False,False
2026-07-07T12:30:00-04:00,2026-07-07,12:30,AAPL,C,45,313.17,4,True,False,False,True,False,False
2026-07-07T12:30:00-04:00,2026-07-07,12:30,AVGO,P,50,371.04,5,True,False,True,False,True,False
2026-07-07T12:45:00-04:00,2026-07-07,12:45,AAPL,C,45,313.61,5,True,False,False,True,False,False
2026-07-07T12:45:00-04:00,2026-07-07,12:45,AMZN,C,45,245.48,5,False,True,True,False,True,False
2026-07-07T12:45:00-04:00,2026-07-07,12:45,AVGO,P,50,371.51,6,True,False,True,False,True,False
2026-07-07T13:00:00-04:00,2026-07-07,13:00,AAPL,C,45,313.61,6,True,False,False,True,False,False
2026-07-07T13:00:00-04:00,2026-07-07,13:00,AVGO,P,50,370.86,7,True,False,True,False,True,False
2026-07-07T13:15:00-04:00,2026-07-07,13:15,AAPL,C,55,312.8,7,True,False,False,True,True,False
2026-07-07T13:15:00-04:00,2026-07-07,13:15,AMZN,C,50,245.03,6,True,False,True,False,True,False
2026-07-07T13:15:00-04:00,2026-07-07,13:15,AVGO,P,50,370.96,8,True,False,True,False,True,False
2026-07-07T13:30:00-04:00,2026-07-07,13:30,AAPL,C,55,312.84,8,True,False,False,True,True,False
2026-07-07T13:30:00-04:00,2026-07-07,13:30,AMZN,C,50,245.43,7,True,False,True,False,True,False
2026-07-07T13:30:00-04:00,2026-07-07,13:30,NVDA,C,45,197.44,1,True,False,False,True,False,False
2026-07-07T13:30:00-04:00,2026-07-07,13:30,GOOGL,C,45,369.92,4,True,True,False,False,False,False
2026-07-07T13:45:00-04:00,2026-07-07,13:45,AMZN,C,50,245.59,8,True,False,True,False,True,False
2026-07-07T13:45:00-04:00,2026-07-07,13:45,NVDA,C,45,197.92,2,True,False,False,True,False,False
2026-07-07T14:00:00-04:00,2026-07-07,14:00,META,C,45,609.64,4,True,True,False,False,False,False
2026-07-07T14:00:00-04:00,2026-07-07,14:00,NVDA,C,45,197.94,3,True,False,False,True,False,False
2026-07-07T14:15:00-04:00,2026-07-07,14:15,NVDA,C,45,197.52,4,True,False,False,True,False,False
2026-07-08T10:00:00-04:00,2026-07-08,10:00,SPY,P,60,744.02,1,True,False,True,True,False,False
2026-07-08T10:00:00-04:00,2026-07-08,10:00,IWM,P,60,294.72,1,True,False,True,True,False,False
2026-07-08T10:00:00-04:00,2026-07-08,10:00,AAPL,C,45,309.13,1,False,True,True,False,True,False
2026-07-08T10:00:00-04:00,2026-07-08,10:00,META,C,50,602.59,1,True,False,True,False,True,False
2026-07-08T10:00:00-04:00,2026-07-08,10:00,AVGO,C,55,385.0,1,True,False,False,True,False,True
2026-07-08T10:00:00-04:00,2026-07-08,10:00,TSLA,P,70,395.88,1,True,False,True,True,False,True
2026-07-08T10:15:00-04:00,2026-07-08,10:15,SPY,P,60,743.22,2,True,False,True,True,False,False
2026-07-08T10:15:00-04:00,2026-07-08,10:15,QQQ,P,60,706.68,1,True,False,True,True,False,False
2026-07-08T10:15:00-04:00,2026-07-08,10:15,IWM,P,60,293.8,2,True,False,True,True,False,False
2026-07-08T10:15:00-04:00,2026-07-08,10:15,MSFT,P,60,382.35,1,True,False,True,True,False,False
2026-07-08T10:15:00-04:00,2026-07-08,10:15,AVGO,C,55,387.67,2,True,False,False,True,False,True
2026-07-08T10:15:00-04:00,2026-07-08,10:15,TSLA,P,45,394.46,2,True,False,False,True,False,False
2026-07-08T10:30:00-04:00,2026-07-08,10:30,SPY,P,60,743.11,3,True,False,True,True,False,False
2026-07-08T10:30:00-04:00,2026-07-08,10:30,QQQ,P,60,707.2,2,True,False,True,True,False,False
2026-07-08T10:30:00-04:00,2026-07-08,10:30,IWM,P,70,293.39,3,True,False,True,True,False,True
2026-07-08T10:30:00-04:00,2026-07-08,10:30,MSFT,P,45,382.26,2,True,False,False,True,False,False
2026-07-08T10:30:00-04:00,2026-07-08,10:30,AVGO,C,45,386.77,3,True,False,False,True,False,False
2026-07-08T10:30:00-04:00,2026-07-08,10:30,TSLA,P,55,395.34,3,True,False,False,True,False,True
2026-07-08T10:45:00-04:00,2026-07-08,10:45,SPY,P,60,742.44,4,True,False,True,True,False,False
2026-07-08T10:45:00-04:00,2026-07-08,10:45,QQQ,P,60,706.2,3,True,False,True,True,False,False
2026-07-08T10:45:00-04:00,2026-07-08,10:45,IWM,P,45,292.97,4,True,False,False,True,False,False
2026-07-08T10:45:00-04:00,2026-07-08,10:45,AMZN,P,45,241.77,1,True,False,False,True,False,False
2026-07-08T10:45:00-04:00,2026-07-08,10:45,MSFT,P,45,382.93,3,True,False,False,True,False,False
2026-07-08T10:45:00-04:00,2026-07-08,10:45,AVGO,C,45,389.17,4,True,False,False,True,False,False
2026-07-08T10:45:00-04:00,2026-07-08,10:45,TSLA,P,45,393.92,4,True,False,False,True,False,False
2026-07-08T11:00:00-04:00,2026-07-08,11:00,SPY,P,60,741.84,5,True,False,True,True,False,False
2026-07-08T11:00:00-04:00,2026-07-08,11:00,QQQ,P,45,705.2,4,True,False,False,True,False,False
2026-07-08T11:00:00-04:00,2026-07-08,11:00,IWM,P,45,292.28,5,True,False,False,True,False,False
2026-07-08T11:00:00-04:00,2026-07-08,11:00,AMZN,P,45,241.13,2,True,False,False,True,False,False
2026-07-08T11:00:00-04:00,2026-07-08,11:00,MSFT,P,45,383.15,4,True,False,False,True,False,False
2026-07-08T11:00:00-04:00,2026-07-08,11:00,NVDA,C,75,198.78,1,True,True,False,True,False,True
2026-07-08T11:00:00-04:00,2026-07-08,11:00,AVGO,C,45,388.64,5,True,False,False,True,False,False
2026-07-08T11:00:00-04:00,2026-07-08,11:00,TSLA,P,45,392.63,5,True,False,False,True,False,False
2026-07-08T11:15:00-04:00,2026-07-08,11:15,SPY,P,45,741.12,6,True,False,False,True,False,False
2026-07-08T11:15:00-04:00,2026-07-08,11:15,QQQ,P,45,703.46,5,True,False,False,True,False,False
2026-07-08T11:15:00-04:00,2026-07-08,11:15,IWM,P,45,291.97,6,True,False,False,True,False,False
2026-07-08T11:15:00-04:00,2026-07-08,11:15,AMZN,P,45,241.62,3,True,False,False,True,False,False
2026-07-08T11:15:00-04:00,2026-07-08,11:15,MSFT,P,45,382.92,5,True,False,False,True,False,False
2026-07-08T11:15:00-04:00,2026-07-08,11:15,GOOGL,P,45,361.48,1,True,False,False,True,False,False
2026-07-08T11:15:00-04:00,2026-07-08,11:15,AVGO,C,45,386.61,6,True,False,False,True,False,False
2026-07-08T11:15:00-04:00,2026-07-08,11:15,TSLA,P,45,391.29,6,True,False,False,True,False,False
2026-07-08T11:30:00-04:00,2026-07-08,11:30,SPY,P,45,739.94,7,True,False,False,True,False,False
2026-07-08T11:30:00-04:00,2026-07-08,11:30,QQQ,P,45,701.45,6,True,False,False,True,False,False
2026-07-08T11:30:00-04:00,2026-07-08,11:30,IWM,P,55,291.3,7,True,False,False,True,False,True
2026-07-08T11:30:00-04:00,2026-07-08,11:30,AMZN,P,45,241.28,4,True,False,False,True,False,False
2026-07-08T11:30:00-04:00,2026-07-08,11:30,MSFT,P,45,382.06,6,True,False,False,True,False,False
2026-07-08T11:30:00-04:00,2026-07-08,11:30,GOOGL,P,45,361.03,2,True,False,False,True,False,False
2026-07-08T11:30:00-04:00,2026-07-08,11:30,AVGO,C,45,385.57,7,True,False,False,True,False,False
2026-07-08T11:30:00-04:00,2026-07-08,11:30,TSLA,P,45,391.97,7,True,False,False,True,False,False
2026-07-08T11:45:00-04:00,2026-07-08,11:45,SPY,P,45,740.74,8,True,False,False,True,False,False
2026-07-08T11:45:00-04:00,2026-07-08,11:45,QQQ,P,45,702.83,7,True,False,False,True,False,False
2026-07-08T11:45:00-04:00,2026-07-08,11:45,IWM,P,45,291.07,8,True,False,False,True,False,False
2026-07-08T11:45:00-04:00,2026-07-08,11:45,AMZN,P,45,240.87,5,True,False,False,True,False,False
2026-07-08T11:45:00-04:00,2026-07-08,11:45,GOOGL,P,45,360.87,3,True,False,False,True,False,False
2026-07-08T11:45:00-04:00,2026-07-08,11:45,AVGO,C,45,385.67,8,True,False,False,True,False,False
2026-07-08T11:45:00-04:00,2026-07-08,11:45,TSLA,P,45,392.66,8,True,False,False,True,False,False
2026-07-08T12:00:00-04:00,2026-07-08,12:00,SPY,P,45,740.64,9,True,False,False,True,False,False
2026-07-08T12:00:00-04:00,2026-07-08,12:00,QQQ,P,45,702.41,8,True,False,False,True,False,False
2026-07-08T12:00:00-04:00,2026-07-08,12:00,IWM,P,45,291.01,9,True,False,False,True,False,False
2026-07-08T12:00:00-04:00,2026-07-08,12:00,AMZN,P,45,240.93,6,True,False,False,True,False,False
2026-07-08T12:00:00-04:00,2026-07-08,12:00,GOOGL,P,45,360.26,4,True,False,False,True,False,False
2026-07-08T12:00:00-04:00,2026-07-08,12:00,TSLA,P,45,392.89,9,True,False,False,True,False,False
2026-07-08T12:15:00-04:00,2026-07-08,12:15,AMZN,P,45,241.28,7,True,False,False,True,False,False
2026-07-08T12:15:00-04:00,2026-07-08,12:15,META,C,45,604.52,2,False,True,True,False,True,False
2026-07-08T12:15:00-04:00,2026-07-08,12:15,NVDA,C,45,198.71,2,True,True,False,False,False,False
2026-07-08T12:15:00-04:00,2026-07-08,12:15,AVGO,C,45,388.58,9,True,False,False,True,False,False
2026-07-08T12:30:00-04:00,2026-07-08,12:30,SPY,C,45,743.1,1,False,True,True,False,True,False
2026-07-08T12:30:00-04:00,2026-07-08,12:30,QQQ,C,45,706.78,1,False,True,True,False,True,False
2026-07-08T12:30:00-04:00,2026-07-08,12:30,QQQ,P,50,706.78,9,True,False,True,False,True,False
2026-07-08T12:30:00-04:00,2026-07-08,12:30,NVDA,C,45,199.25,3,True,False,False,True,False,False
2026-07-08T12:30:00-04:00,2026-07-08,12:30,AVGO,C,45,392.37,10,True,False,False,True,False,False
2026-07-08T12:45:00-04:00,2026-07-08,12:45,SPY,P,50,743.94,10,True,False,True,False,True,False
2026-07-08T12:45:00-04:00,2026-07-08,12:45,QQQ,P,50,708.05,10,True,False,True,False,True,False
2026-07-08T12:45:00-04:00,2026-07-08,12:45,NVDA,C,45,199.58,4,True,False,False,True,False,False
2026-07-08T12:45:00-04:00,2026-07-08,12:45,AVGO,C,45,392.58,11,True,False,False,True,False,False
2026-07-08T13:00:00-04:00,2026-07-08,13:00,SPY,P,50,744.68,11,True,False,True,False,True,False
2026-07-08T13:00:00-04:00,2026-07-08,13:00,QQQ,P,50,709.07,11,True,False,True,False,True,False
2026-07-08T13:00:00-04:00,2026-07-08,13:00,AAPL,C,45,313.1,2,True,False,False,True,False,False
2026-07-08T13:00:00-04:00,2026-07-08,13:00,NVDA,C,45,200.99,5,True,False,False,True,False,False
2026-07-08T13:00:00-04:00,2026-07-08,13:00,AVGO,C,45,394.89,12,True,False,False,True,False,False
2026-07-08T13:15:00-04:00,2026-07-08,13:15,SPY,P,50,744.28,12,True,False,True,False,True,False
2026-07-08T13:15:00-04:00,2026-07-08,13:15,QQQ,P,50,708.17,12,True,False,True,False,True,False
2026-07-08T13:15:00-04:00,2026-07-08,13:15,AAPL,C,45,313.89,3,True,False,False,True,False,False
2026-07-08T13:15:00-04:00,2026-07-08,13:15,NVDA,C,45,200.62,6,True,False,False,True,False,False
2026-07-08T13:30:00-04:00,2026-07-08,13:30,AAPL,C,45,314.12,4,True,False,False,True,False,False
2026-07-08T13:30:00-04:00,2026-07-08,13:30,MSFT,C,45,383.49,1,False,True,True,False,True,False
2026-07-08T13:30:00-04:00,2026-07-08,13:30,NVDA,C,45,203.08,7,True,False,False,True,False,False
2026-07-08T13:45:00-04:00,2026-07-08,13:45,AAPL,C,45,314.48,5,True,False,False,True,False,False
2026-07-08T13:45:00-04:00,2026-07-08,13:45,NVDA,C,45,202.62,8,True,False,False,True,False,False
2026-07-08T14:00:00-04:00,2026-07-08,14:00,SPY,C,45,744.39,2,False,False,True,True,True,False
2026-07-08T14:00:00-04:00,2026-07-08,14:00,SPY,P,50,744.39,13,True,False,True,False,True,False
2026-07-08T14:00:00-04:00,2026-07-08,14:00,AAPL,C,45,314.39,6,True,False,False,True,False,False
2026-07-08T14:00:00-04:00,2026-07-08,14:00,NVDA,C,45,202.2,9,True,False,False,True,False,False
2026-07-08T14:15:00-04:00,2026-07-08,14:15,SPY,C,45,745.28,3,False,False,True,True,True,False
2026-07-08T14:15:00-04:00,2026-07-08,14:15,AAPL,C,45,314.56,7,True,False,False,True,False,False
2026-07-08T14:15:00-04:00,2026-07-08,14:15,NVDA,C,45,202.52,10,True,False,False,True,False,False
2026-07-09T10:00:00-04:00,2026-07-09,10:00,SPY,C,45,748.67,1,False,False,True,True,False,True
2026-07-09T10:00:00-04:00,2026-07-09,10:00,QQQ,C,55,722.17,1,True,False,False,True,False,True
2026-07-09T10:00:00-04:00,2026-07-09,10:00,IWM,C,45,296.46,1,False,False,True,True,False,True
2026-07-09T10:00:00-04:00,2026-07-09,10:00,AMZN,P,45,242.71,1,True,False,False,False,True,True
2026-07-09T10:00:00-04:00,2026-07-09,10:00,META,P,45,590.45,1,True,False,False,True,False,False
2026-07-09T10:00:00-04:00,2026-07-09,10:00,GOOGL,P,45,356.67,1,True,False,False,True,False,False
2026-07-09T10:00:00-04:00,2026-07-09,10:00,TSLA,P,60,395.41,1,True,False,True,False,True,True
2026-07-09T10:15:00-04:00,2026-07-09,10:15,QQQ,C,45,719.72,2,True,False,False,True,False,False
2026-07-09T10:15:00-04:00,2026-07-09,10:15,AMZN,P,60,241.07,2,True,True,True,False,False,False
2026-07-09T10:15:00-04:00,2026-07-09,10:15,MSFT,P,70,376.22,1,True,False,True,True,False,True
2026-07-09T10:15:00-04:00,2026-07-09,10:15,META,P,55,592.53,2,True,False,False,True,False,True
2026-07-09T10:15:00-04:00,2026-07-09,10:15,GOOGL,P,55,353.27,2,True,False,False,True,False,True
2026-07-09T10:15:00-04:00,2026-07-09,10:15,TSLA,P,60,393.98,2,True,False,True,False,True,True
2026-07-09T10:30:00-04:00,2026-07-09,10:30,QQQ,C,50,718.77,3,True,False,True,False,False,True
2026-07-09T10:30:00-04:00,2026-07-09,10:30,MSFT,P,45,376.55,2,True,False,False,True,False,False
2026-07-09T10:30:00-04:00,2026-07-09,10:30,META,P,45,594.08,3,True,False,False,True,False,False
2026-07-09T10:30:00-04:00,2026-07-09,10:30,GOOGL,P,55,353.85,3,True,False,False,True,False,True
2026-07-09T10:30:00-04:00,2026-07-09,10:30,TSLA,C,45,394.52,1,False,False,True,True,True,False
2026-07-09T10:30:00-04:00,2026-07-09,10:30,TSLA,P,50,394.52,3,True,False,True,False,True,False
2026-07-09T10:45:00-04:00,2026-07-09,10:45,MSFT,P,60,377.08,3,True,False,True,True,False,False
2026-07-09T10:45:00-04:00,2026-07-09,10:45,META,P,45,592.65,4,True,False,False,True,False,False
2026-07-09T10:45:00-04:00,2026-07-09,10:45,GOOGL,P,45,352.88,4,True,False,False,True,False,False
2026-07-09T10:45:00-04:00,2026-07-09,10:45,TSLA,P,50,394.1,4,True,False,True,False,True,False
2026-07-09T11:00:00-04:00,2026-07-09,11:00,MSFT,P,45,378.91,4,True,False,False,True,False,False
2026-07-09T11:00:00-04:00,2026-07-09,11:00,GOOGL,P,45,353.43,5,True,False,False,True,False,False
2026-07-09T11:00:00-04:00,2026-07-09,11:00,TSLA,P,50,395.71,5,True,False,True,False,True,False
2026-07-09T11:15:00-04:00,2026-07-09,11:15,QQQ,C,65,720.94,4,True,True,False,True,False,False
2026-07-09T11:15:00-04:00,2026-07-09,11:15,MSFT,P,45,379.08,5,True,False,False,True,False,False
2026-07-09T11:15:00-04:00,2026-07-09,11:15,GOOGL,P,45,352.67,6,True,False,False,True,False,False
2026-07-09T11:15:00-04:00,2026-07-09,11:15,AVGO,C,60,397.7,1,True,True,True,False,False,False
2026-07-09T11:30:00-04:00,2026-07-09,11:30,SPY,C,45,749.8,2,True,False,False,True,False,False
2026-07-09T11:30:00-04:00,2026-07-09,11:30,QQQ,C,45,721.36,5,True,False,False,True,False,False
2026-07-09T11:30:00-04:00,2026-07-09,11:30,IWM,C,45,297.08,2,True,False,False,True,False,False
2026-07-09T11:30:00-04:00,2026-07-09,11:30,AMZN,P,50,241.82,3,True,False,True,False,True,False
2026-07-09T11:30:00-04:00,2026-07-09,11:30,NVDA,C,70,201.72,1,True,True,True,False,True,False
2026-07-09T11:30:00-04:00,2026-07-09,11:30,GOOGL,P,45,353.61,7,True,False,False,True,False,False
2026-07-09T11:45:00-04:00,2026-07-09,11:45,AMZN,P,50,241.52,4,True,False,True,False,True,False
2026-07-09T11:45:00-04:00,2026-07-09,11:45,GOOGL,P,45,353.23,8,True,False,False,True,False,False
2026-07-09T11:45:00-04:00,2026-07-09,11:45,AVGO,C,45,401.47,2,True,False,False,True,False,False
2026-07-09T12:00:00-04:00,2026-07-09,12:00,SPY,C,45,749.87,3,True,False,False,True,False,False
2026-07-09T12:00:00-04:00,2026-07-09,12:00,QQQ,C,45,721.66,6,True,False,False,True,False,False
2026-07-09T12:00:00-04:00,2026-07-09,12:00,AMZN,P,50,241.64,5,True,False,True,False,True,False
2026-07-09T12:00:00-04:00,2026-07-09,12:00,NVDA,C,50,201.74,2,True,False,True,False,True,False
2026-07-09T12:00:00-04:00,2026-07-09,12:00,GOOGL,P,45,352.86,9,True,False,False,True,False,False
2026-07-09T12:00:00-04:00,2026-07-09,12:00,AVGO,C,45,400.6,3,True,False,False,True,False,False
2026-07-09T12:15:00-04:00,2026-07-09,12:15,SPY,C,45,750.53,4,True,False,False,True,False,False
2026-07-09T12:15:00-04:00,2026-07-09,12:15,AAPL,C,45,314.5,1,True,False,False,True,False,False
2026-07-09T12:15:00-04:00,2026-07-09,12:15,GOOGL,P,45,353.44,10,True,False,False,True,False,False
2026-07-09T12:15:00-04:00,2026-07-09,12:15,AVGO,C,45,401.4,4,True,False,False,True,False,False
2026-07-09T12:30:00-04:00,2026-07-09,12:30,AAPL,C,45,314.9,2,True,False,False,True,False,False
2026-07-09T12:30:00-04:00,2026-07-09,12:30,AMZN,P,50,242.34,6,True,False,True,False,True,False
2026-07-09T12:30:00-04:00,2026-07-09,12:30,META,C,45,614.3,1,True,False,False,True,False,False
2026-07-09T12:30:00-04:00,2026-07-09,12:30,GOOGL,C,45,354.49,1,False,True,True,False,True,False
2026-07-09T12:30:00-04:00,2026-07-09,12:30,AVGO,C,45,401.19,5,True,False,False,True,False,False
2026-07-09T12:45:00-04:00,2026-07-09,12:45,AAPL,C,45,315.0,3,True,False,False,True,False,False
2026-07-09T12:45:00-04:00,2026-07-09,12:45,AMZN,P,50,242.16,7,True,False,True,False,True,False
2026-07-09T12:45:00-04:00,2026-07-09,12:45,META,C,45,613.23,2,True,False,False,True,False,False
2026-07-09T12:45:00-04:00,2026-07-09,12:45,NVDA,C,50,201.78,3,True,False,True,False,True,False
2026-07-09T12:45:00-04:00,2026-07-09,12:45,AVGO,C,45,403.11,6,True,False,False,True,False,False
2026-07-09T13:00:00-04:00,2026-07-09,13:00,AAPL,C,45,314.71,4,True,False,False,True,False,False
2026-07-09T13:00:00-04:00,2026-07-09,13:00,AMZN,P,50,242.21,8,True,False,True,False,True,False
2026-07-09T13:00:00-04:00,2026-07-09,13:00,META,C,45,613.03,3,True,False,False,True,False,False
2026-07-09T13:00:00-04:00,2026-07-09,13:00,NVDA,C,50,201.71,4,True,False,True,False,True,False
2026-07-09T13:00:00-04:00,2026-07-09,13:00,AVGO,C,45,402.66,7,True,False,False,True,False,False
2026-07-09T13:15:00-04:00,2026-07-09,13:15,AAPL,C,45,315.05,5,True,False,False,True,False,False
2026-07-09T13:15:00-04:00,2026-07-09,13:15,META,C,45,611.62,4,True,False,False,True,False,False
2026-07-09T13:15:00-04:00,2026-07-09,13:15,AVGO,C,45,403.8,8,True,False,False,True,False,False
2026-07-09T13:30:00-04:00,2026-07-09,13:30,AAPL,C,45,314.72,6,True,False,False,True,False,False
2026-07-09T13:30:00-04:00,2026-07-09,13:30,META,C,45,612.6,5,True,False,False,True,False,False
2026-07-09T13:30:00-04:00,2026-07-09,13:30,AVGO,C,45,405.18,9,True,False,False,True,False,False
2026-07-09T13:45:00-04:00,2026-07-09,13:45,AAPL,C,45,314.86,7,True,False,False,True,False,False
2026-07-09T13:45:00-04:00,2026-07-09,13:45,META,C,45,611.4,6,True,False,False,True,False,False
2026-07-09T13:45:00-04:00,2026-07-09,13:45,AVGO,C,45,405.73,10,True,False,False,True,False,False
2026-07-09T13:45:00-04:00,2026-07-09,13:45,TSLA,C,45,404.04,2,True,False,False,True,False,False
2026-07-09T14:00:00-04:00,2026-07-09,14:00,AAPL,C,45,314.98,8,True,False,False,True,False,False
2026-07-09T14:00:00-04:00,2026-07-09,14:00,META,C,45,611.3,7,True,False,False,True,False,False
2026-07-09T14:00:00-04:00,2026-07-09,14:00,AVGO,C,45,405.63,11,True,False,False,True,False,False
2026-07-09T14:00:00-04:00,2026-07-09,14:00,TSLA,C,45,404.99,3,True,False,False,True,False,False
2026-07-09T14:15:00-04:00,2026-07-09,14:15,AAPL,C,45,314.8,9,True,False,False,True,False,False
2026-07-09T14:15:00-04:00,2026-07-09,14:15,META,C,45,615.82,8,True,False,False,True,False,False
2026-07-09T14:15:00-04:00,2026-07-09,14:15,NVDA,C,45,203.22,5,True,False,False,True,False,False
2026-07-09T14:15:00-04:00,2026-07-09,14:15,AVGO,C,45,405.05,12,True,False,False,True,False,False
2026-07-09T14:15:00-04:00,2026-07-09,14:15,TSLA,C,45,405.95,4,True,False,False,True,False,False
2026-07-10T10:00:00-04:00,2026-07-10,10:00,QQQ,C,50,722.84,1,True,False,True,False,False,True
2026-07-10T10:00:00-04:00,2026-07-10,10:00,IWM,C,60,296.29,1,True,False,True,False,True,True
2026-07-10T10:00:00-04:00,2026-07-10,10:00,AAPL,C,50,314.3,1,True,False,True,False,True,False
2026-07-10T10:00:00-04:00,2026-07-10,10:00,META,C,55,673.13,1,True,False,False,True,False,True
2026-07-10T10:00:00-04:00,2026-07-10,10:00,NVDA,C,55,207.33,1,True,False,False,True,False,True
2026-07-10T10:15:00-04:00,2026-07-10,10:15,AAPL,C,50,313.77,2,True,False,True,False,True,False
2026-07-10T10:15:00-04:00,2026-07-10,10:15,META,C,55,666.21,2,True,False,False,True,False,True
2026-07-10T10:15:00-04:00,2026-07-10,10:15,NVDA,C,55,208.0,2,True,False,False,True,False,True
2026-07-10T10:30:00-04:00,2026-07-10,10:30,META,C,45,667.15,3,True,False,False,True,False,False
2026-07-10T10:30:00-04:00,2026-07-10,10:30,NVDA,C,45,207.3,3,True,False,False,True,False,False
2026-07-10T10:45:00-04:00,2026-07-10,10:45,QQQ,C,60,721.99,2,True,False,True,False,True,True
2026-07-10T10:45:00-04:00,2026-07-10,10:45,META,C,45,668.27,4,True,False,False,True,False,False
2026-07-10T10:45:00-04:00,2026-07-10,10:45,NVDA,C,45,206.93,4,True,False,False,True,False,False
2026-07-10T11:00:00-04:00,2026-07-10,11:00,QQQ,C,50,720.35,3,True,False,True,False,True,False
2026-07-10T11:00:00-04:00,2026-07-10,11:00,META,C,45,669.77,5,True,False,False,True,False,False
2026-07-10T11:15:00-04:00,2026-07-10,11:15,QQQ,C,50,721.55,4,True,False,True,False,True,False
2026-07-10T11:15:00-04:00,2026-07-10,11:15,META,C,45,671.19,6,True,False,False,True,False,False
2026-07-10T11:15:00-04:00,2026-07-10,11:15,GOOGL,P,45,353.69,1,True,False,False,True,False,False
2026-07-10T11:30:00-04:00,2026-07-10,11:30,META,C,45,674.72,7,True,False,False,True,False,False
2026-07-10T11:30:00-04:00,2026-07-10,11:30,NVDA,C,45,208.57,5,True,False,False,True,False,False
2026-07-10T11:30:00-04:00,2026-07-10,11:30,GOOGL,P,45,354.26,2,True,False,False,True,False,False
2026-07-10T11:30:00-04:00,2026-07-10,11:30,TSLA,C,60,409.57,1,True,True,True,False,False,False
2026-07-10T11:45:00-04:00,2026-07-10,11:45,QQQ,C,50,721.52,5,True,False,True,False,True,False
2026-07-10T11:45:00-04:00,2026-07-10,11:45,META,C,45,669.84,8,True,False,False,True,False,False
2026-07-10T11:45:00-04:00,2026-07-10,11:45,NVDA,C,45,208.0,6,True,False,False,True,False,False
2026-07-10T11:45:00-04:00,2026-07-10,11:45,GOOGL,P,45,353.99,3,True,False,False,True,False,False
2026-07-10T12:00:00-04:00,2026-07-10,12:00,NVDA,C,45,209.02,7,True,False,False,True,False,False
2026-07-10T12:00:00-04:00,2026-07-10,12:00,GOOGL,P,45,354.66,4,True,False,False,True,False,False
2026-07-10T12:15:00-04:00,2026-07-10,12:15,AAPL,C,45,314.19,3,False,True,True,False,True,False
2026-07-10T12:15:00-04:00,2026-07-10,12:15,NVDA,C,45,209.06,8,True,False,False,True,False,False
2026-07-10T12:15:00-04:00,2026-07-10,12:15,GOOGL,P,55,354.88,5,True,False,False,True,True,False
2026-07-10T12:30:00-04:00,2026-07-10,12:30,QQQ,C,45,724.84,6,True,False,False,True,False,False
2026-07-10T12:30:00-04:00,2026-07-10,12:30,NVDA,C,45,209.79,9,True,False,False,True,False,False
2026-07-10T12:30:00-04:00,2026-07-10,12:30,GOOGL,P,55,354.92,6,True,False,False,True,True,False
2026-07-10T12:30:00-04:00,2026-07-10,12:30,TSLA,C,45,410.66,2,True,False,False,True,False,False
2026-07-10T12:45:00-04:00,2026-07-10,12:45,QQQ,C,45,725.0,7,True,False,False,True,False,False
2026-07-10T12:45:00-04:00,2026-07-10,12:45,NVDA,C,45,209.82,10,True,False,False,True,False,False
2026-07-10T12:45:00-04:00,2026-07-10,12:45,GOOGL,C,45,355.86,1,False,True,True,False,True,False
2026-07-10T12:45:00-04:00,2026-07-10,12:45,TSLA,C,45,411.61,3,True,False,False,True,False,False
2026-07-10T13:00:00-04:00,2026-07-10,13:00,QQQ,C,45,725.2,8,True,False,False,True,False,False
2026-07-10T13:00:00-04:00,2026-07-10,13:00,IWM,C,45,295.78,2,False,True,True,False,True,False
2026-07-10T13:00:00-04:00,2026-07-10,13:00,MSFT,C,45,385.67,1,True,True,False,False,False,False
2026-07-10T13:00:00-04:00,2026-07-10,13:00,NVDA,C,45,209.62,11,True,False,False,True,False,False
2026-07-10T13:00:00-04:00,2026-07-10,13:00,TSLA,C,45,412.17,4,True,False,False,True,False,False
2026-07-10T13:15:00-04:00,2026-07-10,13:15,QQQ,C,45,724.98,9,True,False,False,True,False,False
2026-07-10T13:15:00-04:00,2026-07-10,13:15,NVDA,C,45,209.86,12,True,False,False,True,False,False
2026-07-10T13:30:00-04:00,2026-07-10,13:30,QQQ,C,45,725.77,10,True,False,False,True,False,False
2026-07-10T13:30:00-04:00,2026-07-10,13:30,NVDA,C,45,210.19,13,True,False,False,True,False,False
2026-07-10T13:30:00-04:00,2026-07-10,13:30,TSLA,C,45,410.2,5,True,False,False,True,False,False
2026-07-10T13:45:00-04:00,2026-07-10,13:45,QQQ,C,45,726.1,11,True,False,False,True,False,False
2026-07-10T13:45:00-04:00,2026-07-10,13:45,AAPL,C,50,313.91,4,True,False,True,False,True,False
2026-07-10T13:45:00-04:00,2026-07-10,13:45,NVDA,C,45,210.75,14,True,False,False,True,False,False
2026-07-10T13:45:00-04:00,2026-07-10,13:45,AVGO,C,45,401.8,1,True,False,False,True,False,False
2026-07-10T14:00:00-04:00,2026-07-10,14:00,QQQ,C,45,725.47,12,True,False,False,True,False,False
2026-07-10T14:00:00-04:00,2026-07-10,14:00,AAPL,C,50,314.13,5,True,False,True,False,True,False
2026-07-10T14:00:00-04:00,2026-07-10,14:00,AVGO,C,55,400.65,2,True,False,False,True,True,False
2026-07-10T14:15:00-04:00,2026-07-10,14:15,QQQ,C,45,725.8,13,True,False,False,True,False,False
2026-07-10T14:15:00-04:00,2026-07-10,14:15,IWM,C,45,296.23,3,False,False,True,True,True,False
2026-07-10T14:15:00-04:00,2026-07-10,14:15,AAPL,C,50,314.17,6,True,False,True,False,True,False
2026-07-10T14:15:00-04:00,2026-07-10,14:15,META,C,45,670.02,9,True,True,False,False,False,False
2026-07-10T14:15:00-04:00,2026-07-10,14:15,GOOGL,C,45,355.48,2,False,True,True,False,True,False
2026-07-10T14:15:00-04:00,2026-07-10,14:15,AVGO,C,55,399.8,3,True,False,False,True,True,False
2026-07-13T10:00:00-04:00,2026-07-13,10:00,IWM,P,50,295.38,1,True,False,True,False,False,True
2026-07-13T10:00:00-04:00,2026-07-13,10:00,AAPL,C,55,321.21,1,True,False,False,True,False,True
2026-07-13T10:00:00-04:00,2026-07-13,10:00,AMZN,C,55,248.1,1,True,False,False,True,False,True
2026-07-13T10:00:00-04:00,2026-07-13,10:00,MSFT,C,70,387.32,1,True,False,True,True,False,True
2026-07-13T10:00:00-04:00,2026-07-13,10:00,META,C,50,664.19,1,True,False,True,False,True,False
2026-07-13T10:00:00-04:00,2026-07-13,10:00,NVDA,C,50,208.71,1,True,False,True,False,True,False
2026-07-13T10:00:00-04:00,2026-07-13,10:00,GOOGL,C,45,357.07,1,False,False,True,True,False,True
2026-07-13T10:15:00-04:00,2026-07-13,10:15,IWM,P,50,294.45,2,True,False,True,False,False,True
2026-07-13T10:15:00-04:00,2026-07-13,10:15,AAPL,C,45,321.19,2,True,False,False,True,False,False
2026-07-13T10:15:00-04:00,2026-07-13,10:15,AMZN,C,45,247.01,2,True,False,False,True,False,False
2026-07-13T10:15:00-04:00,2026-07-13,10:15,MSFT,C,45,385.85,2,True,False,False,False,True,True
2026-07-13T10:15:00-04:00,2026-07-13,10:15,META,C,50,660.52,2,True,False,True,False,True,False
2026-07-13T10:15:00-04:00,2026-07-13,10:15,GOOGL,P,45,355.77,1,False,True,True,False,True,False
2026-07-13T10:30:00-04:00,2026-07-13,10:30,SPY,C,60,753.09,1,True,False,True,False,True,True
2026-07-13T10:30:00-04:00,2026-07-13,10:30,IWM,P,50,294.92,3,True,False,True,False,False,True
2026-07-13T10:30:00-04:00,2026-07-13,10:30,AAPL,C,45,320.19,3,True,False,False,True,False,False
2026-07-13T10:30:00-04:00,2026-07-13,10:30,AMZN,C,45,246.53,3,True,False,False,True,False,False
2026-07-13T10:30:00-04:00,2026-07-13,10:30,NVDA,C,50,208.63,2,True,False,True,False,True,False
2026-07-13T10:30:00-04:00,2026-07-13,10:30,TSLA,C,55,397.78,1,False,True,True,False,True,True
2026-07-13T10:30:00-04:00,2026-07-13,10:30,TSLA,P,55,397.78,1,True,False,False,True,False,True
2026-07-13T10:45:00-04:00,2026-07-13,10:45,IWM,P,60,294.46,4,True,False,True,True,False,False
2026-07-13T10:45:00-04:00,2026-07-13,10:45,AMZN,C,45,246.68,4,True,False,False,True,False,False
2026-07-13T10:45:00-04:00,2026-07-13,10:45,AVGO,P,60,392.13,1,True,False,True,True,False,False
2026-07-13T10:45:00-04:00,2026-07-13,10:45,TSLA,P,45,398.24,2,True,False,False,True,False,False
2026-07-13T11:00:00-04:00,2026-07-13,11:00,IWM,P,45,294.64,5,True,False,False,True,False,False
2026-07-13T11:00:00-04:00,2026-07-13,11:00,AMZN,C,75,248.24,5,True,True,False,True,False,True
2026-07-13T11:00:00-04:00,2026-07-13,11:00,MSFT,C,80,389.42,3,True,True,True,True,False,False
2026-07-13T11:00:00-04:00,2026-07-13,11:00,META,C,50,661.36,3,True,False,True,False,True,False
2026-07-13T11:00:00-04:00,2026-07-13,11:00,AVGO,P,45,392.34,2,True,False,False,True,False,False
2026-07-13T11:00:00-04:00,2026-07-13,11:00,TSLA,P,45,397.73,3,True,False,False,True,False,False
2026-07-13T11:15:00-04:00,2026-07-13,11:15,QQQ,P,60,717.07,1,True,False,True,True,False,False
2026-07-13T11:15:00-04:00,2026-07-13,11:15,IWM,P,45,294.4,6,True,False,False,True,False,False
2026-07-13T11:15:00-04:00,2026-07-13,11:15,AMZN,C,45,248.31,6,True,False,False,True,False,False
2026-07-13T11:15:00-04:00,2026-07-13,11:15,MSFT,C,45,389.81,4,True,False,False,True,False,False
2026-07-13T11:15:00-04:00,2026-07-13,11:15,AVGO,P,45,391.09,3,True,False,False,True,False,False
2026-07-13T11:15:00-04:00,2026-07-13,11:15,TSLA,P,65,397.23,4,True,True,False,True,False,False
2026-07-13T11:30:00-04:00,2026-07-13,11:30,QQQ,P,60,717.66,2,True,False,True,True,False,False
2026-07-13T11:30:00-04:00,2026-07-13,11:30,IWM,P,45,294.48,7,True,False,False,True,False,False
2026-07-13T11:30:00-04:00,2026-07-13,11:30,AAPL,C,50,317.22,4,True,False,True,False,True,False
2026-07-13T11:30:00-04:00,2026-07-13,11:30,AMZN,C,45,248.76,7,True,False,False,True,False,False
2026-07-13T11:30:00-04:00,2026-07-13,11:30,MSFT,C,45,391.04,5,True,False,False,True,False,False
2026-07-13T11:30:00-04:00,2026-07-13,11:30,AVGO,P,45,391.68,4,True,False,False,True,False,False
2026-07-13T11:30:00-04:00,2026-07-13,11:30,TSLA,P,45,397.23,5,True,False,False,True,False,False
2026-07-13T11:45:00-04:00,2026-07-13,11:45,QQQ,P,60,716.37,3,True,False,True,True,False,False
2026-07-13T11:45:00-04:00,2026-07-13,11:45,IWM,P,45,294.3,8,True,False,False,True,False,False
2026-07-13T11:45:00-04:00,2026-07-13,11:45,AMZN,C,45,248.38,8,True,False,False,True,False,False
2026-07-13T11:45:00-04:00,2026-07-13,11:45,MSFT,C,45,390.97,6,True,False,False,True,False,False
2026-07-13T11:45:00-04:00,2026-07-13,11:45,AVGO,P,65,390.58,5,True,True,False,True,False,False
2026-07-13T11:45:00-04:00,2026-07-13,11:45,TSLA,P,45,397.68,6,True,False,False,True,False,False
2026-07-13T12:00:00-04:00,2026-07-13,12:00,QQQ,P,80,715.36,4,True,True,True,True,False,False
2026-07-13T12:00:00-04:00,2026-07-13,12:00,IWM,P,45,294.02,9,True,False,False,True,False,False
2026-07-13T12:00:00-04:00,2026-07-13,12:00,AAPL,C,50,317.12,5,True,False,True,False,True,False
2026-07-13T12:00:00-04:00,2026-07-13,12:00,MSFT,C,45,390.6,7,True,False,False,True,False,False
2026-07-13T12:00:00-04:00,2026-07-13,12:00,GOOGL,P,55,355.58,2,True,False,False,True,True,False
2026-07-13T12:00:00-04:00,2026-07-13,12:00,AVGO,P,45,389.68,6,True,False,False,True,False,False
2026-07-13T12:00:00-04:00,2026-07-13,12:00,TSLA,P,45,395.58,7,True,False,False,True,False,False
2026-07-13T12:15:00-04:00,2026-07-13,12:15,QQQ,P,45,715.37,5,True,False,False,True,False,False
2026-07-13T12:15:00-04:00,2026-07-13,12:15,IWM,P,45,294.2,10,True,False,False,True,False,False
2026-07-13T12:15:00-04:00,2026-07-13,12:15,AAPL,C,50,317.67,6,True,False,True,False,True,False
2026-07-13T12:15:00-04:00,2026-07-13,12:15,MSFT,C,45,390.72,8,True,False,False,True,False,False
2026-07-13T12:15:00-04:00,2026-07-13,12:15,GOOGL,P,55,356.01,3,True,False,False,True,True,False
2026-07-13T12:15:00-04:00,2026-07-13,12:15,AVGO,P,45,389.89,7,True,False,False,True,False,False
2026-07-13T12:15:00-04:00,2026-07-13,12:15,TSLA,P,45,395.27,8,True,False,False,True,False,False
2026-07-13T12:30:00-04:00,2026-07-13,12:30,QQQ,P,45,714.06,6,True,False,False,True,False,False
2026-07-13T12:30:00-04:00,2026-07-13,12:30,IWM,P,45,293.45,11,True,False,False,True,False,False
2026-07-13T12:30:00-04:00,2026-07-13,12:30,AAPL,C,50,317.37,7,True,False,True,False,True,False
2026-07-13T12:30:00-04:00,2026-07-13,12:30,MSFT,C,45,392.29,9,True,False,False,True,False,False
2026-07-13T12:30:00-04:00,2026-07-13,12:30,GOOGL,P,45,356.32,4,False,False,True,True,True,False
2026-07-13T12:30:00-04:00,2026-07-13,12:30,AVGO,P,45,389.01,8,True,False,False,True,False,False
2026-07-13T12:30:00-04:00,2026-07-13,12:30,TSLA,P,45,394.15,9,True,False,False,True,False,False
2026-07-13T12:45:00-04:00,2026-07-13,12:45,QQQ,P,45,713.53,7,True,False,False,True,False,False
2026-07-13T12:45:00-04:00,2026-07-13,12:45,IWM,P,45,293.66,12,True,False,False,True,False,False
2026-07-13T12:45:00-04:00,2026-07-13,12:45,AAPL,C,50,316.48,8,True,False,True,False,True,False
2026-07-13T12:45:00-04:00,2026-07-13,12:45,MSFT,C,45,392.68,10,True,False,False,True,False,False
2026-07-13T12:45:00-04:00,2026-07-13,12:45,GOOGL,P,45,356.61,5,False,False,True,True,True,False
2026-07-13T12:45:00-04:00,2026-07-13,12:45,AVGO,P,45,387.53,9,True,False,False,True,False,False
2026-07-13T13:00:00-04:00,2026-07-13,13:00,QQQ,P,45,713.26,8,True,False,False,True,False,False
2026-07-13T13:00:00-04:00,2026-07-13,13:00,IWM,P,45,293.56,13,True,False,False,True,False,False
2026-07-13T13:00:00-04:00,2026-07-13,13:00,AAPL,C,50,316.6,9,True,False,True,False,True,False
2026-07-13T13:00:00-04:00,2026-07-13,13:00,MSFT,C,45,393.02,11,True,False,False,True,False,False
2026-07-13T13:00:00-04:00,2026-07-13,13:00,GOOGL,P,65,355.55,6,False,True,True,True,True,False
2026-07-13T13:00:00-04:00,2026-07-13,13:00,AVGO,P,45,387.0,10,True,False,False,True,False,False
2026-07-13T13:15:00-04:00,2026-07-13,13:15,IWM,P,45,293.72,14,True,False,False,True,False,False
2026-07-13T13:15:00-04:00,2026-07-13,13:15,MSFT,C,45,392.78,12,True,False,False,True,False,False
2026-07-13T13:15:00-04:00,2026-07-13,13:15,GOOGL,P,45,356.04,7,False,False,True,True,True,False
2026-07-13T13:15:00-04:00,2026-07-13,13:15,AVGO,P,45,387.11,11,True,False,False,True,False,False
2026-07-13T13:30:00-04:00,2026-07-13,13:30,SPY,P,45,749.81,1,True,False,False,True,False,False
2026-07-13T13:30:00-04:00,2026-07-13,13:30,IWM,P,45,293.38,15,True,False,False,True,False,False
2026-07-13T13:30:00-04:00,2026-07-13,13:30,MSFT,C,45,392.54,13,True,False,False,True,False,False
2026-07-13T13:30:00-04:00,2026-07-13,13:30,GOOGL,P,45,355.98,8,False,False,True,True,True,False
2026-07-13T13:30:00-04:00,2026-07-13,13:30,AVGO,P,45,386.3,12,True,False,False,True,False,False
2026-07-13T14:00:00-04:00,2026-07-13,14:00,IWM,P,45,293.01,16,True,False,False,True,False,False
2026-07-13T14:00:00-04:00,2026-07-13,14:00,NVDA,P,45,203.65,1,True,False,False,True,False,False
2026-07-13T14:00:00-04:00,2026-07-13,14:00,GOOGL,P,55,355.23,9,True,False,False,True,True,False
2026-07-14T10:00:00-04:00,2026-07-14,10:00,SPY,P,50,751.31,1,True,False,True,False,True,False
2026-07-14T10:00:00-04:00,2026-07-14,10:00,QQQ,C,45,719.39,1,False,False,True,True,False,True
2026-07-14T10:00:00-04:00,2026-07-14,10:00,QQQ,P,60,719.39,1,True,False,True,False,True,True
2026-07-14T10:00:00-04:00,2026-07-14,10:00,AVGO,P,45,391.64,1,True,False,False,False,True,True
2026-07-14T10:00:00-04:00,2026-07-14,10:00,TSLA,C,55,398.31,1,False,True,True,True,False,False
2026-07-14T10:15:00-04:00,2026-07-14,10:15,SPY,P,50,750.43,2,True,False,True,False,True,False
2026-07-14T10:30:00-04:00,2026-07-14,10:30,SPY,C,45,750.71,1,False,False,True,True,True,False
2026-07-14T10:30:00-04:00,2026-07-14,10:30,SPY,P,50,750.71,3,True,False,True,False,True,False
2026-07-14T10:30:00-04:00,2026-07-14,10:30,QQQ,C,45,717.18,2,False,False,True,True,True,False
2026-07-14T10:30:00-04:00,2026-07-14,10:30,NVDA,C,45,205.53,1,False,True,True,False,True,False
2026-07-14T10:30:00-04:00,2026-07-14,10:30,TSLA,C,45,397.51,2,False,False,True,True,True,False
2026-07-14T10:45:00-04:00,2026-07-14,10:45,SPY,C,45,751.09,2,False,False,True,True,True,False
2026-07-14T10:45:00-04:00,2026-07-14,10:45,SPY,P,50,751.09,4,True,False,True,False,True,False
2026-07-14T10:45:00-04:00,2026-07-14,10:45,TSLA,C,45,397.73,3,False,False,True,True,True,False
2026-07-14T11:00:00-04:00,2026-07-14,11:00,QQQ,C,55,719.3,3,False,True,True,True,False,False
2026-07-14T11:15:00-04:00,2026-07-14,11:15,META,C,55,662.52,1,True,False,False,True,True,False
2026-07-14T11:30:00-04:00,2026-07-14,11:30,AAPL,P,80,314.3,1,True,True,True,True,False,False
2026-07-14T11:30:00-04:00,2026-07-14,11:30,META,C,55,660.64,2,True,False,False,True,True,False
2026-07-14T11:45:00-04:00,2026-07-14,11:45,SPY,C,45,751.56,3,False,False,True,True,True,False
2026-07-14T11:45:00-04:00,2026-07-14,11:45,AAPL,P,60,314.45,2,True,False,True,True,False,False
2026-07-14T11:45:00-04:00,2026-07-14,11:45,NVDA,C,45,209.13,2,True,False,False,True,False,False
2026-07-14T11:45:00-04:00,2026-07-14,11:45,GOOGL,C,55,356.43,1,True,False,False,True,True,False
2026-07-14T11:45:00-04:00,2026-07-14,11:45,TSLA,P,45,397.24,1,False,True,True,False,True,False
2026-07-14T12:00:00-04:00,2026-07-14,12:00,SPY,P,45,750.98,5,False,True,True,False,True,False
2026-07-14T12:00:00-04:00,2026-07-14,12:00,IWM,C,45,294.68,1,False,False,True,True,True,False
2026-07-14T12:00:00-04:00,2026-07-14,12:00,AAPL,P,45,313.26,3,True,False,False,True,False,False
2026-07-14T12:00:00-04:00,2026-07-14,12:00,AMZN,P,65,245.47,1,True,True,False,True,False,False
2026-07-14T12:00:00-04:00,2026-07-14,12:00,NVDA,C,45,209.17,3,True,False,False,True,False,False
2026-07-14T12:00:00-04:00,2026-07-14,12:00,GOOGL,C,55,356.17,2,True,False,False,True,True,False
2026-07-14T12:15:00-04:00,2026-07-14,12:15,IWM,C,45,294.7,2,False,False,True,True,True,False
2026-07-14T12:15:00-04:00,2026-07-14,12:15,AAPL,P,45,314.07,4,True,False,False,True,False,False
2026-07-14T12:15:00-04:00,2026-07-14,12:15,AMZN,P,45,245.18,2,True,False,False,True,False,False
2026-07-14T12:15:00-04:00,2026-07-14,12:15,NVDA,C,45,208.56,4,True,False,False,True,False,False
2026-07-14T12:15:00-04:00,2026-07-14,12:15,GOOGL,C,55,356.09,3,True,False,False,True,True,False
2026-07-14T12:30:00-04:00,2026-07-14,12:30,AAPL,P,45,313.27,5,True,False,False,True,False,False
2026-07-14T12:30:00-04:00,2026-07-14,12:30,AMZN,P,45,245.29,3,True,False,False,True,False,False
2026-07-14T12:30:00-04:00,2026-07-14,12:30,NVDA,C,45,209.55,5,True,False,False,True,False,False
2026-07-14T12:45:00-04:00,2026-07-14,12:45,SPY,C,45,751.47,4,False,True,True,False,True,False
2026-07-14T12:45:00-04:00,2026-07-14,12:45,AAPL,P,45,313.47,6,True,False,False,True,False,False
2026-07-14T12:45:00-04:00,2026-07-14,12:45,NVDA,C,45,210.08,6,True,False,False,True,False,False
2026-07-14T12:45:00-04:00,2026-07-14,12:45,GOOGL,C,55,356.11,4,True,False,False,True,True,False
2026-07-14T13:00:00-04:00,2026-07-14,13:00,AAPL,P,45,314.12,7,True,False,False,True,False,False
2026-07-14T13:00:00-04:00,2026-07-14,13:00,META,C,45,664.43,3,True,False,False,True,False,False
2026-07-14T13:00:00-04:00,2026-07-14,13:00,NVDA,C,45,210.87,7,True,False,False,True,False,False
2026-07-14T13:00:00-04:00,2026-07-14,13:00,GOOGL,C,55,356.38,5,True,False,False,True,True,False
2026-07-14T13:15:00-04:00,2026-07-14,13:15,AAPL,P,50,314.43,8,True,False,True,False,True,False
2026-07-14T13:15:00-04:00,2026-07-14,13:15,META,C,55,661.89,4,True,False,False,True,True,False
2026-07-14T13:15:00-04:00,2026-07-14,13:15,NVDA,C,45,211.21,8,True,False,False,True,False,False
2026-07-14T13:15:00-04:00,2026-07-14,13:15,GOOGL,C,45,357.29,6,True,False,False,True,False,False
2026-07-14T13:30:00-04:00,2026-07-14,13:30,SPY,C,60,752.3,5,True,False,True,True,False,False
2026-07-14T13:30:00-04:00,2026-07-14,13:30,AAPL,P,50,314.87,9,True,False,True,False,True,False
2026-07-14T13:30:00-04:00,2026-07-14,13:30,AMZN,P,50,246.46,4,True,False,True,False,True,False
2026-07-14T13:30:00-04:00,2026-07-14,13:30,META,C,45,663.09,5,True,False,False,True,False,False
2026-07-14T13:30:00-04:00,2026-07-14,13:30,NVDA,C,45,211.03,9,True,False,False,True,False,False
2026-07-14T13:30:00-04:00,2026-07-14,13:30,GOOGL,C,45,358.59,7,True,False,False,True,False,False
2026-07-14T13:45:00-04:00,2026-07-14,13:45,AAPL,P,50,314.77,10,True,False,True,False,True,False
2026-07-14T13:45:00-04:00,2026-07-14,13:45,AMZN,P,50,246.57,5,True,False,True,False,True,False
2026-07-14T13:45:00-04:00,2026-07-14,13:45,META,C,45,664.0,6,True,False,False,True,False,False
2026-07-14T13:45:00-04:00,2026-07-14,13:45,GOOGL,C,45,358.42,8,True,False,False,True,False,False
2026-07-14T14:00:00-04:00,2026-07-14,14:00,AAPL,P,50,315.18,11,True,False,True,False,True,False
2026-07-14T14:00:00-04:00,2026-07-14,14:00,AMZN,P,50,246.61,6,True,False,True,False,True,False
2026-07-14T14:00:00-04:00,2026-07-14,14:00,GOOGL,C,45,358.02,9,True,False,False,True,False,False
2026-07-14T14:00:00-04:00,2026-07-14,14:00,TSLA,P,55,395.78,2,True,False,False,True,True,False
2026-07-14T14:15:00-04:00,2026-07-14,14:15,AAPL,P,50,315.26,12,True,False,True,False,True,False
2026-07-14T14:15:00-04:00,2026-07-14,14:15,AMZN,P,50,246.66,7,True,False,True,False,True,False
2026-07-14T14:15:00-04:00,2026-07-14,14:15,NVDA,C,45,211.91,10,True,False,False,True,False,False
2026-07-14T14:15:00-04:00,2026-07-14,14:15,TSLA,P,55,396.15,3,True,False,False,True,True,False
2026-07-15T10:00:00-04:00,2026-07-15,10:00,IWM,C,70,295.75,1,True,True,True,False,False,True
2026-07-15T10:00:00-04:00,2026-07-15,10:00,AAPL,C,55,320.77,1,True,False,False,True,False,True
2026-07-15T10:00:00-04:00,2026-07-15,10:00,AMZN,C,70,252.36,1,True,False,True,True,False,True
2026-07-15T10:00:00-04:00,2026-07-15,10:00,MSFT,C,45,389.54,1,False,False,True,True,False,True
2026-07-15T10:00:00-04:00,2026-07-15,10:00,GOOGL,C,55,363.8,1,True,False,False,True,False,True
2026-07-15T10:15:00-04:00,2026-07-15,10:15,IWM,C,45,296.15,2,True,False,False,True,False,False
2026-07-15T10:15:00-04:00,2026-07-15,10:15,AAPL,C,55,324.79,2,True,False,False,True,False,True
2026-07-15T10:15:00-04:00,2026-07-15,10:15,AMZN,C,55,254.0,2,True,False,False,True,False,True
2026-07-15T10:15:00-04:00,2026-07-15,10:15,MSFT,C,55,394.16,2,True,False,False,True,False,True
2026-07-15T10:15:00-04:00,2026-07-15,10:15,META,C,55,667.8,1,True,False,False,True,False,True
2026-07-15T10:15:00-04:00,2026-07-15,10:15,GOOGL,C,55,365.26,2,True,False,False,True,False,True
2026-07-15T10:15:00-04:00,2026-07-15,10:15,AVGO,C,50,393.05,1,True,False,True,False,True,False
2026-07-15T10:30:00-04:00,2026-07-15,10:30,QQQ,C,45,718.22,1,True,False,False,False,True,True
2026-07-15T10:30:00-04:00,2026-07-15,10:30,IWM,C,60,296.28,3,True,False,True,True,False,False
2026-07-15T10:30:00-04:00,2026-07-15,10:30,AAPL,C,55,324.71,3,True,False,False,True,False,True
2026-07-15T10:30:00-04:00,2026-07-15,10:30,AMZN,C,55,254.75,3,True,False,False,True,False,True
2026-07-15T10:30:00-04:00,2026-07-15,10:30,MSFT,C,55,395.04,3,True,False,False,True,False,True
2026-07-15T10:30:00-04:00,2026-07-15,10:30,META,C,55,671.4,2,True,False,False,True,False,True
2026-07-15T10:30:00-04:00,2026-07-15,10:30,GOOGL,C,55,366.39,3,True,False,False,True,False,True
2026-07-15T10:45:00-04:00,2026-07-15,10:45,IWM,C,45,296.4,4,True,False,False,True,False,False
2026-07-15T10:45:00-04:00,2026-07-15,10:45,AAPL,C,55,324.16,4,True,False,False,True,False,True
2026-07-15T10:45:00-04:00,2026-07-15,10:45,AMZN,C,55,253.65,4,True,False,False,True,False,True
2026-07-15T10:45:00-04:00,2026-07-15,10:45,MSFT,C,45,396.26,4,True,False,False,True,False,False
2026-07-15T10:45:00-04:00,2026-07-15,10:45,META,C,55,673.21,3,True,False,False,True,False,True
2026-07-15T10:45:00-04:00,2026-07-15,10:45,GOOGL,C,55,367.1,4,True,False,False,True,False,True
2026-07-15T11:00:00-04:00,2026-07-15,11:00,IWM,C,45,296.61,5,True,False,False,True,False,False
2026-07-15T11:00:00-04:00,2026-07-15,11:00,AAPL,C,45,323.91,5,True,False,False,True,False,False
2026-07-15T11:00:00-04:00,2026-07-15,11:00,AMZN,C,45,253.96,5,True,False,False,True,False,False
2026-07-15T11:00:00-04:00,2026-07-15,11:00,MSFT,C,45,394.01,5,True,False,False,True,False,False
2026-07-15T11:00:00-04:00,2026-07-15,11:00,META,C,45,671.27,4,True,False,False,True,False,False
2026-07-15T11:00:00-04:00,2026-07-15,11:00,GOOGL,C,45,366.92,5,True,False,False,True,False,False
2026-07-15T11:15:00-04:00,2026-07-15,11:15,IWM,C,45,296.29,6,True,False,False,True,False,False
2026-07-15T11:15:00-04:00,2026-07-15,11:15,AAPL,C,45,324.23,6,True,False,False,True,False,False
2026-07-15T11:15:00-04:00,2026-07-15,11:15,AMZN,C,45,255.24,6,True,False,False,True,False,False
2026-07-15T11:15:00-04:00,2026-07-15,11:15,MSFT,C,45,395.76,6,True,False,False,True,False,False
2026-07-15T11:15:00-04:00,2026-07-15,11:15,META,C,55,681.09,5,True,False,False,True,False,True
2026-07-15T11:15:00-04:00,2026-07-15,11:15,GOOGL,C,55,369.48,6,True,False,False,True,False,True
2026-07-15T11:15:00-04:00,2026-07-15,11:15,AVGO,P,45,389.44,1,True,False,False,True,False,False
2026-07-15T11:30:00-04:00,2026-07-15,11:30,QQQ,P,45,716.21,1,True,False,False,True,False,False
2026-07-15T11:30:00-04:00,2026-07-15,11:30,IWM,C,60,296.03,7,True,False,True,True,False,False
2026-07-15T11:30:00-04:00,2026-07-15,11:30,AAPL,C,45,325.62,7,True,False,False,True,False,False
2026-07-15T11:30:00-04:00,2026-07-15,11:30,AMZN,C,45,255.82,7,True,False,False,True,False,False
2026-07-15T11:30:00-04:00,2026-07-15,11:30,MSFT,C,45,396.75,7,True,False,False,True,False,False
2026-07-15T11:30:00-04:00,2026-07-15,11:30,META,C,55,678.49,6,True,False,False,True,False,True
2026-07-15T11:30:00-04:00,2026-07-15,11:30,GOOGL,C,45,370.98,7,True,False,False,True,False,False
2026-07-15T11:30:00-04:00,2026-07-15,11:30,AVGO,P,55,390.25,2,True,False,False,True,True,False
2026-07-15T11:45:00-04:00,2026-07-15,11:45,QQQ,P,45,715.58,2,True,False,False,True,False,False
2026-07-15T11:45:00-04:00,2026-07-15,11:45,IWM,C,45,296.01,8,True,False,False,True,False,False
2026-07-15T11:45:00-04:00,2026-07-15,11:45,AAPL,C,45,326.57,8,True,False,False,True,False,False
2026-07-15T11:45:00-04:00,2026-07-15,11:45,AMZN,C,45,255.63,8,True,False,False,True,False,False
2026-07-15T11:45:00-04:00,2026-07-15,11:45,MSFT,C,45,397.14,8,True,False,False,True,False,False
2026-07-15T11:45:00-04:00,2026-07-15,11:45,META,C,45,677.06,7,True,False,False,True,False,False
2026-07-15T11:45:00-04:00,2026-07-15,11:45,GOOGL,C,45,371.31,8,True,False,False,True,False,False
2026-07-15T11:45:00-04:00,2026-07-15,11:45,AVGO,P,45,389.6,3,True,False,False,True,False,False
2026-07-15T12:00:00-04:00,2026-07-15,12:00,QQQ,P,45,714.74,3,True,False,False,True,False,False
2026-07-15T12:00:00-04:00,2026-07-15,12:00,AAPL,C,45,326.28,9,True,False,False,True,False,False
2026-07-15T12:00:00-04:00,2026-07-15,12:00,MSFT,C,45,397.3,9,True,False,False,True,False,False
2026-07-15T12:00:00-04:00,2026-07-15,12:00,META,C,45,683.68,8,True,False,False,True,False,False
2026-07-15T12:00:00-04:00,2026-07-15,12:00,GOOGL,C,45,371.68,9,True,False,False,True,False,False
2026-07-15T12:00:00-04:00,2026-07-15,12:00,AVGO,P,45,389.19,4,True,False,False,True,False,False
2026-07-15T12:00:00-04:00,2026-07-15,12:00,TSLA,P,45,395.2,1,True,False,False,True,False,False
2026-07-15T12:15:00-04:00,2026-07-15,12:15,QQQ,P,45,712.14,4,True,False,False,True,False,False
2026-07-15T12:15:00-04:00,2026-07-15,12:15,AAPL,C,45,327.17,10,True,False,False,True,False,False
2026-07-15T12:15:00-04:00,2026-07-15,12:15,AMZN,C,45,255.86,9,True,False,False,True,False,False
2026-07-15T12:15:00-04:00,2026-07-15,12:15,MSFT,C,45,398.36,10,True,False,False,True,False,False
2026-07-15T12:15:00-04:00,2026-07-15,12:15,META,C,45,683.9,9,True,False,False,True,False,False
2026-07-15T12:15:00-04:00,2026-07-15,12:15,GOOGL,C,45,372.45,10,True,False,False,True,False,False
2026-07-15T12:15:00-04:00,2026-07-15,12:15,AVGO,P,45,388.14,5,True,False,False,True,False,False
2026-07-15T12:15:00-04:00,2026-07-15,12:15,TSLA,P,45,392.96,2,True,False,False,True,False,False
2026-07-15T12:30:00-04:00,2026-07-15,12:30,QQQ,P,55,711.84,5,True,False,False,True,False,True
2026-07-15T12:30:00-04:00,2026-07-15,12:30,AAPL,C,45,328.17,11,True,False,False,True,False,False
2026-07-15T12:30:00-04:00,2026-07-15,12:30,MSFT,C,45,397.65,11,True,False,False,True,False,False
2026-07-15T12:30:00-04:00,2026-07-15,12:30,META,C,45,683.54,10,True,False,False,True,False,False
2026-07-15T12:30:00-04:00,2026-07-15,12:30,GOOGL,C,45,372.67,11,True,False,False,True,False,False
2026-07-15T12:30:00-04:00,2026-07-15,12:30,AVGO,P,45,387.98,6,True,False,False,True,False,False
2026-07-15T12:30:00-04:00,2026-07-15,12:30,TSLA,P,45,392.68,3,True,False,False,True,False,False
2026-07-15T12:45:00-04:00,2026-07-15,12:45,QQQ,P,45,711.44,6,True,False,False,True,False,False
2026-07-15T12:45:00-04:00,2026-07-15,12:45,AAPL,C,45,328.2,12,True,False,False,True,False,False
2026-07-15T12:45:00-04:00,2026-07-15,12:45,META,C,45,678.93,11,True,False,False,True,False,False
2026-07-15T12:45:00-04:00,2026-07-15,12:45,GOOGL,C,45,372.39,12,True,False,False,True,False,False
2026-07-15T12:45:00-04:00,2026-07-15,12:45,AVGO,P,45,387.7,7,True,False,False,True,False,False
2026-07-15T12:45:00-04:00,2026-07-15,12:45,TSLA,P,45,391.81,4,True,False,False,True,False,False
2026-07-15T13:00:00-04:00,2026-07-15,13:00,QQQ,P,45,713.02,7,True,False,False,True,False,False
2026-07-15T13:00:00-04:00,2026-07-15,13:00,IWM,C,50,295.11,9,True,False,True,False,True,False
2026-07-15T13:00:00-04:00,2026-07-15,13:00,TSLA,P,45,393.45,5,True,False,False,True,False,False
2026-07-15T13:15:00-04:00,2026-07-15,13:15,IWM,C,50,295.13,10,True,False,True,False,True,False
2026-07-15T13:15:00-04:00,2026-07-15,13:15,TSLA,P,55,394.2,6,True,False,False,True,True,False
2026-07-15T13:30:00-04:00,2026-07-15,13:30,IWM,C,60,295.81,11,True,True,True,False,False,False
2026-07-15T14:00:00-04:00,2026-07-15,14:00,IWM,C,45,296.3,12,True,False,False,True,False,False
2026-07-16T10:00:00-04:00,2026-07-16,10:00,IWM,C,55,296.52,1,True,False,False,True,False,True
2026-07-16T10:00:00-04:00,2026-07-16,10:00,AAPL,C,55,331.15,1,True,False,False,True,False,True
2026-07-16T10:00:00-04:00,2026-07-16,10:00,MSFT,C,50,393.32,1,True,False,True,False,True,False
2026-07-16T10:00:00-04:00,2026-07-16,10:00,META,C,50,671.04,1,True,False,True,False,True,False
2026-07-16T10:00:00-04:00,2026-07-16,10:00,TSLA,P,55,387.14,1,True,False,False,True,False,True
2026-07-16T10:15:00-04:00,2026-07-16,10:15,SPY,C,70,753.36,1,True,False,True,True,True,False
2026-07-16T10:15:00-04:00,2026-07-16,10:15,IWM,C,45,297.6,2,True,False,False,True,False,False
2026-07-16T10:15:00-04:00,2026-07-16,10:15,AMZN,C,50,254.02,1,True,False,True,False,True,False
2026-07-16T10:15:00-04:00,2026-07-16,10:15,MSFT,C,50,394.45,2,True,False,True,False,True,False
2026-07-16T10:15:00-04:00,2026-07-16,10:15,AVGO,P,60,384.74,1,True,False,True,True,False,False
2026-07-16T10:15:00-04:00,2026-07-16,10:15,TSLA,C,55,392.41,1,False,True,True,False,True,True
2026-07-16T10:15:00-04:00,2026-07-16,10:15,TSLA,P,60,392.41,2,True,False,True,False,True,True
2026-07-16T10:30:00-04:00,2026-07-16,10:30,SPY,C,60,754.35,2,True,False,True,True,False,False
2026-07-16T10:30:00-04:00,2026-07-16,10:30,IWM,C,45,297.36,3,True,False,False,True,False,False
2026-07-16T10:30:00-04:00,2026-07-16,10:30,AAPL,C,45,330.37,2,True,False,False,True,False,False
2026-07-16T10:30:00-04:00,2026-07-16,10:30,AMZN,C,45,255.35,2,True,True,False,False,False,False
2026-07-16T10:30:00-04:00,2026-07-16,10:30,GOOGL,C,60,372.57,1,True,True,True,False,False,False
2026-07-16T10:30:00-04:00,2026-07-16,10:30,AVGO,P,60,383.65,2,True,False,True,True,False,False
2026-07-16T10:30:00-04:00,2026-07-16,10:30,TSLA,P,45,394.61,3,True,False,False,False,True,True
2026-07-16T10:45:00-04:00,2026-07-16,10:45,SPY,C,45,754.37,3,True,False,False,True,False,False
2026-07-16T10:45:00-04:00,2026-07-16,10:45,IWM,C,45,297.28,4,True,False,False,True,False,False
2026-07-16T10:45:00-04:00,2026-07-16,10:45,AAPL,C,45,330.7,3,True,False,False,True,False,False
2026-07-16T10:45:00-04:00,2026-07-16,10:45,AVGO,P,45,382.72,3,True,False,False,True,False,False
2026-07-16T11:00:00-04:00,2026-07-16,11:00,SPY,C,50,754.17,4,True,False,True,False,True,False
2026-07-16T11:00:00-04:00,2026-07-16,11:00,QQQ,P,60,711.27,1,True,False,True,True,False,False
2026-07-16T11:00:00-04:00,2026-07-16,11:00,IWM,C,45,297.17,5,True,False,False,True,False,False
2026-07-16T11:00:00-04:00,2026-07-16,11:00,AAPL,C,45,330.2,4,True,False,False,True,False,False
2026-07-16T11:00:00-04:00,2026-07-16,11:00,AVGO,P,65,381.87,4,True,True,False,True,False,False
2026-07-16T11:15:00-04:00,2026-07-16,11:15,SPY,C,50,753.33,5,True,False,True,False,True,False
2026-07-16T11:15:00-04:00,2026-07-16,11:15,QQQ,P,80,709.45,2,True,True,True,True,False,False
2026-07-16T11:15:00-04:00,2026-07-16,11:15,AAPL,C,45,330.47,5,True,False,False,True,False,False
2026-07-16T11:15:00-04:00,2026-07-16,11:15,NVDA,P,45,206.03,1,True,False,False,True,False,False
2026-07-16T11:15:00-04:00,2026-07-16,11:15,AVGO,P,45,380.2,5,True,False,False,True,False,False
2026-07-16T11:15:00-04:00,2026-07-16,11:15,TSLA,P,55,392.73,4,True,False,False,True,True,False
2026-07-16T11:30:00-04:00,2026-07-16,11:30,SPY,C,50,753.8,6,True,False,True,False,True,False
2026-07-16T11:30:00-04:00,2026-07-16,11:30,QQQ,P,60,710.59,3,True,False,True,True,False,False
2026-07-16T11:30:00-04:00,2026-07-16,11:30,AAPL,C,45,330.63,6,True,False,False,True,False,False
2026-07-16T11:30:00-04:00,2026-07-16,11:30,NVDA,P,45,207.06,2,True,False,False,True,False,False
2026-07-16T11:30:00-04:00,2026-07-16,11:30,AVGO,P,45,381.44,6,True,False,False,True,False,False
2026-07-16T11:30:00-04:00,2026-07-16,11:30,TSLA,P,55,393.73,5,True,False,False,True,True,False
2026-07-16T11:45:00-04:00,2026-07-16,11:45,SPY,C,50,753.66,7,True,False,True,False,True,False
2026-07-16T11:45:00-04:00,2026-07-16,11:45,QQQ,P,60,710.35,4,True,False,True,True,False,False
2026-07-16T11:45:00-04:00,2026-07-16,11:45,AAPL,C,45,331.29,7,True,False,False,True,False,False
2026-07-16T11:45:00-04:00,2026-07-16,11:45,MSFT,C,45,399.06,3,True,False,False,True,False,False
2026-07-16T11:45:00-04:00,2026-07-16,11:45,NVDA,P,45,207.44,3,True,False,False,True,False,False
2026-07-16T11:45:00-04:00,2026-07-16,11:45,AVGO,P,45,381.7,7,True,False,False,True,False,False
2026-07-16T11:45:00-04:00,2026-07-16,11:45,TSLA,P,55,393.31,6,True,False,False,True,True,False
2026-07-16T12:00:00-04:00,2026-07-16,12:00,SPY,C,50,753.57,8,True,False,True,False,True,False
2026-07-16T12:00:00-04:00,2026-07-16,12:00,QQQ,P,45,710.22,5,True,False,False,True,False,False
2026-07-16T12:00:00-04:00,2026-07-16,12:00,AAPL,C,45,331.85,8,True,False,False,True,False,False
2026-07-16T12:00:00-04:00,2026-07-16,12:00,MSFT,C,45,400.42,4,True,False,False,True,False,False
2026-07-16T12:00:00-04:00,2026-07-16,12:00,NVDA,P,45,207.6,4,True,False,False,True,False,False
2026-07-16T12:00:00-04:00,2026-07-16,12:00,AVGO,P,45,382.0,8,True,False,False,True,False,False
2026-07-16T12:00:00-04:00,2026-07-16,12:00,TSLA,P,55,392.7,7,True,False,False,True,True,False
2026-07-16T12:15:00-04:00,2026-07-16,12:15,QQQ,P,55,707.88,6,True,False,False,True,False,True
2026-07-16T12:15:00-04:00,2026-07-16,12:15,AAPL,C,45,330.69,9,True,False,False,True,False,False
2026-07-16T12:15:00-04:00,2026-07-16,12:15,AMZN,C,45,256.18,3,True,False,False,True,False,False
2026-07-16T12:15:00-04:00,2026-07-16,12:15,MSFT,C,45,399.88,5,True,False,False,True,False,False
2026-07-16T12:15:00-04:00,2026-07-16,12:15,NVDA,P,45,206.65,5,True,False,False,True,False,False
2026-07-16T12:15:00-04:00,2026-07-16,12:15,AVGO,P,45,380.5,9,True,False,False,True,False,False
2026-07-16T12:15:00-04:00,2026-07-16,12:15,TSLA,P,80,388.88,8,True,True,True,True,False,False
2026-07-16T12:30:00-04:00,2026-07-16,12:30,QQQ,P,60,707.96,7,True,False,True,True,False,False
2026-07-16T12:30:00-04:00,2026-07-16,12:30,IWM,C,50,295.88,6,True,False,True,False,True,False
2026-07-16T12:30:00-04:00,2026-07-16,12:30,AAPL,C,60,331.14,10,True,False,True,True,False,False
2026-07-16T12:30:00-04:00,2026-07-16,12:30,AMZN,C,45,255.76,4,True,False,False,True,False,False
2026-07-16T12:30:00-04:00,2026-07-16,12:30,MSFT,C,45,400.72,6,True,False,False,True,False,False
2026-07-16T12:30:00-04:00,2026-07-16,12:30,NVDA,P,60,207.22,6,True,False,True,True,False,False
2026-07-16T12:30:00-04:00,2026-07-16,12:30,AVGO,P,60,380.53,10,True,False,True,True,False,False
2026-07-16T12:30:00-04:00,2026-07-16,12:30,TSLA,P,60,389.29,9,True,False,True,True,False,False
2026-07-16T12:45:00-04:00,2026-07-16,12:45,QQQ,P,45,707.85,8,True,False,False,True,False,False
2026-07-16T12:45:00-04:00,2026-07-16,12:45,AAPL,C,45,330.44,11,True,False,False,True,False,False
2026-07-16T12:45:00-04:00,2026-07-16,12:45,AMZN,C,45,255.74,5,True,False,False,True,False,False
2026-07-16T12:45:00-04:00,2026-07-16,12:45,MSFT,C,45,401.55,7,True,False,False,True,False,False
2026-07-16T12:45:00-04:00,2026-07-16,12:45,NVDA,P,45,207.3,7,True,False,False,True,False,False
2026-07-16T12:45:00-04:00,2026-07-16,12:45,TSLA,P,45,388.36,10,True,False,False,True,False,False
2026-07-16T13:00:00-04:00,2026-07-16,13:00,SPY,C,45,752.86,9,False,True,True,False,True,False
2026-07-16T13:00:00-04:00,2026-07-16,13:00,IWM,C,50,296.1,7,True,False,True,False,True,False
2026-07-16T13:00:00-04:00,2026-07-16,13:00,AAPL,C,45,332.08,12,True,False,False,True,False,False
2026-07-16T13:00:00-04:00,2026-07-16,13:00,AMZN,C,45,255.93,6,True,False,False,True,False,False
2026-07-16T13:00:00-04:00,2026-07-16,13:00,MSFT,C,45,403.03,8,True,False,False,True,False,False
2026-07-16T13:00:00-04:00,2026-07-16,13:00,NVDA,P,45,207.2,8,True,False,False,True,False,False
2026-07-16T13:00:00-04:00,2026-07-16,13:00,AVGO,P,45,378.6,11,True,False,False,True,False,False
2026-07-16T13:00:00-04:00,2026-07-16,13:00,TSLA,P,45,389.01,11,True,False,False,True,False,False
2026-07-16T13:15:00-04:00,2026-07-16,13:15,QQQ,P,45,707.67,9,True,False,False,True,False,False
2026-07-16T13:15:00-04:00,2026-07-16,13:15,AAPL,C,45,331.77,13,True,False,False,True,False,False
2026-07-16T13:15:00-04:00,2026-07-16,13:15,AMZN,C,45,256.19,7,True,False,False,True,False,False
2026-07-16T13:15:00-04:00,2026-07-16,13:15,MSFT,C,45,401.5,9,True,False,False,True,False,False
2026-07-16T13:15:00-04:00,2026-07-16,13:15,NVDA,P,45,207.09,9,True,False,False,True,False,False
2026-07-16T13:15:00-04:00,2026-07-16,13:15,AVGO,P,45,377.61,12,True,False,False,True,False,False
2026-07-16T13:15:00-04:00,2026-07-16,13:15,TSLA,P,45,387.55,12,True,False,False,True,False,False
2026-07-16T13:30:00-04:00,2026-07-16,13:30,AAPL,C,45,332.9,14,True,False,False,True,False,False
2026-07-16T13:30:00-04:00,2026-07-16,13:30,AMZN,C,45,256.46,8,True,False,False,True,False,False
2026-07-16T13:30:00-04:00,2026-07-16,13:30,MSFT,C,45,403.75,10,True,False,False,True,False,False
2026-07-16T13:30:00-04:00,2026-07-16,13:30,AVGO,P,45,377.99,13,True,False,False,True,False,False
2026-07-16T13:45:00-04:00,2026-07-16,13:45,QQQ,P,45,706.59,10,True,False,False,True,False,False
2026-07-16T13:45:00-04:00,2026-07-16,13:45,AAPL,C,45,332.35,15,True,False,False,True,False,False
2026-07-16T13:45:00-04:00,2026-07-16,13:45,MSFT,C,45,402.98,11,True,False,False,True,False,False
2026-07-16T13:45:00-04:00,2026-07-16,13:45,TSLA,P,45,387.23,13,True,False,False,True,False,False
2026-07-16T14:00:00-04:00,2026-07-16,14:00,SPY,P,60,751.31,1,True,False,True,True,False,False
2026-07-16T14:00:00-04:00,2026-07-16,14:00,MSFT,C,45,402.66,12,True,False,False,True,False,False
2026-07-16T14:15:00-04:00,2026-07-16,14:15,SPY,P,60,750.73,2,True,False,True,True,False,False
2026-07-16T14:15:00-04:00,2026-07-16,14:15,MSFT,C,45,403.92,13,True,False,False,True,False,False
