[2026-06-24T12:42:28.077Z] Server on http://localhost:3000
[2026-06-24T12:42:28.085Z] TP: +128% | SL: -100% | DTE: 0-0
[2026-06-24T12:42:28.476Z] Connected to TWS
[2026-06-24T12:44:40.438Z] Server on http://localhost:3000
[2026-06-24T12:44:40.447Z] TP: +128% | SL: -100% | DTE: 0-0
[2026-06-24T12:44:40.504Z] Connected to TWS
[2026-06-24T12:58:16.329Z] Server on http://localhost:3000
[2026-06-24T12:58:16.337Z] TP: +128% | SL: -100% | DTE: 0-3
[2026-06-24T12:58:16.392Z] Connected to TWS
[2026-06-24T14:00:03.609Z] Signal received: buy GOOGL call @ 350.30
[2026-06-24T14:00:03.627Z] Queued GOOGL — queue length: 1
[2026-06-24T14:00:03.627Z] Processing GOOGL C...
[2026-06-24T14:00:03.628Z] getConId: requesting contract details for GOOGL, reqId 4439
[2026-06-24T14:00:03.852Z] ConId for GOOGL: 208813719
[2026-06-24T14:00:04.397Z] getExpirations: skipping alternate trading class "2GOOGL" for GOOGL
[2026-06-24T14:00:04.398Z] getExpirations: skipping alternate trading class "2GOOGL" for GOOGL
[2026-06-24T14:00:04.410Z] Order placed: GOOGL C strike:350 exp:20260624
[2026-06-24T14:00:04.682Z] IBKR [10349]: Order TIF was set to GTC based on order preset.
[2026-06-24T14:00:04.694Z] Signal received: buy NVDA put @ 200.24
[2026-06-24T14:00:04.696Z] Queued NVDA — queue length: 1
[2026-06-24T14:00:04.898Z] Fill @ $1.52 → TP:$4.60 SL:$0.15
[2026-06-24T14:00:07.413Z] Processing NVDA P...
[2026-06-24T14:00:07.418Z] getConId: requesting contract details for NVDA, reqId 5750
[2026-06-24T14:00:07.465Z] ConId for NVDA: 4815747
[2026-06-24T14:00:08.034Z] getExpirations: skipping alternate trading class "2NVDA" for NVDA
[2026-06-24T14:00:08.036Z] getExpirations: skipping alternate trading class "2NVDA" for NVDA
[2026-06-24T14:00:08.037Z] Order placed: NVDA P strike:200 exp:20260624
[2026-06-24T14:00:08.164Z] IBKR [10349]: Order TIF was set to GTC based on order preset.
[2026-06-24T14:00:08.271Z] Fill @ $0.95 → TP:$2.95 SL:$0.10
[2026-06-24T14:00:11.435Z] Signal received: buy IWM call @ 297.23
[2026-06-24T14:00:11.439Z] Queued IWM — queue length: 1
[2026-06-24T14:00:11.439Z] Processing IWM C...
[2026-06-24T14:00:11.439Z] getConId: requesting contract details for IWM, reqId 6920
[2026-06-24T14:00:11.500Z] ConId for IWM: 9579970
[2026-06-24T14:00:11.960Z] Order placed: IWM C strike:295 exp:20260624
[2026-06-24T14:00:12.046Z] IBKR [10349]: Order TIF was set to GTC based on order preset.
[2026-06-24T14:00:12.211Z] Fill @ $1.45 → TP:$3.30 SL:$0.15
[2026-06-24T14:00:13.092Z] Signal received: buy IWM put @ 297.23
[2026-06-24T14:00:13.093Z] Queued IWM — queue length: 1
[2026-06-24T14:00:13.753Z] Signal received: buy AVGO put @ 382.04
[2026-06-24T14:00:13.755Z] Queued AVGO — queue length: 2
[2026-06-24T14:00:14.963Z] Processing IWM P...
[2026-06-24T14:00:14.966Z] getConId: requesting contract details for IWM, reqId 1188
[2026-06-24T14:00:15.014Z] ConId for IWM: 9579970
[2026-06-24T14:00:15.197Z] Order placed: IWM P strike:295 exp:20260624
[2026-06-24T14:00:15.245Z] IBKR [10349]: Order TIF was set to GTC based on order preset.
[2026-06-24T14:00:15.381Z] Fill @ $0.93 → TP:$2.10 SL:$0.10
[2026-06-24T14:00:18.200Z] Processing AVGO P...
[2026-06-24T14:00:18.205Z] getConId: requesting contract details for AVGO, reqId 1307
[2026-06-24T14:00:18.260Z] ConId for AVGO: 313130367
[2026-06-24T14:00:18.704Z] Order placed: AVGO P strike:380 exp:20260624
[2026-06-24T14:00:18.781Z] IBKR [10349]: Order TIF was set to GTC based on order preset.
[2026-06-24T14:00:19.953Z] Fill @ $2.63 → TP:$14.10 SL:$0.25
[2026-06-24T14:15:01.913Z] Signal received: buy IWM put @ 296.60
[2026-06-24T14:15:01.929Z] Queued IWM — queue length: 1
[2026-06-24T14:15:01.929Z] Processing IWM P...
[2026-06-24T14:15:01.930Z] getConId: requesting contract details for IWM, reqId 7559
[2026-06-24T14:15:02.006Z] ConId for IWM: 9579970
[2026-06-24T14:15:02.278Z] Order placed: IWM P strike:295 exp:20260624
[2026-06-24T14:15:02.359Z] IBKR [10349]: Order TIF was set to GTC based on order preset.
[2026-06-24T14:15:02.444Z] IBKR [201]: Order rejected - reason:Cannot have open orders on both sides of the same US Option contract.
[2026-06-24T14:15:03.309Z] Signal received: buy QQQ put @ 714.25
[2026-06-24T14:15:03.311Z] Queued QQQ — queue length: 1
[2026-06-24T14:15:05.283Z] Processing QQQ P...
[2026-06-24T14:15:05.286Z] getConId: requesting contract details for QQQ, reqId 6645
[2026-06-24T14:15:05.342Z] ConId for QQQ: 320227571
[2026-06-24T14:15:07.016Z] Order placed: QQQ P strike:715 exp:20260624
[2026-06-24T14:15:07.106Z] IBKR [10349]: Order TIF was set to GTC based on order preset.
[2026-06-24T14:15:07.205Z] Fill @ $3.75 → TP:$8.60 SL:$0.40
[2026-06-24T14:15:08.157Z] Signal received: buy SPY put @ 735.60
[2026-06-24T14:15:08.160Z] Queued SPY — queue length: 1
[2026-06-24T14:15:10.017Z] Processing SPY P...
[2026-06-24T14:15:10.020Z] getConId: requesting contract details for SPY, reqId 5945
[2026-06-24T14:15:10.071Z] ConId for SPY: 756733
[2026-06-24T14:15:11.271Z] Order placed: SPY P strike:735 exp:20260624
[2026-06-24T14:15:11.368Z] IBKR [10349]: Order TIF was set to GTC based on order preset.
[2026-06-24T14:15:11.456Z] Fill @ $1.67 → TP:$3.80 SL:$0.15
[2026-06-24T14:15:32.285Z] No fill for 100 after 30s
[2026-06-24T14:30:01.000Z] Signal received: buy QQQ call @ 715.15
[2026-06-24T14:30:01.016Z] Queued QQQ — queue length: 1
[2026-06-24T14:30:01.016Z] Processing QQQ C...
[2026-06-24T14:30:01.020Z] getConId: requesting contract details for QQQ, reqId 8936
[2026-06-24T14:30:01.077Z] ConId for QQQ: 320227571
[2026-06-24T14:30:01.770Z] Order placed: QQQ C strike:715 exp:20260624
[2026-06-24T14:30:01.827Z] IBKR [10349]: Order TIF was set to GTC based on order preset.
[2026-06-24T14:30:01.917Z] Fill @ $3.04 → TP:$6.90 SL:$0.30
[2026-06-24T14:30:02.188Z] IBKR [202]: Order Canceled - reason:
[2026-06-24T14:30:06.296Z] Signal received: buy NVDA call @ 199.88
[2026-06-24T14:30:06.298Z] Queued NVDA — queue length: 1
[2026-06-24T14:30:06.299Z] Processing NVDA C...
[2026-06-24T14:30:06.300Z] getConId: requesting contract details for NVDA, reqId 5256
[2026-06-24T14:30:06.346Z] ConId for NVDA: 4815747
[2026-06-24T14:30:06.662Z] getExpirations: skipping alternate trading class "2NVDA" for NVDA
[2026-06-24T14:30:06.662Z] getExpirations: skipping alternate trading class "2NVDA" for NVDA
[2026-06-24T14:30:06.665Z] Order placed: NVDA C strike:200 exp:20260624
[2026-06-24T14:30:06.707Z] IBKR [10349]: Order TIF was set to GTC based on order preset.
[2026-06-24T14:30:06.816Z] Fill @ $0.9 → TP:$2.90 SL:$0.10
[2026-06-24T14:30:12.473Z] Signal received: buy SPY put @ 736.49
[2026-06-24T14:30:12.475Z] Queued SPY — queue length: 1
[2026-06-24T14:30:12.476Z] Processing SPY P...
[2026-06-24T14:30:12.476Z] getConId: requesting contract details for SPY, reqId 2908
[2026-06-24T14:30:12.521Z] ConId for SPY: 756733
[2026-06-24T14:30:13.616Z] Order placed: SPY P strike:735 exp:20260624
[2026-06-24T14:30:13.725Z] IBKR [10349]: Order TIF was set to GTC based on order preset.
[2026-06-24T14:30:13.939Z] IBKR [201]: Order rejected - reason:Cannot have open orders on both sides of the same US Option contract.
[2026-06-24T14:30:43.617Z] No fill for 115 after 30s
[2026-06-24T14:36:21.034Z] IBKR [202]: Order Canceled - reason:
[2026-06-24T14:37:51.770Z] IBKR [202]: Order Canceled - reason:
[2026-06-24T14:38:24.480Z] IBKR [202]: Order Canceled - reason:
[2026-06-24T14:45:00.572Z] Signal received: buy SPY put @ 737.62
[2026-06-24T14:45:00.586Z] Queued SPY — queue length: 1
[2026-06-24T14:45:00.587Z] Processing SPY P...
[2026-06-24T14:45:00.587Z] getConId: requesting contract details for SPY, reqId 4176
[2026-06-24T14:45:00.679Z] ConId for SPY: 756733
[2026-06-24T14:45:01.647Z] Order placed: SPY P strike:740 exp:20260624
[2026-06-24T14:45:01.720Z] IBKR [10349]: Order TIF was set to GTC based on order preset.
[2026-06-24T14:45:01.867Z] Fill @ $4.04 → TP:$9.20 SL:$0.40
[2026-06-24T14:45:02.469Z] Signal received: buy QQQ put @ 717.09
[2026-06-24T14:45:02.475Z] Queued QQQ — queue length: 1
[2026-06-24T14:45:04.649Z] Processing QQQ P...
[2026-06-24T14:45:04.653Z] getConId: requesting contract details for QQQ, reqId 1416
[2026-06-24T14:45:04.735Z] ConId for QQQ: 320227571
[2026-06-24T14:45:06.154Z] Order placed: QQQ P strike:715 exp:20260624
[2026-06-24T14:45:06.202Z] IBKR [10349]: Order TIF was set to GTC based on order preset.
[2026-06-24T14:45:06.285Z] IBKR [201]: Order rejected - reason:Cannot have open orders on both sides of the same US Option contract.
[2026-06-24T14:45:36.156Z] No fill for 121 after 30s
[2026-06-24T14:50:39.046Z] IBKR [202]: Order Canceled - reason:
[2026-06-24T15:00:04.648Z] Signal received: buy IWM call @ 299.08
[2026-06-24T15:00:04.660Z] Queued IWM — queue length: 1
[2026-06-24T15:00:04.661Z] Processing IWM C...
[2026-06-24T15:00:04.663Z] getConId: requesting contract details for IWM, reqId 5942
[2026-06-24T15:00:04.751Z] ConId for IWM: 9579970
[2026-06-24T15:00:04.989Z] Order placed: IWM C strike:300 exp:20260624
[2026-06-24T15:00:05.115Z] IBKR [10349]: Order TIF was set to GTC based on order preset.
[2026-06-24T15:00:05.257Z] Fill @ $0.17 → TP:$0.40 SL:$0.05
[2026-06-24T15:12:59.324Z] IBKR [202]: Order Canceled - reason:
[2026-06-24T15:15:01.310Z] Signal received: buy IWM call @ 299.09
[2026-06-24T15:15:01.323Z] Queued IWM — queue length: 1
[2026-06-24T15:15:01.323Z] Processing IWM C...
[2026-06-24T15:15:01.325Z] getConId: requesting contract details for IWM, reqId 4417
[2026-06-24T15:15:01.399Z] ConId for IWM: 9579970
[2026-06-24T15:15:01.783Z] Order placed: IWM C strike:300 exp:20260624
[2026-06-24T15:15:01.941Z] IBKR [10349]: Order TIF was set to GTC based on order preset.
[2026-06-24T15:15:02.188Z] IBKR [201]: Order rejected - reason:Cannot have open orders on both sides of the same US Option contract.
[2026-06-24T15:15:05.587Z] Signal received: buy AMZN put @ 241.79
[2026-06-24T15:15:05.592Z] Queued AMZN — queue length: 1
[2026-06-24T15:15:05.592Z] Processing AMZN P...
[2026-06-24T15:15:05.593Z] getConId: requesting contract details for AMZN, reqId 2277
[2026-06-24T15:15:05.692Z] ConId for AMZN: 3691937
[2026-06-24T15:15:06.042Z] getExpirations: skipping alternate trading class "2AMZN" for AMZN
[2026-06-24T15:15:06.045Z] Order placed: AMZN P strike:240 exp:20260624
[2026-06-24T15:15:06.101Z] IBKR [10349]: Order TIF was set to GTC based on order preset.
[2026-06-24T15:15:07.350Z] Fill @ $0.56 → TP:$1.85 SL:$0.05
[2026-06-24T15:15:07.868Z] Signal received: buy QQQ put @ 716.93
[2026-06-24T15:15:07.873Z] Queued QQQ — queue length: 1
[2026-06-24T15:15:09.047Z] Processing QQQ P...
[2026-06-24T15:15:09.049Z] getConId: requesting contract details for QQQ, reqId 7671
[2026-06-24T15:15:09.118Z] ConId for QQQ: 320227571
[2026-06-24T15:15:10.033Z] Order placed: QQQ P strike:715 exp:20260624
[2026-06-24T15:15:10.102Z] IBKR [10349]: Order TIF was set to GTC based on order preset.
[2026-06-24T15:15:10.169Z] IBKR [201]: Order rejected - reason:Cannot have open orders on both sides of the same US Option contract.
[2026-06-24T15:15:11.943Z] Signal received: buy AMZN call @ 241.79
[2026-06-24T15:15:11.946Z] Queued AMZN — queue length: 1
[2026-06-24T15:15:13.043Z] Processing AMZN C...
[2026-06-24T15:15:13.044Z] getConId: requesting contract details for AMZN, reqId 1197
[2026-06-24T15:15:13.100Z] ConId for AMZN: 3691937
[2026-06-24T15:15:13.183Z] getExpirations: skipping alternate trading class "2AMZN" for AMZN
[2026-06-24T15:15:13.185Z] Order placed: AMZN C strike:240 exp:20260624
[2026-06-24T15:15:13.234Z] IBKR [10349]: Order TIF was set to GTC based on order preset.
[2026-06-24T15:15:13.329Z] Fill @ $1.55 → TP:$5.05 SL:$0.15
[2026-06-24T15:15:31.781Z] No fill for 127 after 30s
[2026-06-24T15:15:40.034Z] No fill for 133 after 30s
[2026-06-24T15:16:59.393Z] IBKR [202]: Order Canceled - reason:
[2026-06-24T15:30:21.398Z] Signal received: buy IWM call @ 299.56
[2026-06-24T15:30:21.416Z] Queued IWM — queue length: 1
[2026-06-24T15:30:21.416Z] Processing IWM C...
[2026-06-24T15:30:21.418Z] getConId: requesting contract details for IWM, reqId 7963
[2026-06-24T15:30:21.482Z] ConId for IWM: 9579970
[2026-06-24T15:30:21.764Z] Order placed: IWM C strike:300 exp:20260624
[2026-06-24T15:30:21.834Z] IBKR [10349]: Order TIF was set to GTC based on order preset.
[2026-06-24T15:30:21.938Z] Fill @ $0.38 → TP:$0.85 SL:$0.05
[2026-06-24T17:23:59.303Z] IBKR [202]: Order Canceled - reason:
[2026-06-24T18:13:57.293Z] IBKR [202]: Order Canceled - reason:
[2026-06-24T18:14:59.254Z] IBKR [202]: Order Canceled - reason:
[2026-06-24T18:42:59.306Z] IBKR [202]: Order Canceled - reason:
[2026-06-24T18:45:04.235Z] Signal received: buy GOOGL put @ 343.82
[2026-06-24T18:45:04.249Z] Queued GOOGL — queue length: 1
[2026-06-24T18:45:04.250Z] Processing GOOGL P...
[2026-06-24T18:45:04.251Z] getConId: requesting contract details for GOOGL, reqId 8320
[2026-06-24T18:45:04.362Z] ConId for GOOGL: 208813719
[2026-06-24T18:45:04.593Z] getExpirations: skipping alternate trading class "2GOOGL" for GOOGL
[2026-06-24T18:45:04.595Z] getExpirations: skipping alternate trading class "2GOOGL" for GOOGL
[2026-06-24T18:45:04.606Z] Order placed: GOOGL P strike:345 exp:20260624
[2026-06-24T18:45:04.746Z] IBKR [10349]: Order TIF was set to GTC based on order preset.
[2026-06-24T18:45:05.992Z] Fill @ $1.4 → TP:$4.25 SL:$0.15
[2026-06-24T18:52:59.544Z] IBKR [202]: Order Canceled - reason:
[2026-06-24T19:02:59.477Z] IBKR [202]: Order Canceled - reason:
[2026-06-24T19:04:51.165Z] IBKR [202]: Order Canceled - reason:
[2026-06-24T19:06:55.357Z] IBKR [202]: Order Canceled - reason:
[2026-06-24T19:14:33.199Z] IBKR [202]: Order Canceled - reason:
[2026-06-24T20:00:00.556Z] IBKR [202]: Order Canceled - reason:
[2026-06-24T20:00:59.732Z] IBKR [202]: Order Canceled - reason:
[2026-06-24T20:01:32.510Z] IBKR [202]: Order Canceled - reason:
[2026-06-24T20:01:53.693Z] IBKR [202]: Order Canceled - reason:
[2026-06-24T20:15:59.476Z] IBKR [202]: Order Canceled - reason:
[2026-06-24T20:16:10.506Z] IBKR [202]: Order Canceled - reason:
[2026-06-25T01:05:58.334Z] Server on http://localhost:3000
[2026-06-25T01:05:58.346Z] TP: +128% | SL: -100% | DTE: 0-3
[2026-06-25T01:05:58.346Z] EOD-flatten: off | Trail: off
[2026-06-25T01:05:58.652Z] Connected to TWS
[2026-06-25T12:28:02.438Z] Server on http://localhost:3000
[2026-06-25T12:28:02.447Z] TP: +128% | SL: -100% | DTE: 0-3
[2026-06-25T12:28:02.447Z] EOD-flatten: off | Trail: off
[2026-06-25T12:28:02.554Z] Connected to TWS
[2026-06-25T14:00:22.948Z] Signal received: buy QQQ put @ 705.75
[2026-06-25T14:00:22.955Z] Queued QQQ — queue length: 1
[2026-06-25T14:00:22.955Z] Processing QQQ P...
[2026-06-25T14:00:22.956Z] getConId: requesting contract details for QQQ, reqId 5087
[2026-06-25T14:00:23.064Z] Signal received: buy AVGO put @ 373.27
[2026-06-25T14:00:23.065Z] Queued AVGO — queue length: 1
[2026-06-25T14:00:23.105Z] ConId for QQQ: 320227571
[2026-06-25T14:00:24.152Z] Order placed: QQQ P strike:705 exp:20260625
[2026-06-25T14:00:24.278Z] IBKR [10349]: Order TIF was set to GTC based on order preset.
[2026-06-25T14:00:25.579Z] Fill @ $1.19 → TP:$2.70 SL:$0.10
[2026-06-25T14:00:27.155Z] Processing AVGO P...
[2026-06-25T14:00:27.157Z] getConId: requesting contract details for AVGO, reqId 6491
[2026-06-25T14:00:27.258Z] ConId for AVGO: 313130367
[2026-06-25T14:00:27.715Z] Order placed: AVGO P strike:375 exp:20260626
[2026-06-25T14:00:27.755Z] IBKR [10349]: Order TIF was set to GTC based on order preset.
[2026-06-25T14:00:28.933Z] Fill @ $3.2 → TP:$18.90 SL:$0.30
[2026-06-25T14:00:46.082Z] Signal received: buy TSLA put @ 371.66
[2026-06-25T14:00:46.084Z] Queued TSLA — queue length: 1
[2026-06-25T14:00:46.086Z] Processing TSLA P...
[2026-06-25T14:00:46.087Z] getConId: requesting contract details for TSLA, reqId 4216
[2026-06-25T14:00:46.210Z] ConId for TSLA: 76792991
[2026-06-25T14:00:46.706Z] getExpirations: skipping alternate trading class "2TSLA" for TSLA
[2026-06-25T14:00:46.708Z] Order placed: TSLA P strike:370 exp:20260626
[2026-06-25T14:00:46.778Z] IBKR [10349]: Order TIF was set to GTC based on order preset.
[2026-06-25T14:00:47.386Z] Signal received: buy META put @ 547.62
[2026-06-25T14:00:47.387Z] Queued META — queue length: 1
[2026-06-25T14:00:47.985Z] Fill @ $2.88 → TP:$7.10 SL:$0.30
[2026-06-25T14:00:49.709Z] Processing META P...
[2026-06-25T14:00:49.712Z] getConId: requesting contract details for META, reqId 3502
[2026-06-25T14:00:49.812Z] ConId for META: 107113386
[2026-06-25T14:00:50.309Z] Order placed: META P strike:550 exp:20260626
[2026-06-25T14:00:50.378Z] IBKR [10349]: Order TIF was set to GTC based on order preset.
[2026-06-25T14:01:10.142Z] Fill @ $10 → TP:$35.50 SL:$1.00
[2026-06-25T14:04:00.146Z] IBKR [202]: Order Canceled - reason:
[2026-06-25T14:15:01.233Z] Signal received: buy SPY put @ 734.11
[2026-06-25T14:15:01.251Z] Queued SPY — queue length: 1
[2026-06-25T14:15:01.252Z] Processing SPY P...
[2026-06-25T14:15:01.253Z] getConId: requesting contract details for SPY, reqId 3111
[2026-06-25T14:15:01.420Z] ConId for SPY: 756733
[2026-06-25T14:15:02.354Z] Order placed: SPY P strike:735 exp:20260625
[2026-06-25T14:15:02.411Z] IBKR [10349]: Order TIF was set to GTC based on order preset.
[2026-06-25T14:15:02.489Z] Fill @ $5.94 → TP:$13.50 SL:$0.60
[2026-06-25T14:15:02.850Z] Signal received: buy QQQ put @ 711.37
[2026-06-25T14:15:02.850Z] Queued QQQ — queue length: 1
[2026-06-25T14:15:02.983Z] Signal received: buy SPY call @ 734.11
[2026-06-25T14:15:02.984Z] Queued SPY — queue length: 2
[2026-06-25T14:15:05.356Z] Processing QQQ P...
[2026-06-25T14:15:05.357Z] getConId: requesting contract details for QQQ, reqId 1511
[2026-06-25T14:15:05.398Z] ConId for QQQ: 320227571
[2026-06-25T14:15:06.163Z] Order placed: QQQ P strike:710 exp:20260625
[2026-06-25T14:15:06.213Z] IBKR [10349]: Order TIF was set to GTC based on order preset.
[2026-06-25T14:15:06.315Z] Fill @ $7.3 → TP:$16.60 SL:$0.70
[2026-06-25T14:15:06.499Z] Signal received: buy IWM call @ 299.42
[2026-06-25T14:15:06.500Z] Queued IWM — queue length: 2
[2026-06-25T14:15:06.927Z] Signal received: buy AMZN put @ 227.85
[2026-06-25T14:15:06.929Z] Queued AMZN — queue length: 3
[2026-06-25T14:15:08.281Z] Signal received: buy MSFT put @ 358.34
[2026-06-25T14:15:08.283Z] Queued MSFT — queue length: 4
[2026-06-25T14:15:09.163Z] Processing SPY C...
[2026-06-25T14:15:09.164Z] getConId: requesting contract details for SPY, reqId 3409
[2026-06-25T14:15:09.199Z] ConId for SPY: 756733
[2026-06-25T14:15:09.866Z] Order placed: SPY C strike:735 exp:20260625
[2026-06-25T14:15:09.908Z] IBKR [10349]: Order TIF was set to GTC based on order preset.
[2026-06-25T14:15:10.008Z] Fill @ $0.83 → TP:$1.90 SL:$0.10
[2026-06-25T14:15:12.867Z] Processing IWM C...
[2026-06-25T14:15:12.871Z] getConId: requesting contract details for IWM, reqId 3405
[2026-06-25T14:15:13.011Z] ConId for IWM: 9579970
[2026-06-25T14:15:13.396Z] Order placed: IWM C strike:300 exp:20260625
[2026-06-25T14:15:13.432Z] IBKR [10349]: Order TIF was set to GTC based on order preset.
[2026-06-25T14:15:13.502Z] Fill @ $0.36 → TP:$0.80 SL:$0.05
[2026-06-25T14:15:16.397Z] Processing AMZN P...
[2026-06-25T14:15:16.398Z] getConId: requesting contract details for AMZN, reqId 2085
[2026-06-25T14:15:16.530Z] ConId for AMZN: 3691937
[2026-06-25T14:15:16.819Z] getExpirations: skipping alternate trading class "2AMZN" for AMZN
[2026-06-25T14:15:16.820Z] Order placed: AMZN P strike:230 exp:20260626
[2026-06-25T14:15:16.857Z] IBKR [10349]: Order TIF was set to GTC based on order preset.
[2026-06-25T14:15:16.953Z] Fill @ $4.05 → TP:$15.40 SL:$0.40
[2026-06-25T14:15:19.821Z] Processing MSFT P...
[2026-06-25T14:15:19.823Z] getConId: requesting contract details for MSFT, reqId 5816
[2026-06-25T14:15:19.907Z] ConId for MSFT: 272093
[2026-06-25T14:15:20.279Z] getExpirations: skipping alternate trading class "2MSFT" for MSFT
[2026-06-25T14:15:20.280Z] Order placed: MSFT P strike:360 exp:20260626
[2026-06-25T14:15:20.316Z] IBKR [10349]: Order TIF was set to GTC based on order preset.
[2026-06-25T14:15:22.838Z] Signal received: buy TSLA call @ 375.74
[2026-06-25T14:15:22.840Z] Queued TSLA — queue length: 1
[2026-06-25T14:15:23.282Z] Processing TSLA C...
[2026-06-25T14:15:23.283Z] getConId: requesting contract details for TSLA, reqId 1093
[2026-06-25T14:15:23.320Z] ConId for TSLA: 76792991
[2026-06-25T14:15:23.429Z] getExpirations: skipping alternate trading class "2TSLA" for TSLA
[2026-06-25T14:15:23.431Z] Order placed: TSLA C strike:375 exp:20260626
[2026-06-25T14:15:23.470Z] IBKR [10349]: Order TIF was set to GTC based on order preset.
[2026-06-25T14:15:23.570Z] Fill @ $3.9 → TP:$10.10 SL:$0.40
[2026-06-25T14:15:29.070Z] Fill @ $5.6 → TP:$12.10 SL:$0.60
[2026-06-25T14:15:29.076Z] IBKR [103]: Duplicate order id
[2026-06-25T14:15:29.173Z] IBKR [103]: Duplicate order id
[2026-06-25T14:20:59.471Z] IBKR [202]: Order Canceled - reason:
[2026-06-25T14:20:59.821Z] IBKR [202]: Order Canceled - reason:
[2026-06-25T14:45:00.381Z] Signal received: buy IWM call @ 300.10
[2026-06-25T14:45:00.393Z] Queued IWM — queue length: 1
[2026-06-25T14:45:00.394Z] Processing IWM C...
[2026-06-25T14:45:00.396Z] getConId: requesting contract details for IWM, reqId 6478
[2026-06-25T14:45:00.441Z] ConId for IWM: 9579970
[2026-06-25T14:45:00.674Z] Order placed: IWM C strike:300 exp:20260625
[2026-06-25T14:45:00.734Z] IBKR [10349]: Order TIF was set to GTC based on order preset.
[2026-06-25T14:45:01.036Z] Fill @ $1.2 → TP:$2.75 SL:$0.10
[2026-06-25T15:00:01.779Z] Signal received: buy SPY put @ 735.27
[2026-06-25T15:00:01.792Z] Queued SPY — queue length: 1
[2026-06-25T15:00:01.792Z] Processing SPY P...
[2026-06-25T15:00:01.792Z] getConId: requesting contract details for SPY, reqId 3266
[2026-06-25T15:00:01.852Z] ConId for SPY: 756733
[2026-06-25T15:00:03.111Z] Order placed: SPY P strike:735 exp:20260625
[2026-06-25T15:00:03.152Z] IBKR [10349]: Order TIF was set to GTC based on order preset.
[2026-06-25T15:00:03.219Z] IBKR [201]: Order rejected - reason:Cannot have open orders on both sides of the same US Option contract.
[2026-06-25T15:00:22.948Z] Signal received: buy IWM call @ 300.44
[2026-06-25T15:00:22.950Z] Queued IWM — queue length: 1
[2026-06-25T15:00:22.951Z] Processing IWM C...
[2026-06-25T15:00:22.952Z] getConId: requesting contract details for IWM, reqId 4668
[2026-06-25T15:00:22.993Z] ConId for IWM: 9579970
[2026-06-25T15:00:23.227Z] Order placed: IWM C strike:300 exp:20260625
[2026-06-25T15:00:23.271Z] IBKR [10349]: Order TIF was set to GTC based on order preset.
[2026-06-25T15:00:23.341Z] IBKR [201]: Order rejected - reason:Cannot have open orders on both sides of the same US Option contract.
[2026-06-25T15:00:33.120Z] No fill for 181 after 30s
[2026-06-25T15:00:53.230Z] No fill for 184 after 30s
[2026-06-25T15:15:00.708Z] Signal received: buy SPY put @ 732.98
[2026-06-25T15:15:00.721Z] Queued SPY — queue length: 1
[2026-06-25T15:15:00.721Z] Processing SPY P...
[2026-06-25T15:15:00.722Z] getConId: requesting contract details for SPY, reqId 2250
[2026-06-25T15:15:00.769Z] ConId for SPY: 756733
[2026-06-25T15:15:01.309Z] Order placed: SPY P strike:735 exp:20260625
[2026-06-25T15:15:01.387Z] IBKR [10349]: Order TIF was set to GTC based on order preset.
[2026-06-25T15:15:01.459Z] IBKR [201]: Order rejected - reason:Cannot have open orders on both sides of the same US Option contract.
[2026-06-25T15:15:13.351Z] Signal received: buy IWM call @ 298.49
[2026-06-25T15:15:13.352Z] Queued IWM — queue length: 1
[2026-06-25T15:15:13.353Z] Processing IWM C...
[2026-06-25T15:15:13.354Z] getConId: requesting contract details for IWM, reqId 3798
[2026-06-25T15:15:13.394Z] ConId for IWM: 9579970
[2026-06-25T15:15:13.559Z] Order placed: IWM C strike:300 exp:20260625
[2026-06-25T15:15:13.596Z] IBKR [10349]: Order TIF was set to GTC based on order preset.
[2026-06-25T15:15:13.639Z] IBKR [201]: Order rejected - reason:Cannot have open orders on both sides of the same US Option contract.
[2026-06-25T15:15:31.309Z] No fill for 187 after 30s
[2026-06-25T15:15:43.559Z] No fill for 190 after 30s
[2026-06-25T16:26:59.578Z] IBKR [202]: Order Canceled - reason:
[2026-06-25T16:30:03.956Z] Signal received: buy AAPL put @ 274.56
[2026-06-25T16:30:03.962Z] Queued AAPL — queue length: 1
[2026-06-25T16:30:03.963Z] Processing AAPL P...
[2026-06-25T16:30:03.963Z] getConId: requesting contract details for AAPL, reqId 2695
[2026-06-25T16:30:04.110Z] ConId for AAPL: 265598
[2026-06-25T16:30:04.453Z] Order placed: AAPL P strike:275 exp:20260626
[2026-06-25T16:30:04.528Z] IBKR [10349]: Order TIF was set to GTC based on order preset.
[2026-06-25T16:30:04.602Z] Fill @ $2 → TP:$5.10 SL:$0.20
[2026-06-25T17:52:59.366Z] IBKR [202]: Order Canceled - reason:
[2026-06-25T20:15:00.515Z] IBKR [202]: Order Canceled - reason:
[2026-06-25T20:15:05.156Z] IBKR [202]: Order Canceled - reason:
[2026-06-25T21:28:40.267Z] Server on http://localhost:3000
[2026-06-25T21:28:40.270Z] TP: +128% | SL: -100% | DTE: 0-3
[2026-06-25T21:28:40.271Z] EOD-flatten: off | Trail: off
[2026-06-25T21:38:47.234Z] Server on http://localhost:3000
[2026-06-25T21:38:47.236Z] TP: +128% | SL: -100% | DTE: 0-3
[2026-06-25T21:38:47.236Z] EOD-flatten: off | Trail: off
[2026-06-26T16:17:25.967Z] Server on http://localhost:3000
[2026-06-26T16:17:25.971Z] TP: +128% | SL: -100% | DTE: 0-3
[2026-06-26T16:17:25.971Z] EOD-flatten: off | Trail: off
[2026-06-26T16:37:30.099Z] Server on http://localhost:3000
[2026-06-26T16:37:30.101Z] TP: +128% | SL: -100% | DTE: 0-3
[2026-06-26T16:37:30.101Z] EOD-flatten: off | Trail: off
[2026-06-26T18:11:02.242Z] Signal received: buy SPY put @ 600
[2026-06-26T18:11:02.246Z] Skipped: not connected to TWS
[2026-06-26T18:13:45.350Z] Signal received: buy QQQ put @ 540
[2026-06-26T18:13:45.351Z] Skipped: not connected to TWS
[2026-06-26T18:16:19.664Z] Server on http://localhost:3000
[2026-06-26T18:16:19.666Z] TP: +128% | SL: -100% | DTE: 0-3
[2026-06-26T18:16:19.667Z] EOD-flatten: off | Trail: off
[2026-06-26T18:24:35.466Z] Server on http://localhost:3000
[2026-06-26T18:24:35.467Z] TP: +128% | SL: -100% | DTE: 0-3
[2026-06-26T18:24:35.468Z] EOD-flatten: off | Trail: off
[2026-06-26T18:26:44.995Z] Signal received: buy QQQ put @ 540
[2026-06-26T18:26:44.999Z] Skipped: not connected to TWS
[2026-06-26T18:32:55.020Z] Server on http://localhost:3000
[2026-06-26T18:32:55.022Z] TP: +128% | SL: -100% | DTE: 0-3
[2026-06-26T18:32:55.023Z] EOD-flatten: off | Trail: off
[2026-06-26T18:36:08.187Z] Server on http://localhost:3000
[2026-06-26T18:36:08.189Z] TP: +128% | SL: -100% | DTE: 0-3
[2026-06-26T18:36:08.189Z] EOD-flatten: off | Trail: off
[2026-06-26T18:56:16.246Z] Server on http://localhost:3000
[2026-06-26T18:56:16.248Z] TP: +128% | SL: -100% | DTE: 0-3
[2026-06-26T18:56:16.248Z] EOD-flatten: off | Trail: off
[2026-06-26T21:18:46.264Z] Server on http://localhost:3000
[2026-06-26T21:18:46.266Z] TP: +128% | SL: -100% | DTE: 0-3
[2026-06-26T21:18:46.266Z] EOD-flatten: off | Trail: off
[2026-06-26T21:33:32.397Z] Server on http://localhost:3000
[2026-06-26T21:33:32.398Z] TP: +128% | SL: -100% | DTE: 0-3
[2026-06-26T21:33:32.399Z] EOD-flatten: off | Trail: off
[2026-06-26T21:33:32.413Z] Connected to TWS
[2026-06-27T00:35:54.971Z] Server on http://localhost:3000
[2026-06-27T00:35:54.974Z] TP: +128% | SL: -100% | DTE: 0-3
[2026-06-27T00:35:54.974Z] EOD-flatten: off | Trail: off
[2026-06-27T00:35:55.057Z] Connected to TWS
[2026-06-27T00:42:13.399Z] Server on http://localhost:3000
[2026-06-27T00:42:13.401Z] TP: +128% | SL: -100% | DTE: 0-3
[2026-06-27T00:42:13.401Z] EOD-flatten: ON @1550 ET | Trail: ON arm+65% trail25%
[2026-06-27T00:42:13.416Z] Connected to TWS
[2026-06-27T00:42:43.427Z] EOD-flatten trigger at 2042 ET
[2026-06-27T00:42:43.436Z] EOD-flatten: no 0DTE option positions to close (exp 20260626)
[2026-06-27T16:39:51.750Z] Server on http://localhost:3000
[2026-06-27T16:39:51.752Z] TP: +128% | SL: -100% | DTE: 0-3
[2026-06-27T16:39:51.752Z] EOD-flatten: ON @1550 ET | Trail: ON arm+65% trail25% | Time-stop: off
[2026-06-27T16:39:51.765Z] Connected to TWS
[2026-06-27T16:40:41.970Z] Server on http://localhost:3000
[2026-06-27T16:40:41.972Z] TP: +128% | SL: -100% | DTE: 0-3
[2026-06-27T16:40:41.972Z] EOD-flatten: ON @1550 ET | Trail: ON arm+65% trail25% | Time-stop: off
[2026-06-27T16:40:41.983Z] Connected to TWS
[2026-06-27T16:42:26.808Z] Server on http://localhost:3000
[2026-06-27T16:42:26.810Z] TP: +128% | SL: -100% | DTE: 0-3
[2026-06-27T16:42:26.810Z] EOD-flatten: ON @1550 ET | Trail: ON arm+65% trail25% | Time-stop: ON 25min
[2026-06-27T16:42:26.822Z] Connected to TWS
[2026-06-27T17:04:43.702Z] Server on http://localhost:3000
[2026-06-27T17:04:43.704Z] TP: +128% | SL: -100% | DTE: 0-3
[2026-06-27T17:04:43.704Z] EOD-flatten: ON @1550 ET | Trail: ON arm+65% trail25% | Time-stop: ON 25min | MFE-log: ON
[2026-06-27T17:04:43.714Z] Connected to TWS
[2026-06-27T19:50:13.837Z] EOD-flatten trigger at 1550 ET
[2026-06-28T19:50:15.246Z] EOD-flatten trigger at 1550 ET
[2026-06-29T14:00:01.295Z] Signal received: buy IWM put @ 297.22
[2026-06-29T14:00:01.300Z] Queued IWM — queue length: 1
[2026-06-29T14:00:01.301Z] Processing IWM P...
[2026-06-29T14:00:01.301Z] getConId: requesting contract details for IWM, reqId 4253
[2026-06-29T14:00:06.407Z] Signal received: buy TSLA call @ 391.84
[2026-06-29T14:00:06.408Z] Queued TSLA — queue length: 1
[2026-06-29T14:00:09.301Z] Error processing IWM: ConId timeout
[2026-06-29T14:00:09.302Z] Processing TSLA C...
[2026-06-29T14:00:09.302Z] getConId: requesting contract details for TSLA, reqId 7114
[2026-06-29T14:00:15.525Z] Signal received: buy QQQ put @ 713.45
[2026-06-29T14:00:15.526Z] Queued QQQ — queue length: 1
[2026-06-29T14:00:17.302Z] Error processing TSLA: ConId timeout
[2026-06-29T14:00:17.303Z] Processing QQQ P...
[2026-06-29T14:00:17.303Z] getConId: requesting contract details for QQQ, reqId 7214
[2026-06-29T14:00:25.304Z] Error processing QQQ: ConId timeout
[2026-06-29T14:00:32.219Z] Signal received: buy META call @ 566.65
[2026-06-29T14:00:32.220Z] Queued META — queue length: 1
[2026-06-29T14:00:32.221Z] Processing META C...
[2026-06-29T14:00:32.221Z] getConId: requesting contract details for META, reqId 8055
[2026-06-29T14:00:40.221Z] Error processing META: ConId timeout
[2026-06-29T14:15:02.746Z] Signal received: buy QQQ put @ 706.48
[2026-06-29T14:15:02.747Z] Queued QQQ — queue length: 1
[2026-06-29T14:15:02.747Z] Processing QQQ P...
[2026-06-29T14:15:02.747Z] getConId: requesting contract details for QQQ, reqId 4348
[2026-06-29T14:15:09.198Z] Signal received: buy IWM put @ 294.86
[2026-06-29T14:15:09.199Z] Queued IWM — queue length: 1
[2026-06-29T14:15:10.749Z] Error processing QQQ: ConId timeout
[2026-06-29T14:15:10.749Z] Processing IWM P...
[2026-06-29T14:15:10.749Z] getConId: requesting contract details for IWM, reqId 8820
[2026-06-29T14:15:18.751Z] Error processing IWM: ConId timeout
[2026-06-29T14:30:03.345Z] Signal received: buy SPY call @ 736.02
[2026-06-29T14:30:03.346Z] Queued SPY — queue length: 1
[2026-06-29T14:30:03.346Z] Processing SPY C...
[2026-06-29T14:30:03.346Z] getConId: requesting contract details for SPY, reqId 6936
[2026-06-29T14:30:09.892Z] Signal received: buy QQQ put @ 711.85
[2026-06-29T14:30:09.893Z] Queued QQQ — queue length: 1
[2026-06-29T14:30:11.346Z] Error processing SPY: ConId timeout
[2026-06-29T14:30:11.347Z] Processing QQQ P...
[2026-06-29T14:30:11.347Z] getConId: requesting contract details for QQQ, reqId 3643
[2026-06-29T14:30:19.346Z] Error processing QQQ: ConId timeout
[2026-06-29T14:30:25.505Z] Signal received: buy IWM put @ 297.14
[2026-06-29T14:30:25.506Z] Queued IWM — queue length: 1
[2026-06-29T14:30:25.506Z] Processing IWM P...
[2026-06-29T14:30:25.506Z] getConId: requesting contract details for IWM, reqId 3233
[2026-06-29T14:30:33.506Z] Error processing IWM: ConId timeout
[2026-06-29T14:45:00.515Z] Signal received: buy SPY call @ 737.05
[2026-06-29T14:45:00.516Z] Queued SPY — queue length: 1
[2026-06-29T14:45:00.516Z] Processing SPY C...
[2026-06-29T14:45:00.517Z] getConId: requesting contract details for SPY, reqId 4215
[2026-06-29T14:45:04.134Z] Signal received: buy QQQ call @ 712.64
[2026-06-29T14:45:04.135Z] Queued QQQ — queue length: 1
[2026-06-29T14:45:08.517Z] Error processing SPY: ConId timeout
[2026-06-29T14:45:08.518Z] Processing QQQ C...
[2026-06-29T14:45:08.518Z] getConId: requesting contract details for QQQ, reqId 6451
[2026-06-29T14:45:16.518Z] Error processing QQQ: ConId timeout
[2026-06-29T14:59:47.985Z] Server on http://localhost:3000
[2026-06-29T14:59:47.987Z] TP: +128% | SL: -100% | DTE: 0-3
[2026-06-29T14:59:47.987Z] EOD-flatten: ON @1550 ET | Trail: ON arm+65% trail25% | Time-stop: ON 25min | MFE-log: ON
[2026-06-29T14:59:48.053Z] Connected to TWS
[2026-06-29T15:00:13.979Z] Signal received: buy SPY call @ 737.87
[2026-06-29T15:00:13.983Z] Queued SPY — queue length: 1
[2026-06-29T15:00:13.983Z] Processing SPY C...
[2026-06-29T15:00:13.984Z] getConId: requesting contract details for SPY, reqId 5391
[2026-06-29T15:00:14.387Z] ConId for SPY: 756733
[2026-06-29T15:00:16.366Z] Order placed: SPY C strike:740 exp:20260629
[2026-06-29T15:00:18.676Z] Fill @ $0.52 → TP:$1.20 SL:$0.05
[2026-06-29T15:00:18.678Z] Tracking SPY_C_740_20260629 for trailing stop (entry $0.52)
[2026-06-29T15:00:23.101Z] IBKR [354]: Requested market data is not subscribed. Check API status by selecting the Account menu then under Management choose Market Data Subscription Manager and/or availability of delayed data.Delayed market data is available.SPY JUN 29 '26 740 Call (SPY   260629C00740000) /TOP/ALL
[2026-06-29T15:00:23.107Z] IBKR [10091]: Part of requested market data requires additional subscription for API. See link in 'Market Data Connections' dialog for more details.SPY ARCA/TOP/ALL
[2026-06-29T15:15:03.056Z] Signal received: buy SPY call @ 737.47
[2026-06-29T15:15:03.057Z] Queued SPY — queue length: 1
[2026-06-29T15:15:03.057Z] Processing SPY C...
[2026-06-29T15:15:03.058Z] getConId: requesting contract details for SPY, reqId 1773
[2026-06-29T15:15:03.105Z] ConId for SPY: 756733
[2026-06-29T15:15:04.780Z] Order placed: SPY C strike:735 exp:20260629
[2026-06-29T15:15:09.997Z] IBKR [10197]: No market data during competing live session
[2026-06-29T15:15:15.385Z] Fill @ $3.14 → TP:$7.20 SL:$0.30
[2026-06-29T15:15:15.387Z] Tracking SPY_C_735_20260629 for trailing stop (entry $3.14)
[2026-06-29T15:15:18.106Z] IBKR [354]: Requested market data is not subscribed. Check API status by selecting the Account menu then under Management choose Market Data Subscription Manager and/or availability of delayed data.Delayed market data is available.SPY JUN 29 '26 735 Call (SPY   260629C00735000) /TOP/ALL
[2026-06-29T15:15:18.108Z] IBKR [10091]: Part of requested market data requires additional subscription for API. See link in 'Market Data Connections' dialog for more details.SPY ARCA/TOP/ALL
[2026-06-29T15:15:18.108Z] IBKR [10091]: Part of requested market data requires additional subscription for API. See link in 'Market Data Connections' dialog for more details.SPY ARCA/TOP/ALL
[2026-06-29T15:25:23.103Z] Time-stop HIT SPY_C_740_20260629: un-armed after 25.1min — closing at market
[2026-06-29T15:25:23.177Z] IBKR [202]: Order Canceled - reason:
[2026-06-29T15:25:24.282Z] IBKR [202]: Order Canceled - reason:
[2026-06-29T15:25:28.351Z] IBKR [10197]: No market data during competing live session
[2026-06-29T15:40:18.180Z] Time-stop HIT SPY_C_735_20260629: un-armed after 25.0min — closing at market
[2026-06-29T15:40:18.228Z] IBKR [202]: Order Canceled - reason:
[2026-06-29T15:40:18.461Z] IBKR [202]: Order Canceled - reason:
[2026-06-29T15:45:09.046Z] Signal received: buy QQQ call @ 718.47
[2026-06-29T15:45:09.047Z] Queued QQQ — queue length: 1
[2026-06-29T15:45:09.047Z] Processing QQQ C...
[2026-06-29T15:45:09.047Z] getConId: requesting contract details for QQQ, reqId 8729
[2026-06-29T15:45:09.263Z] ConId for QQQ: 320227571
[2026-06-29T15:45:10.948Z] Order placed: QQQ C strike:720 exp:20260629
[2026-06-29T15:45:21.916Z] Fill @ $1.11 → TP:$2.55 SL:$0.10
[2026-06-29T15:45:21.919Z] Tracking QQQ_C_720_20260629 for trailing stop (entry $1.11)
[2026-06-29T15:45:23.503Z] IBKR [354]: Requested market data is not subscribed. Check API status by selecting the Account menu then under Management choose Market Data Subscription Manager and/or availability of delayed data.Delayed market data is available.QQQ JUN 29 '26 720 Call (QQQ   260629C00720000) /TOP/ALL
[2026-06-29T15:45:23.503Z] IBKR [10091]: Part of requested market data requires additional subscription for API. See link in 'Market Data Connections' dialog for more details.QQQ NASDAQ.NMS/TOP/ALL
[2026-06-29T16:00:07.375Z] Signal received: buy QQQ call @ 718.92
[2026-06-29T16:00:07.376Z] Queued QQQ — queue length: 1
[2026-06-29T16:00:07.377Z] Processing QQQ C...
[2026-06-29T16:00:07.377Z] getConId: requesting contract details for QQQ, reqId 7636
[2026-06-29T16:00:07.423Z] ConId for QQQ: 320227571
[2026-06-29T16:00:08.673Z] Order placed: QQQ C strike:720 exp:20260629
[2026-06-29T16:00:08.791Z] IBKR [201]: Order rejected - reason:Cannot have open orders on both sides of the same US Option contract.
[2026-06-29T16:00:38.672Z] No fill for 12 after 30s
[2026-06-29T16:10:23.319Z] Time-stop HIT QQQ_C_720_20260629: un-armed after 25.0min — closing at market
[2026-06-29T16:10:23.366Z] IBKR [202]: Order Canceled - reason:
[2026-06-29T16:10:23.706Z] IBKR [202]: Order Canceled - reason:
[2026-06-29T16:15:06.648Z] Signal received: buy QQQ call @ 719.08
[2026-06-29T16:15:06.649Z] Queued QQQ — queue length: 1
[2026-06-29T16:15:06.649Z] Processing QQQ C...
[2026-06-29T16:15:06.649Z] getConId: requesting contract details for QQQ, reqId 6716
[2026-06-29T16:15:06.695Z] ConId for QQQ: 320227571
[2026-06-29T16:15:07.785Z] Order placed: QQQ C strike:720 exp:20260629
[2026-06-29T16:15:08.298Z] Fill @ $1.48 → TP:$3.35 SL:$0.15
[2026-06-29T16:15:08.299Z] Tracking QQQ_C_720_20260629 for trailing stop (entry $1.48)
[2026-06-29T16:15:08.544Z] IBKR [10091]: Part of requested market data requires additional subscription for API. See link in 'Market Data Connections' dialog for more details.QQQ NASDAQ.NMS/TOP/ALL
[2026-06-29T16:15:08.923Z] IBKR [354]: Requested market data is not subscribed. Check API status by selecting the Account menu then under Management choose Market Data Subscription Manager and/or availability of delayed data.Delayed market data is available.QQQ JUN 29 '26 720 Call (QQQ   260629C00720000) /TOP/ALL
[2026-06-29T16:15:08.925Z] IBKR [354]: Requested market data is not subscribed. Check API status by selecting the Account menu then under Management choose Market Data Subscription Manager and/or availability of delayed data.Delayed market data is available.Error&BEST/OPT/Top&BEST/OPT/Top
[2026-06-29T16:40:08.402Z] Time-stop HIT QQQ_C_720_20260629: un-armed after 25.0min — closing at market
[2026-06-29T16:40:08.448Z] IBKR [202]: Order Canceled - reason:
[2026-06-29T16:40:08.504Z] IBKR [10148]: OrderId 18 that needs to be cancelled cannot be cancelled, state: Cancelled.
[2026-06-29T16:40:08.703Z] IBKR [300]: Can't find EId with tickerId:7363
[2026-06-29T16:40:09.391Z] IBKR [202]: Order Canceled - reason:
[2026-06-29T17:15:01.012Z] Signal received: buy IWM call @ 297.92
[2026-06-29T17:15:01.013Z] Queued IWM — queue length: 1
[2026-06-29T17:15:01.013Z] Processing IWM C...
[2026-06-29T17:15:01.013Z] getConId: requesting contract details for IWM, reqId 1513
[2026-06-29T17:15:01.185Z] ConId for IWM: 9579970
[2026-06-29T17:15:01.937Z] Order placed: IWM C strike:300 exp:20260629
[2026-06-29T17:15:02.384Z] Fill @ $0.05 → TP:$0.10 SL:$0.05
[2026-06-29T17:15:02.386Z] Tracking IWM_C_300_20260629 for trailing stop (entry $0.05)
[2026-06-29T17:15:03.642Z] IBKR [354]: Requested market data is not subscribed. Check API status by selecting the Account menu then under Management choose Market Data Subscription Manager and/or availability of delayed data.Delayed market data is available.IWM JUN 29 '26 300 Call (IWM   260629C00300000) /TOP/ALL
[2026-06-29T17:15:03.644Z] IBKR [10091]: Part of requested market data requires additional subscription for API. See link in 'Market Data Connections' dialog for more details.IWM ARCA/TOP/ALL
[2026-06-29T17:15:03.645Z] IBKR [10091]: Part of requested market data requires additional subscription for API. See link in 'Market Data Connections' dialog for more details.IWM ARCA/TOP/ALL
[2026-06-29T17:15:17.864Z] IBKR [202]: Order Canceled - reason:
[2026-06-29T17:30:22.730Z] Signal received: buy IWM call @ 297.53
[2026-06-29T17:30:22.731Z] Queued IWM — queue length: 1
[2026-06-29T17:30:22.731Z] Processing IWM C...
[2026-06-29T17:30:22.731Z] getConId: requesting contract details for IWM, reqId 6715
[2026-06-29T17:30:22.778Z] ConId for IWM: 9579970
[2026-06-29T17:30:23.122Z] Order placed: IWM C strike:300 exp:20260629
[2026-06-29T17:30:23.351Z] Fill @ $0.03 → TP:$0.05 SL:$0.05
[2026-06-29T17:30:23.353Z] Tracking IWM_C_300_20260629 for trailing stop (entry $0.03)
[2026-06-29T17:30:23.759Z] IBKR [354]: Requested market data is not subscribed. Check API status by selecting the Account menu then under Management choose Market Data Subscription Manager and/or availability of delayed data.Delayed market data is available.IWM JUN 29 '26 300 Call (IWM   260629C00300000) /TOP/ALL
[2026-06-29T17:30:23.760Z] IBKR [10091]: Part of requested market data requires additional subscription for API. See link in 'Market Data Connections' dialog for more details.IWM ARCA/TOP/ALL
[2026-06-29T17:30:31.568Z] IBKR [202]: Order Canceled - reason:
[2026-06-29T17:45:07.220Z] Signal received: buy IWM call @ 297.63
[2026-06-29T17:45:07.221Z] Queued IWM — queue length: 1
[2026-06-29T17:45:07.221Z] Processing IWM C...
[2026-06-29T17:45:07.221Z] getConId: requesting contract details for IWM, reqId 7998
[2026-06-29T17:45:07.268Z] ConId for IWM: 9579970
[2026-06-29T17:45:07.657Z] Order placed: IWM C strike:300 exp:20260629
[2026-06-29T17:45:08.571Z] Fill @ $0.03 → TP:$0.05 SL:$0.05
[2026-06-29T17:45:08.572Z] Tracking IWM_C_300_20260629 for trailing stop (entry $0.03)
[2026-06-29T17:45:08.849Z] IBKR [354]: Requested market data is not subscribed. Check API status by selecting the Account menu then under Management choose Market Data Subscription Manager and/or availability of delayed data.Delayed market data is available.IWM JUN 29 '26 300 Call (IWM   260629C00300000) /TOP/ALL
[2026-06-29T17:45:08.849Z] IBKR [10091]: Part of requested market data requires additional subscription for API. See link in 'Market Data Connections' dialog for more details.IWM ARCA/TOP/ALL
[2026-06-29T17:45:14.847Z] IBKR [202]: Order Canceled - reason:
[2026-06-29T18:00:04.942Z] Signal received: buy IWM call @ 297.78
[2026-06-29T18:00:04.943Z] Queued IWM — queue length: 1
[2026-06-29T18:00:04.945Z] Processing IWM C...
[2026-06-29T18:00:04.946Z] getConId: requesting contract details for IWM, reqId 5913
[2026-06-29T18:00:04.994Z] ConId for IWM: 9579970
[2026-06-29T18:00:05.503Z] Order placed: IWM C strike:300 exp:20260629
[2026-06-29T18:00:05.633Z] Fill @ $0.03 → TP:$0.05 SL:$0.05
[2026-06-29T18:00:05.633Z] Tracking IWM_C_300_20260629 for trailing stop (entry $0.03)
[2026-06-29T18:00:08.004Z] IBKR [202]: Order Canceled - reason:
[2026-06-29T18:00:08.917Z] IBKR [354]: Requested market data is not subscribed. Check API status by selecting the Account menu then under Management choose Market Data Subscription Manager and/or availability of delayed data.Delayed market data is available.IWM JUN 29 '26 300 Call (IWM   260629C00300000) /TOP/ALL
[2026-06-29T18:00:08.918Z] IBKR [10091]: Part of requested market data requires additional subscription for API. See link in 'Market Data Connections' dialog for more details.IWM ARCA/TOP/ALL
[2026-06-29T18:25:09.011Z] Time-stop HIT IWM_C_300_20260629: un-armed after 25.1min — closing at market
[2026-06-29T18:25:09.014Z] IBKR [10147]: OrderId 30 that needs to be cancelled is not found.
[2026-06-29T18:25:09.114Z] IBKR [10147]: OrderId 31 that needs to be cancelled is not found.
[2026-06-29T18:25:09.318Z] IBKR [201]: Order rejected - reason:You are not able to submit this order because you do not have trading permissions for this options strategy.
[2026-06-29T19:12:19.265Z] IBKR [354]: Requested market data is not subscribed. Check API status by selecting the Account menu then under Management choose Market Data Subscription Manager and/or availability of delayed data.Delayed market data is available.Error&BEST/OPT/Top&BEST/OPT/Top
[2026-06-29T19:12:53.998Z] IBKR [10197]: No market data during competing live session
[2026-06-29T19:12:53.999Z] IBKR [10197]: No market data during competing live session
[2026-06-29T19:13:23.999Z] IBKR [10197]: No market data during competing live session
[2026-06-29T19:13:24.000Z] IBKR [10197]: No market data during competing live session
[2026-06-29T19:14:50.765Z] IBKR [354]: Requested market data is not subscribed. Check API status by selecting the Account menu then under Management choose Market Data Subscription Manager and/or availability of delayed data.Delayed market data is available.Error&BEST/OPT/Top&BEST/OPT/Top
[2026-06-29T19:14:55.685Z] IBKR [10197]: No market data during competing live session
[2026-06-29T19:15:25.684Z] IBKR [10197]: No market data during competing live session
[2026-06-29T19:15:55.685Z] IBKR [10197]: No market data during competing live session
[2026-06-29T19:16:58.717Z] IBKR [10197]: No market data during competing live session
[2026-06-29T19:17:09.636Z] IBKR [354]: Requested market data is not subscribed. Check API status by selecting the Account menu then under Management choose Market Data Subscription Manager and/or availability of delayed data.Delayed market data is available.Error&BEST/OPT/Top&BEST/OPT/Top
[2026-06-29T19:50:18.253Z] EOD-flatten trigger at 1550 ET
[2026-06-29T19:50:18.264Z] EOD-flatten: no 0DTE option positions to close (exp 20260629)
[2026-06-29T20:43:47.709Z] Server on http://localhost:3000
[2026-06-29T20:43:47.711Z] TP: +128% | SL: -100% | DTE: 0-3
[2026-06-29T20:43:47.711Z] EOD-flatten: ON @1550 ET | Trail: ON arm underlying+0.3% trail25% | Time-stop: ON 60min | MFE-log: ON
[2026-06-29T20:43:47.725Z] Connected to TWS
[2026-06-29T20:44:17.724Z] EOD-flatten trigger at 1644 ET
[2026-06-29T20:44:17.731Z] EOD-flatten: no 0DTE option positions to close (exp 20260629)
[2026-06-30T14:00:10.628Z] Signal received: buy IWM call @ 298.88
[2026-06-30T14:00:10.633Z] Queued IWM — queue length: 1
[2026-06-30T14:00:10.633Z] Processing IWM C...
[2026-06-30T14:00:10.634Z] getConId: requesting contract details for IWM, reqId 5415
[2026-06-30T14:00:18.340Z] Signal received: buy QQQ call @ 731.80
[2026-06-30T14:00:18.341Z] Queued QQQ — queue length: 1
[2026-06-30T14:00:18.635Z] Error processing IWM: ConId timeout
[2026-06-30T14:00:18.635Z] Processing QQQ C...
[2026-06-30T14:00:18.635Z] getConId: requesting contract details for QQQ, reqId 3144
[2026-06-30T14:00:26.635Z] Error processing QQQ: ConId timeout
[2026-06-30T14:15:02.922Z] Signal received: buy TSLA call @ 415.89
[2026-06-30T14:15:02.923Z] Queued TSLA — queue length: 1
[2026-06-30T14:15:02.923Z] Processing TSLA C...
[2026-06-30T14:15:02.923Z] getConId: requesting contract details for TSLA, reqId 8706
[2026-06-30T14:15:03.830Z] Signal received: buy QQQ call @ 731.60
[2026-06-30T14:15:03.831Z] Queued QQQ — queue length: 1
[2026-06-30T14:15:10.923Z] Error processing TSLA: ConId timeout
[2026-06-30T14:15:10.923Z] Processing QQQ C...
[2026-06-30T14:15:10.924Z] getConId: requesting contract details for QQQ, reqId 4122
[2026-06-30T14:15:11.952Z] Signal received: buy IWM call @ 299.59
[2026-06-30T14:15:11.953Z] Queued IWM — queue length: 1
[2026-06-30T14:15:16.326Z] Signal received: buy META put @ 554.94
[2026-06-30T14:15:16.327Z] Queued META — queue length: 2
[2026-06-30T14:15:18.925Z] Error processing QQQ: ConId timeout
[2026-06-30T14:15:18.925Z] Processing IWM C...
[2026-06-30T14:15:18.925Z] getConId: requesting contract details for IWM, reqId 5781
[2026-06-30T14:15:26.925Z] Error processing IWM: ConId timeout
[2026-06-30T14:15:26.926Z] Processing META P...
[2026-06-30T14:15:26.926Z] getConId: requesting contract details for META, reqId 6045
[2026-06-30T14:15:34.926Z] Error processing META: ConId timeout
[2026-06-30T14:26:59.999Z] Server on http://localhost:3000
[2026-06-30T14:27:00.002Z] TP: +128% | SL: -100% | DTE: 0-3
[2026-06-30T14:27:00.002Z] EOD-flatten: ON @1550 ET | Trail: ON arm underlying+0.3% trail25% | Time-stop: ON 60min | MFE-log: ON
[2026-06-30T14:27:00.013Z] Connected to TWS
[2026-06-30T14:30:03.455Z] Signal received: buy IWM call @ 300.01
[2026-06-30T14:30:03.459Z] Queued IWM — queue length: 1
[2026-06-30T14:30:03.460Z] Processing IWM C...
[2026-06-30T14:30:03.460Z] getConId: requesting contract details for IWM, reqId 1321
[2026-06-30T14:30:03.520Z] ConId for IWM: 9579970
[2026-06-30T14:30:04.271Z] Order placed: IWM C strike:300 exp:20260630
[2026-06-30T14:30:05.629Z] Fill @ $0.82 → TP:$1.85 SL:$0.10
[2026-06-30T14:30:05.634Z] Tracking IWM_C_300_20260630 for trailing stop (entry $0.82, underlying 300.01)
[2026-06-30T14:30:10.035Z] IBKR [10089]: Requested market data requires additional subscription for API. See link in 'Market Data Connections' dialog for more details.IWM ARCA/TOP/ALL
[2026-06-30T14:30:10.081Z] IBKR [10168]: Requested market data is not subscribed. Delayed market data is not enabled.
[2026-06-30T14:30:15.382Z] Signal received: buy QQQ call @ 732.98
[2026-06-30T14:30:15.383Z] Queued QQQ — queue length: 1
[2026-06-30T14:30:15.383Z] Processing QQQ C...
[2026-06-30T14:30:15.383Z] getConId: requesting contract details for QQQ, reqId 2480
[2026-06-30T14:30:15.430Z] ConId for QQQ: 320227571
[2026-06-30T14:30:17.219Z] Order placed: QQQ C strike:735 exp:20260630
[2026-06-30T14:30:27.549Z] Fill @ $1.48 → TP:$3.35 SL:$0.15
[2026-06-30T14:30:27.552Z] Tracking QQQ_C_735_20260630 for trailing stop (entry $1.48, underlying 732.98)
[2026-06-30T14:30:30.033Z] IBKR [10089]: Requested market data requires additional subscription for API. See link in 'Market Data Connections' dialog for more details.QQQ NASDAQ.NMS/TOP/ALL
[2026-06-30T14:30:30.176Z] IBKR [10168]: Requested market data is not subscribed. Delayed market data is not enabled.
[2026-06-30T14:45:03.165Z] Signal received: buy IWM call @ 299.67
[2026-06-30T14:45:03.165Z] Queued IWM — queue length: 1
[2026-06-30T14:45:03.166Z] Processing IWM C...
[2026-06-30T14:45:03.166Z] getConId: requesting contract details for IWM, reqId 4557
[2026-06-30T14:45:03.214Z] ConId for IWM: 9579970
[2026-06-30T14:45:03.696Z] Order placed: IWM C strike:300 exp:20260630
[2026-06-30T14:45:03.862Z] IBKR [201]: Order rejected - reason:Cannot have open orders on both sides of the same US Option contract.
[2026-06-30T14:45:13.506Z] Signal received: buy QQQ call @ 733.08
[2026-06-30T14:45:13.507Z] Queued QQQ — queue length: 1
[2026-06-30T14:45:13.507Z] Processing QQQ C...
[2026-06-30T14:45:13.507Z] getConId: requesting contract details for QQQ, reqId 3274
[2026-06-30T14:45:13.554Z] ConId for QQQ: 320227571
[2026-06-30T14:45:15.023Z] Order placed: QQQ C strike:735 exp:20260630
[2026-06-30T14:45:15.133Z] IBKR [201]: Order rejected - reason:Cannot have open orders on both sides of the same US Option contract.
[2026-06-30T14:45:33.696Z] No fill for 7 after 30s
[2026-06-30T14:45:45.023Z] No fill for 10 after 30s
[2026-06-30T15:15:00.764Z] Signal received: buy SPY call @ 744.81
[2026-06-30T15:15:00.764Z] Queued SPY — queue length: 1
[2026-06-30T15:15:00.765Z] Processing SPY C...
[2026-06-30T15:15:00.765Z] getConId: requesting contract details for SPY, reqId 3847
[2026-06-30T15:15:00.811Z] ConId for SPY: 756733
[2026-06-30T15:15:03.156Z] Order placed: SPY C strike:745 exp:20260630
[2026-06-30T15:15:03.802Z] Fill @ $1.14 → TP:$2.60 SL:$0.10
[2026-06-30T15:15:03.803Z] Tracking SPY_C_745_20260630 for trailing stop (entry $1.14, underlying 744.81)
[2026-06-30T15:15:05.219Z] IBKR [10089]: Requested market data requires additional subscription for API. See link in 'Market Data Connections' dialog for more details.SPY ARCA/TOP/ALL
[2026-06-30T15:15:05.270Z] IBKR [10168]: Requested market data is not subscribed. Delayed market data is not enabled.
[2026-06-30T15:30:10.280Z] Time-stop HIT IWM_C_300_20260630: un-armed after 60.1min — closing at market
[2026-06-30T15:30:10.350Z] IBKR [202]: Order Canceled - reason:
[2026-06-30T15:30:10.376Z] IBKR [202]: Order Canceled - reason:
[2026-06-30T15:30:10.613Z] IBKR [300]: Can't find EId with tickerId:5802
[2026-06-30T15:30:10.622Z] IBKR [300]: Can't find EId with tickerId:24089
[2026-06-30T15:30:17.036Z] Signal received: buy SPY call @ 745.27
[2026-06-30T15:30:17.037Z] Queued SPY — queue length: 1
[2026-06-30T15:30:17.037Z] Processing SPY C...
[2026-06-30T15:30:17.037Z] getConId: requesting contract details for SPY, reqId 2303
[2026-06-30T15:30:17.083Z] ConId for SPY: 756733
[2026-06-30T15:30:18.489Z] Order placed: SPY C strike:745 exp:20260630
[2026-06-30T15:30:18.594Z] IBKR [201]: Order rejected - reason:Cannot have open orders on both sides of the same US Option contract.
[2026-06-30T15:30:30.281Z] Time-stop HIT QQQ_C_735_20260630: un-armed after 60.0min — closing at market
[2026-06-30T15:30:30.329Z] IBKR [202]: Order Canceled - reason:
[2026-06-30T15:30:30.523Z] IBKR [300]: Can't find EId with tickerId:5014
[2026-06-30T15:30:30.623Z] IBKR [300]: Can't find EId with tickerId:24247
[2026-06-30T15:30:31.166Z] IBKR [202]: Order Canceled - reason:
[2026-06-30T15:30:48.487Z] No fill for 17 after 30s
[2026-06-30T15:45:01.747Z] Signal received: buy SPY call @ 745.02
[2026-06-30T15:45:01.748Z] Queued SPY — queue length: 1
[2026-06-30T15:45:01.748Z] Processing SPY C...
[2026-06-30T15:45:01.748Z] getConId: requesting contract details for SPY, reqId 3730
[2026-06-30T15:45:01.795Z] ConId for SPY: 756733
[2026-06-30T15:45:03.745Z] Order placed: SPY C strike:745 exp:20260630
[2026-06-30T15:45:03.852Z] IBKR [201]: Order rejected - reason:Cannot have open orders on both sides of the same US Option contract.
[2026-06-30T15:45:33.745Z] No fill for 21 after 30s
[2026-06-30T16:00:13.324Z] Signal received: buy SPY call @ 745.79
[2026-06-30T16:00:13.325Z] Queued SPY — queue length: 1
[2026-06-30T16:00:13.325Z] Processing SPY C...
[2026-06-30T16:00:13.325Z] getConId: requesting contract details for SPY, reqId 4452
[2026-06-30T16:00:13.371Z] ConId for SPY: 756733
[2026-06-30T16:00:15.151Z] Order placed: SPY C strike:745 exp:20260630
[2026-06-30T16:00:15.396Z] IBKR [201]: Order rejected - reason:Cannot have open orders on both sides of the same US Option contract.
[2026-06-30T16:00:45.151Z] No fill for 24 after 30s
[2026-06-30T16:15:05.442Z] Time-stop HIT SPY_C_745_20260630: un-armed after 60.0min — closing at market
[2026-06-30T16:15:05.489Z] IBKR [202]: Order Canceled - reason:
[2026-06-30T16:15:05.530Z] IBKR [202]: Order Canceled - reason:
[2026-06-30T16:15:05.684Z] IBKR [300]: Can't find EId with tickerId:8367
[2026-06-30T16:15:05.784Z] IBKR [300]: Can't find EId with tickerId:23610
[2026-06-30T19:50:00.302Z] EOD-flatten trigger at 1550 ET
[2026-06-30T19:50:00.314Z] EOD-flatten: no 0DTE option positions to close (exp 20260630)
[2026-07-01T03:22:45.392Z] Signal received: SELL undefined undefined @ undefined
[2026-07-01T03:22:45.394Z] Skipped: action is SELL
[2026-07-01T03:22:46.411Z] Signal received: buy undefined undefined @ undefined
[2026-07-01T03:22:46.412Z] Queued undefined — queue length: 1
[2026-07-01T03:22:46.412Z] Processing undefined C...
[2026-07-01T03:22:46.412Z] getConId: requesting contract details for undefined, reqId 6334
[2026-07-01T03:22:54.412Z] Error processing undefined: ConId timeout
[2026-07-01T03:25:04.141Z] Signal received: sell undefined undefined @ 52477
[2026-07-01T03:25:04.142Z] Skipped: action is sell
[2026-07-01T03:25:04.709Z] Signal received: SELL undefined undefined @ undefined
[2026-07-01T03:25:04.710Z] Skipped: action is SELL
[2026-07-01T03:25:04.747Z] Signal received: buy undefined undefined @ undefined
[2026-07-01T03:25:04.748Z] Queued undefined — queue length: 1
[2026-07-01T03:25:04.748Z] Processing undefined C...
[2026-07-01T03:25:04.749Z] getConId: requesting contract details for undefined, reqId 5733
[2026-07-01T03:25:04.777Z] Signal received: sell undefined undefined @ 52477
[2026-07-01T03:25:04.778Z] Skipped: action is sell
[2026-07-01T03:25:12.750Z] Error processing undefined: ConId timeout
[2026-07-01T03:26:21.353Z] Signal received: SELL undefined undefined @ undefined
[2026-07-01T03:26:21.354Z] Skipped: action is SELL
[2026-07-01T03:26:21.603Z] Signal received: buy undefined undefined @ undefined
[2026-07-01T03:26:21.604Z] Queued undefined — queue length: 1
[2026-07-01T03:26:21.604Z] Processing undefined C...
[2026-07-01T03:26:21.604Z] getConId: requesting contract details for undefined, reqId 7989
[2026-07-01T03:26:29.604Z] Error processing undefined: ConId timeout
[2026-07-01T03:30:02.995Z] Signal received: sell undefined undefined @ 52472
[2026-07-01T03:30:02.996Z] Skipped: action is sell
[2026-07-01T03:30:03.584Z] Signal received: sell undefined undefined @ 52472
[2026-07-01T03:30:03.585Z] Skipped: action is sell
[2026-07-01T03:30:03.674Z] Signal received: buy undefined undefined @ undefined
[2026-07-01T03:30:03.675Z] Queued undefined — queue length: 1
[2026-07-01T03:30:03.675Z] Processing undefined C...
[2026-07-01T03:30:03.675Z] getConId: requesting contract details for undefined, reqId 8981
[2026-07-01T03:30:04.019Z] Signal received: SELL undefined undefined @ undefined
[2026-07-01T03:30:04.020Z] Skipped: action is SELL
[2026-07-01T03:30:11.674Z] Error processing undefined: ConId timeout
[2026-07-01T03:32:25.270Z] Signal received: buy undefined undefined @ undefined
[2026-07-01T03:32:25.271Z] Queued undefined — queue length: 1
[2026-07-01T03:32:25.271Z] Processing undefined C...
[2026-07-01T03:32:25.271Z] getConId: requesting contract details for undefined, reqId 3451
[2026-07-01T03:32:25.358Z] Signal received: SELL undefined undefined @ undefined
[2026-07-01T03:32:25.359Z] Skipped: action is SELL
[2026-07-01T03:32:30.192Z] Signal received: SELL undefined undefined @ undefined
[2026-07-01T03:32:30.193Z] Skipped: action is SELL
[2026-07-01T03:32:31.323Z] Signal received: buy undefined undefined @ undefined
[2026-07-01T03:32:31.324Z] Queued undefined — queue length: 1
[2026-07-01T03:32:33.271Z] Error processing undefined: ConId timeout
[2026-07-01T03:32:33.272Z] Processing undefined C...
[2026-07-01T03:32:33.272Z] getConId: requesting contract details for undefined, reqId 6315
[2026-07-01T03:32:41.273Z] Error processing undefined: ConId timeout
[2026-07-01T05:05:00.436Z] Signal received: sell undefined undefined @ 30445.25
[2026-07-01T05:05:00.436Z] Skipped: action is sell
[2026-07-01T05:05:00.472Z] Signal received: sell  undefined undefined @ undefined
[2026-07-01T05:05:00.473Z] Skipped: action is sell 
[2026-07-01T05:05:00.492Z] Signal received: sell undefined undefined @ 30445.25
[2026-07-01T05:05:00.492Z] Skipped: action is sell
[2026-07-01T05:05:00.521Z] Signal received: buy undefined undefined @ undefined
[2026-07-01T05:05:00.522Z] Queued undefined — queue length: 1
[2026-07-01T05:05:00.522Z] Processing undefined C...
[2026-07-01T05:05:00.522Z] getConId: requesting contract details for undefined, reqId 1681
[2026-07-01T05:05:03.996Z] Signal received: buy undefined undefined @ undefined
[2026-07-01T05:05:03.997Z] Queued undefined — queue length: 1
[2026-07-01T05:05:04.016Z] Signal received: sell undefined undefined @ 7530.25
[2026-07-01T05:05:04.017Z] Skipped: action is sell
[2026-07-01T05:05:04.036Z] Signal received: sell undefined undefined @ undefined
[2026-07-01T05:05:04.037Z] Skipped: action is sell
[2026-07-01T05:05:08.522Z] Error processing undefined: ConId timeout
[2026-07-01T05:05:08.523Z] Processing undefined C...
[2026-07-01T05:05:08.523Z] getConId: requesting contract details for undefined, reqId 6435
[2026-07-01T05:05:16.524Z] Error processing undefined: ConId timeout
[2026-07-01T05:11:51.150Z] Signal received: buy undefined undefined @ undefined
[2026-07-01T05:11:51.151Z] Queued undefined — queue length: 1
[2026-07-01T05:11:51.151Z] Processing undefined C...
[2026-07-01T05:11:51.151Z] getConId: requesting contract details for undefined, reqId 6710
[2026-07-01T05:11:52.005Z] Signal received: sell  undefined undefined @ undefined
[2026-07-01T05:11:52.006Z] Skipped: action is sell 
[2026-07-01T05:11:59.151Z] Error processing undefined: ConId timeout
[2026-07-01T05:15:00.962Z] Signal received: sell  undefined undefined @ undefined
[2026-07-01T05:15:00.963Z] Skipped: action is sell 
[2026-07-01T05:15:01.004Z] Signal received: sell undefined undefined @ 30445.25
[2026-07-01T05:15:01.005Z] Skipped: action is sell
[2026-07-01T05:15:01.092Z] Signal received: sell undefined undefined @ 30445.25
[2026-07-01T05:15:01.093Z] Skipped: action is sell
[2026-07-01T05:15:01.166Z] Signal received: buy undefined undefined @ undefined
[2026-07-01T05:15:01.166Z] Queued undefined — queue length: 1
[2026-07-01T05:15:01.167Z] Processing undefined C...
[2026-07-01T05:15:01.167Z] getConId: requesting contract details for undefined, reqId 3719
[2026-07-01T05:15:09.167Z] Error processing undefined: ConId timeout
[2026-07-01T05:20:59.515Z] Signal received: sell  undefined undefined @ undefined
[2026-07-01T05:20:59.516Z] Skipped: action is sell 
[2026-07-01T05:21:02.050Z] Signal received: buy undefined undefined @ undefined
[2026-07-01T05:21:02.051Z] Queued undefined — queue length: 1
[2026-07-01T05:21:02.051Z] Processing undefined C...
[2026-07-01T05:21:02.051Z] getConId: requesting contract details for undefined, reqId 2757
[2026-07-01T05:21:10.052Z] Error processing undefined: ConId timeout
[2026-07-01T05:21:33.592Z] Signal received: buy undefined undefined @ undefined
[2026-07-01T05:21:33.593Z] Queued undefined — queue length: 1
[2026-07-01T05:21:33.594Z] Processing undefined C...
[2026-07-01T05:21:33.594Z] getConId: requesting contract details for undefined, reqId 4995
[2026-07-01T05:21:34.661Z] Signal received: sell undefined undefined @ undefined
[2026-07-01T05:21:34.662Z] Skipped: action is sell
[2026-07-01T05:21:41.594Z] Error processing undefined: ConId timeout
[2026-07-01T05:25:01.046Z] Signal received: sell undefined undefined @ 30440.75
[2026-07-01T05:25:01.047Z] Skipped: action is sell
[2026-07-01T05:25:01.065Z] Signal received: sell undefined undefined @ undefined
[2026-07-01T05:25:01.066Z] Skipped: action is sell
[2026-07-01T05:25:01.179Z] Signal received: sell  undefined undefined @ undefined
[2026-07-01T05:25:01.180Z] Skipped: action is sell 
[2026-07-01T05:25:01.181Z] Signal received: buy undefined undefined @ undefined
[2026-07-01T05:25:01.182Z] Queued undefined — queue length: 1
[2026-07-01T05:25:01.182Z] Processing undefined C...
[2026-07-01T05:25:01.182Z] getConId: requesting contract details for undefined, reqId 2584
[2026-07-01T05:25:01.199Z] Signal received: sell undefined undefined @ 30440.75
[2026-07-01T05:25:01.200Z] Skipped: action is sell
[2026-07-01T05:25:01.232Z] Signal received: sell undefined undefined @ 7529.75
[2026-07-01T05:25:01.233Z] Skipped: action is sell
[2026-07-01T05:25:01.647Z] Signal received: buy undefined undefined @ undefined
[2026-07-01T05:25:01.648Z] Queued undefined — queue length: 1
[2026-07-01T05:25:09.182Z] Error processing undefined: ConId timeout
[2026-07-01T05:25:09.183Z] Processing undefined C...
[2026-07-01T05:25:09.183Z] getConId: requesting contract details for undefined, reqId 6858
[2026-07-01T05:25:13.610Z] Signal received: buy undefined undefined @ undefined
[2026-07-01T05:25:13.611Z] Queued undefined — queue length: 1
[2026-07-01T05:25:14.661Z] Signal received: sell undefined undefined @ undefined
[2026-07-01T05:25:14.661Z] Skipped: action is sell
[2026-07-01T05:25:17.184Z] Error processing undefined: ConId timeout
[2026-07-01T05:25:17.184Z] Processing undefined C...
[2026-07-01T05:25:17.184Z] getConId: requesting contract details for undefined, reqId 6961
[2026-07-01T05:25:25.184Z] Error processing undefined: ConId timeout
[2026-07-01T05:26:44.517Z] Signal received: sell  undefined undefined @ undefined
[2026-07-01T05:26:44.517Z] Skipped: action is sell 
[2026-07-01T05:26:46.113Z] Signal received: buy undefined undefined @ undefined
[2026-07-01T05:26:46.113Z] Queued undefined — queue length: 1
[2026-07-01T05:26:46.114Z] Processing undefined C...
[2026-07-01T05:26:46.114Z] getConId: requesting contract details for undefined, reqId 1480
[2026-07-01T05:26:54.114Z] Error processing undefined: ConId timeout
[2026-07-01T05:30:00.616Z] Signal received: sell  undefined undefined @ undefined
[2026-07-01T05:30:00.616Z] Skipped: action is sell 
[2026-07-01T05:30:00.655Z] Signal received: buy undefined undefined @ undefined
[2026-07-01T05:30:00.655Z] Queued undefined — queue length: 1
[2026-07-01T05:30:00.656Z] Processing undefined C...
[2026-07-01T05:30:00.656Z] getConId: requesting contract details for undefined, reqId 2330
[2026-07-01T05:30:00.680Z] Signal received: sell undefined undefined @ 30436.5
[2026-07-01T05:30:00.681Z] Skipped: action is sell
[2026-07-01T05:30:02.108Z] Signal received: sell undefined undefined @ 30436.5
[2026-07-01T05:30:02.109Z] Skipped: action is sell
[2026-07-01T05:30:07.741Z] Signal received: sell undefined undefined @ 7528.25
[2026-07-01T05:30:07.741Z] Skipped: action is sell
[2026-07-01T05:30:07.764Z] Signal received: buy undefined undefined @ undefined
[2026-07-01T05:30:07.765Z] Queued undefined — queue length: 1
[2026-07-01T05:30:07.784Z] Signal received: sell undefined undefined @ undefined
[2026-07-01T05:30:07.785Z] Skipped: action is sell
[2026-07-01T05:30:08.657Z] Error processing undefined: ConId timeout
[2026-07-01T05:30:08.657Z] Processing undefined C...
[2026-07-01T05:30:08.657Z] getConId: requesting contract details for undefined, reqId 2908
[2026-07-01T05:30:16.657Z] Error processing undefined: ConId timeout
[2026-07-01T05:34:44.471Z] Signal received: sell  undefined undefined @ undefined
[2026-07-01T05:34:44.472Z] Skipped: action is sell 
[2026-07-01T05:34:46.114Z] Signal received: buy undefined undefined @ undefined
[2026-07-01T05:34:46.115Z] Queued undefined — queue length: 1
[2026-07-01T05:34:46.115Z] Processing undefined C...
[2026-07-01T05:34:46.115Z] getConId: requesting contract details for undefined, reqId 6497
[2026-07-01T05:34:54.115Z] Error processing undefined: ConId timeout
[2026-07-01T05:35:00.489Z] Signal received: sell undefined undefined @ 30435.25
[2026-07-01T05:35:00.489Z] Skipped: action is sell
[2026-07-01T05:35:00.536Z] Signal received: buy undefined undefined @ undefined
[2026-07-01T05:35:00.537Z] Queued undefined — queue length: 1
[2026-07-01T05:35:00.537Z] Processing undefined C...
[2026-07-01T05:35:00.537Z] getConId: requesting contract details for undefined, reqId 3054
[2026-07-01T05:35:00.573Z] Signal received: sell undefined undefined @ 30435.25
[2026-07-01T05:35:00.574Z] Skipped: action is sell
[2026-07-01T05:35:00.611Z] Signal received: sell  undefined undefined @ undefined
[2026-07-01T05:35:00.612Z] Skipped: action is sell 
[2026-07-01T05:35:08.537Z] Error processing undefined: ConId timeout
[2026-07-01T05:36:13.628Z] Signal received: buy undefined undefined @ undefined
[2026-07-01T05:36:13.629Z] Queued undefined — queue length: 1
[2026-07-01T05:36:13.629Z] Processing undefined C...
[2026-07-01T05:36:13.629Z] getConId: requesting contract details for undefined, reqId 1342
[2026-07-01T05:36:14.463Z] Signal received: sell  undefined undefined @ undefined
[2026-07-01T05:36:14.464Z] Skipped: action is sell 
[2026-07-01T05:36:21.629Z] Error processing undefined: ConId timeout
[2026-07-01T05:37:21.098Z] Signal received: buy undefined undefined @ undefined
[2026-07-01T05:37:21.099Z] Queued undefined — queue length: 1
[2026-07-01T05:37:21.099Z] Processing undefined C...
[2026-07-01T05:37:21.099Z] getConId: requesting contract details for undefined, reqId 8873
[2026-07-01T05:37:22.154Z] Signal received: sell undefined undefined @ undefined
[2026-07-01T05:37:22.155Z] Skipped: action is sell
[2026-07-01T05:37:29.099Z] Error processing undefined: ConId timeout
[2026-07-01T05:40:00.525Z] Signal received: sell  undefined undefined @ undefined
[2026-07-01T05:40:00.526Z] Skipped: action is sell 
[2026-07-01T05:40:00.555Z] Signal received: sell undefined undefined @ 30435.25
[2026-07-01T05:40:00.556Z] Skipped: action is sell
[2026-07-01T05:40:00.905Z] Signal received: buy undefined undefined @ undefined
[2026-07-01T05:40:00.905Z] Queued undefined — queue length: 1
[2026-07-01T05:40:00.906Z] Processing undefined C...
[2026-07-01T05:40:00.906Z] getConId: requesting contract details for undefined, reqId 3354
[2026-07-01T05:40:00.972Z] Signal received: sell undefined undefined @ 30435.25
[2026-07-01T05:40:00.973Z] Skipped: action is sell
[2026-07-01T05:40:01.310Z] Signal received: sell undefined undefined @ 7528.5
[2026-07-01T05:40:01.311Z] Skipped: action is sell
[2026-07-01T05:40:01.731Z] Signal received: sell undefined undefined @ undefined
[2026-07-01T05:40:01.733Z] Skipped: action is sell
[2026-07-01T05:40:01.878Z] Signal received: buy undefined undefined @ undefined
[2026-07-01T05:40:01.880Z] Queued undefined — queue length: 1
[2026-07-01T05:40:08.907Z] Error processing undefined: ConId timeout
[2026-07-01T05:40:08.907Z] Processing undefined C...
[2026-07-01T05:40:08.907Z] getConId: requesting contract details for undefined, reqId 6576
[2026-07-01T05:40:16.908Z] Error processing undefined: ConId timeout
[2026-07-01T05:44:21.994Z] Signal received: sell  undefined undefined @ undefined
[2026-07-01T05:44:21.994Z] Skipped: action is sell 
[2026-07-01T05:44:23.591Z] Signal received: buy undefined undefined @ undefined
[2026-07-01T05:44:23.592Z] Queued undefined — queue length: 1
[2026-07-01T05:44:23.592Z] Processing undefined C...
[2026-07-01T05:44:23.592Z] getConId: requesting contract details for undefined, reqId 7645
[2026-07-01T05:44:31.593Z] Error processing undefined: ConId timeout
[2026-07-01T05:45:00.502Z] Signal received: sell undefined undefined @ 30435.75
[2026-07-01T05:45:00.503Z] Skipped: action is sell
[2026-07-01T05:45:00.537Z] Signal received: buy undefined undefined @ undefined
[2026-07-01T05:45:00.538Z] Queued undefined — queue length: 1
[2026-07-01T05:45:00.538Z] Processing undefined C...
[2026-07-01T05:45:00.538Z] getConId: requesting contract details for undefined, reqId 1443
[2026-07-01T05:45:01.509Z] Signal received: sell  undefined undefined @ undefined
[2026-07-01T05:45:01.510Z] Skipped: action is sell 
[2026-07-01T05:45:01.905Z] Signal received: sell undefined undefined @ 30435.75
[2026-07-01T05:45:01.905Z] Skipped: action is sell
[2026-07-01T05:45:08.538Z] Error processing undefined: ConId timeout
[2026-07-01T05:45:46.979Z] Signal received: sell  undefined undefined @ undefined
[2026-07-01T05:45:46.980Z] Skipped: action is sell 
[2026-07-01T05:45:48.606Z] Signal received: buy undefined undefined @ undefined
[2026-07-01T05:45:48.607Z] Queued undefined — queue length: 1
[2026-07-01T05:45:48.607Z] Processing undefined C...
[2026-07-01T05:45:48.607Z] getConId: requesting contract details for undefined, reqId 7921
[2026-07-01T05:45:56.607Z] Error processing undefined: ConId timeout
[2026-07-01T05:46:13.591Z] Signal received: buy undefined undefined @ undefined
[2026-07-01T05:46:13.592Z] Queued undefined — queue length: 1
[2026-07-01T05:46:13.592Z] Processing undefined C...
[2026-07-01T05:46:13.592Z] getConId: requesting contract details for undefined, reqId 6723
[2026-07-01T05:46:14.664Z] Signal received: sell undefined undefined @ undefined
[2026-07-01T05:46:14.664Z] Skipped: action is sell
[2026-07-01T05:46:21.592Z] Error processing undefined: ConId timeout
[2026-07-01T05:50:00.419Z] Signal received: sell  undefined undefined @ undefined
[2026-07-01T05:50:00.419Z] Skipped: action is sell 
[2026-07-01T05:50:00.438Z] Signal received: sell undefined undefined @ 7526.25
[2026-07-01T05:50:00.438Z] Skipped: action is sell
[2026-07-01T05:50:00.443Z] Signal received: sell undefined undefined @ undefined
[2026-07-01T05:50:00.443Z] Skipped: action is sell
[2026-07-01T05:50:00.553Z] Signal received: sell undefined undefined @ 30425.75
[2026-07-01T05:50:00.553Z] Skipped: action is sell
[2026-07-01T05:50:00.613Z] Signal received: buy undefined undefined @ undefined
[2026-07-01T05:50:00.613Z] Queued undefined — queue length: 1
[2026-07-01T05:50:00.613Z] Processing undefined C...
[2026-07-01T05:50:00.613Z] getConId: requesting contract details for undefined, reqId 5282
[2026-07-01T05:50:00.631Z] Signal received: sell undefined undefined @ 30425.75
[2026-07-01T05:50:00.631Z] Skipped: action is sell
[2026-07-01T05:50:00.669Z] Signal received: buy undefined undefined @ undefined
[2026-07-01T05:50:00.669Z] Queued undefined — queue length: 1
[2026-07-01T05:50:08.613Z] Error processing undefined: ConId timeout
[2026-07-01T05:50:08.614Z] Processing undefined C...
[2026-07-01T05:50:08.614Z] getConId: requesting contract details for undefined, reqId 4927
[2026-07-01T05:50:16.614Z] Error processing undefined: ConId timeout
[2026-07-01T06:02:43.622Z] Signal received: buy undefined undefined @ undefined
[2026-07-01T06:02:43.622Z] Queued undefined — queue length: 1
[2026-07-01T06:02:43.623Z] Processing undefined C...
[2026-07-01T06:02:43.623Z] getConId: requesting contract details for undefined, reqId 1459
[2026-07-01T06:02:44.493Z] Signal received: sell  undefined undefined @ undefined
[2026-07-01T06:02:44.494Z] Skipped: action is sell 
[2026-07-01T06:02:51.622Z] Error processing undefined: ConId timeout
[2026-07-01T06:03:34.642Z] Signal received: sell undefined undefined @ undefined
[2026-07-01T06:03:34.643Z] Skipped: action is sell
[2026-07-01T06:03:36.085Z] Signal received: buy undefined undefined @ undefined
[2026-07-01T06:03:36.086Z] Queued undefined — queue length: 1
[2026-07-01T06:03:36.086Z] Processing undefined C...
[2026-07-01T06:03:36.087Z] getConId: requesting contract details for undefined, reqId 1591
[2026-07-01T06:03:44.087Z] Error processing undefined: ConId timeout
[2026-07-01T06:05:00.563Z] Signal received: sell undefined undefined @ 30416
[2026-07-01T06:05:00.564Z] Skipped: action is sell
[2026-07-01T06:05:00.582Z] Signal received: sell  undefined undefined @ undefined
[2026-07-01T06:05:00.583Z] Skipped: action is sell 
[2026-07-01T06:05:00.621Z] Signal received: sell undefined undefined @ 30416
[2026-07-01T06:05:00.622Z] Skipped: action is sell
[2026-07-01T06:05:00.734Z] Signal received: sell undefined undefined @ undefined
[2026-07-01T06:05:00.735Z] Skipped: action is sell
[2026-07-01T06:05:00.754Z] Signal received: buy undefined undefined @ undefined
[2026-07-01T06:05:00.755Z] Queued undefined — queue length: 1
[2026-07-01T06:05:00.755Z] Processing undefined C...
[2026-07-01T06:05:00.755Z] getConId: requesting contract details for undefined, reqId 6444
[2026-07-01T06:05:00.864Z] Signal received: sell undefined undefined @ 7525.75
[2026-07-01T06:05:00.865Z] Skipped: action is sell
[2026-07-01T06:05:01.255Z] Signal received: buy undefined undefined @ undefined
[2026-07-01T06:05:01.256Z] Queued undefined — queue length: 1
[2026-07-01T06:05:08.755Z] Error processing undefined: ConId timeout
[2026-07-01T06:05:08.756Z] Processing undefined C...
[2026-07-01T06:05:08.756Z] getConId: requesting contract details for undefined, reqId 6027
[2026-07-01T06:05:16.757Z] Error processing undefined: ConId timeout
[2026-07-01T06:12:44.467Z] Signal received: sell  undefined undefined @ undefined
[2026-07-01T06:12:44.468Z] Skipped: action is sell 
[2026-07-01T06:12:46.106Z] Signal received: buy undefined undefined @ undefined
[2026-07-01T06:12:46.106Z] Queued undefined — queue length: 1
[2026-07-01T06:12:46.106Z] Processing undefined C...
[2026-07-01T06:12:46.107Z] getConId: requesting contract details for undefined, reqId 1185
[2026-07-01T06:12:54.107Z] Error processing undefined: ConId timeout
[2026-07-01T06:15:00.768Z] Signal received: sell undefined undefined @ 30408.25
[2026-07-01T06:15:00.769Z] Skipped: action is sell
[2026-07-01T06:15:01.008Z] Signal received: buy undefined undefined @ undefined
[2026-07-01T06:15:01.009Z] Queued undefined — queue length: 1
[2026-07-01T06:15:01.009Z] Processing undefined C...
[2026-07-01T06:15:01.009Z] getConId: requesting contract details for undefined, reqId 7028
[2026-07-01T06:15:01.043Z] Signal received: sell  undefined undefined @ undefined
[2026-07-01T06:15:01.043Z] Skipped: action is sell 
[2026-07-01T06:15:01.290Z] Signal received: sell undefined undefined @ 30408.25
[2026-07-01T06:15:01.291Z] Skipped: action is sell
[2026-07-01T06:15:09.010Z] Error processing undefined: ConId timeout
[2026-07-01T06:15:53.610Z] Signal received: buy undefined undefined @ undefined
[2026-07-01T06:15:53.610Z] Queued undefined — queue length: 1
[2026-07-01T06:15:53.610Z] Processing undefined C...
[2026-07-01T06:15:53.611Z] getConId: requesting contract details for undefined, reqId 7085
[2026-07-01T06:15:54.492Z] Signal received: sell  undefined undefined @ undefined
[2026-07-01T06:15:54.492Z] Skipped: action is sell 
[2026-07-01T06:16:01.611Z] Error processing undefined: ConId timeout
[2026-07-01T06:20:00.647Z] Signal received: sell undefined undefined @ 30392.25
[2026-07-01T06:20:00.648Z] Skipped: action is sell
[2026-07-01T06:20:00.673Z] Signal received: buy undefined undefined @ undefined
[2026-07-01T06:20:00.674Z] Queued undefined — queue length: 1
[2026-07-01T06:20:00.674Z] Processing undefined C...
[2026-07-01T06:20:00.675Z] getConId: requesting contract details for undefined, reqId 2762
[2026-07-01T06:20:01.271Z] Signal received: sell undefined undefined @ 30392.25
[2026-07-01T06:20:01.272Z] Skipped: action is sell
[2026-07-01T06:20:01.426Z] Signal received: sell  undefined undefined @ undefined
[2026-07-01T06:20:01.426Z] Skipped: action is sell 
[2026-07-01T06:20:08.675Z] Error processing undefined: ConId timeout
[2026-07-01T06:23:19.517Z] Signal received: sell  undefined undefined @ undefined
[2026-07-01T06:23:19.518Z] Skipped: action is sell 
[2026-07-01T06:23:21.144Z] Signal received: buy undefined undefined @ undefined
[2026-07-01T06:23:21.144Z] Queued undefined — queue length: 1
[2026-07-01T06:23:21.144Z] Processing undefined C...
[2026-07-01T06:23:21.145Z] getConId: requesting contract details for undefined, reqId 7333
[2026-07-01T06:23:29.144Z] Error processing undefined: ConId timeout
[2026-07-01T06:25:00.644Z] Signal received: buy undefined undefined @ undefined
[2026-07-01T06:25:00.645Z] Queued undefined — queue length: 1
[2026-07-01T06:25:00.645Z] Processing undefined C...
[2026-07-01T06:25:00.645Z] getConId: requesting contract details for undefined, reqId 3127
[2026-07-01T06:25:00.664Z] Signal received: sell undefined undefined @ 30382
[2026-07-01T06:25:00.664Z] Skipped: action is sell
[2026-07-01T06:25:00.665Z] Signal received: sell undefined undefined @ 30382
[2026-07-01T06:25:00.665Z] Skipped: action is sell
[2026-07-01T06:25:00.892Z] Signal received: sell  undefined undefined @ undefined
[2026-07-01T06:25:00.893Z] Skipped: action is sell 
[2026-07-01T06:25:08.646Z] Error processing undefined: ConId timeout
[2026-07-01T06:25:16.092Z] Signal received: buy undefined undefined @ undefined
[2026-07-01T06:25:16.093Z] Queued undefined — queue length: 1
[2026-07-01T06:25:16.093Z] Processing undefined C...
[2026-07-01T06:25:16.093Z] getConId: requesting contract details for undefined, reqId 5716
[2026-07-01T06:25:17.015Z] Signal received: sell  undefined undefined @ undefined
[2026-07-01T06:25:17.016Z] Skipped: action is sell 
[2026-07-01T06:25:17.142Z] Signal received: sell undefined undefined @ undefined
[2026-07-01T06:25:17.142Z] Skipped: action is sell
[2026-07-01T06:25:18.568Z] Signal received: buy undefined undefined @ undefined
[2026-07-01T06:25:18.569Z] Queued undefined — queue length: 1
[2026-07-01T06:25:24.093Z] Error processing undefined: ConId timeout
[2026-07-01T06:25:24.093Z] Processing undefined C...
[2026-07-01T06:25:24.094Z] getConId: requesting contract details for undefined, reqId 1243
[2026-07-01T06:25:32.094Z] Error processing undefined: ConId timeout
[2026-07-01T06:30:00.686Z] Signal received: sell undefined undefined @ 30395.5
[2026-07-01T06:30:00.686Z] Skipped: action is sell
[2026-07-01T06:30:00.762Z] Signal received: buy undefined undefined @ undefined
[2026-07-01T06:30:00.763Z] Queued undefined — queue length: 1
[2026-07-01T06:30:00.763Z] Processing undefined C...
[2026-07-01T06:30:00.763Z] getConId: requesting contract details for undefined, reqId 4344
[2026-07-01T06:30:01.517Z] Signal received: buy undefined undefined @ undefined
[2026-07-01T06:30:01.518Z] Queued undefined — queue length: 1
[2026-07-01T06:30:02.920Z] Signal received: sell undefined undefined @ 7525.75
[2026-07-01T06:30:02.921Z] Skipped: action is sell
[2026-07-01T06:30:03.020Z] Signal received: sell  undefined undefined @ undefined
[2026-07-01T06:30:03.021Z] Skipped: action is sell 
[2026-07-01T06:30:03.546Z] Signal received: sell undefined undefined @ 30395.5
[2026-07-01T06:30:03.546Z] Skipped: action is sell
[2026-07-01T06:30:03.928Z] Signal received: sell undefined undefined @ undefined
[2026-07-01T06:30:03.929Z] Skipped: action is sell
[2026-07-01T06:30:08.763Z] Error processing undefined: ConId timeout
[2026-07-01T06:30:08.764Z] Processing undefined C...
[2026-07-01T06:30:08.764Z] getConId: requesting contract details for undefined, reqId 8082
[2026-07-01T06:30:16.765Z] Error processing undefined: ConId timeout
[2026-07-01T06:35:32.164Z] Signal received: sell undefined undefined @ undefined
[2026-07-01T06:35:32.164Z] Skipped: action is sell
[2026-07-01T06:35:33.560Z] Signal received: buy undefined undefined @ undefined
[2026-07-01T06:35:33.561Z] Queued undefined — queue length: 1
[2026-07-01T06:35:33.561Z] Processing undefined C...
[2026-07-01T06:35:33.561Z] getConId: requesting contract details for undefined, reqId 2580
[2026-07-01T06:35:34.508Z] Signal received: sell  undefined undefined @ undefined
[2026-07-01T06:35:34.509Z] Skipped: action is sell 
[2026-07-01T06:35:36.111Z] Signal received: buy undefined undefined @ undefined
[2026-07-01T06:35:36.112Z] Queued undefined — queue length: 1
[2026-07-01T06:35:41.561Z] Error processing undefined: ConId timeout
[2026-07-01T06:35:41.561Z] Processing undefined C...
[2026-07-01T06:35:41.562Z] getConId: requesting contract details for undefined, reqId 6773
[2026-07-01T06:35:49.561Z] Error processing undefined: ConId timeout
[2026-07-01T06:40:01.494Z] Signal received: sell  undefined undefined @ undefined
[2026-07-01T06:40:01.495Z] Skipped: action is sell 
[2026-07-01T06:40:01.583Z] Signal received: sell undefined undefined @ 30393.5
[2026-07-01T06:40:01.584Z] Skipped: action is sell
[2026-07-01T06:40:01.695Z] Signal received: buy undefined undefined @ undefined
[2026-07-01T06:40:01.696Z] Queued undefined — queue length: 1
[2026-07-01T06:40:01.696Z] Processing undefined C...
[2026-07-01T06:40:01.697Z] getConId: requesting contract details for undefined, reqId 5411
[2026-07-01T06:40:01.725Z] Signal received: sell undefined undefined @ 30393.5
[2026-07-01T06:40:01.725Z] Skipped: action is sell
[2026-07-01T06:40:05.148Z] Signal received: sell undefined undefined @ 7526
[2026-07-01T06:40:05.148Z] Skipped: action is sell
[2026-07-01T06:40:05.167Z] Signal received: sell undefined undefined @ undefined
[2026-07-01T06:40:05.168Z] Skipped: action is sell
[2026-07-01T06:40:05.799Z] Signal received: buy undefined undefined @ undefined
[2026-07-01T06:40:05.799Z] Queued undefined — queue length: 1
[2026-07-01T06:40:09.508Z] Signal received: sell  undefined undefined @ undefined
[2026-07-01T06:40:09.509Z] Skipped: action is sell 
[2026-07-01T06:40:09.696Z] Error processing undefined: ConId timeout
[2026-07-01T06:40:09.697Z] Processing undefined C...
[2026-07-01T06:40:09.697Z] getConId: requesting contract details for undefined, reqId 3599
[2026-07-01T06:40:11.089Z] Signal received: buy undefined undefined @ undefined
[2026-07-01T06:40:11.089Z] Queued undefined — queue length: 1
[2026-07-01T06:40:17.697Z] Error processing undefined: ConId timeout
[2026-07-01T06:40:17.698Z] Processing undefined C...
[2026-07-01T06:40:17.698Z] getConId: requesting contract details for undefined, reqId 4733
[2026-07-01T06:40:25.698Z] Error processing undefined: ConId timeout
[2026-07-01T06:41:21.111Z] Signal received: buy undefined undefined @ undefined
[2026-07-01T06:41:21.111Z] Queued undefined — queue length: 1
[2026-07-01T06:41:21.112Z] Processing undefined C...
[2026-07-01T06:41:21.112Z] getConId: requesting contract details for undefined, reqId 8195
[2026-07-01T06:41:22.182Z] Signal received: sell undefined undefined @ undefined
[2026-07-01T06:41:22.183Z] Skipped: action is sell
[2026-07-01T06:41:29.112Z] Error processing undefined: ConId timeout
[2026-07-01T06:45:01.059Z] Signal received: buy undefined undefined @ undefined
[2026-07-01T06:45:01.060Z] Queued undefined — queue length: 1
[2026-07-01T06:45:01.060Z] Processing undefined C...
[2026-07-01T06:45:01.060Z] getConId: requesting contract details for undefined, reqId 1875
[2026-07-01T06:45:01.725Z] Signal received: sell undefined undefined @ 7526.75
[2026-07-01T06:45:01.726Z] Skipped: action is sell
[2026-07-01T06:45:01.828Z] Signal received: sell undefined undefined @ undefined
[2026-07-01T06:45:01.828Z] Skipped: action is sell
[2026-07-01T06:45:09.061Z] Error processing undefined: ConId timeout
[2026-07-01T06:50:00.545Z] Signal received: sell  undefined undefined @ undefined
[2026-07-01T06:50:00.546Z] Skipped: action is sell 
[2026-07-01T06:50:00.698Z] Signal received: sell undefined undefined @ 30414
[2026-07-01T06:50:00.698Z] Skipped: action is sell
[2026-07-01T06:50:00.886Z] Signal received: sell undefined undefined @ 30414
[2026-07-01T06:50:00.887Z] Skipped: action is sell
[2026-07-01T06:50:01.052Z] Signal received: buy undefined undefined @ undefined
[2026-07-01T06:50:01.053Z] Queued undefined — queue length: 1
[2026-07-01T06:50:01.054Z] Processing undefined C...
[2026-07-01T06:50:01.054Z] getConId: requesting contract details for undefined, reqId 2329
[2026-07-01T06:50:09.054Z] Error processing undefined: ConId timeout
[2026-07-01T06:50:51.958Z] Signal received: sell  undefined undefined @ undefined
[2026-07-01T06:50:51.959Z] Skipped: action is sell 
[2026-07-01T06:50:53.582Z] Signal received: buy undefined undefined @ undefined
[2026-07-01T06:50:53.583Z] Queued undefined — queue length: 1
[2026-07-01T06:50:53.583Z] Processing undefined C...
[2026-07-01T06:50:53.583Z] getConId: requesting contract details for undefined, reqId 1480
[2026-07-01T06:51:01.583Z] Error processing undefined: ConId timeout
[2026-07-01T06:54:46.113Z] Signal received: buy undefined undefined @ undefined
[2026-07-01T06:54:46.114Z] Queued undefined — queue length: 1
[2026-07-01T06:54:46.114Z] Processing undefined C...
[2026-07-01T06:54:46.114Z] getConId: requesting contract details for undefined, reqId 2380
[2026-07-01T06:54:54.114Z] Error processing undefined: ConId timeout
[2026-07-01T06:55:00.618Z] Signal received: sell  undefined undefined @ undefined
[2026-07-01T06:55:00.618Z] Skipped: action is sell 
[2026-07-01T06:55:00.682Z] Signal received: sell undefined undefined @ 30397.5
[2026-07-01T06:55:00.683Z] Skipped: action is sell
[2026-07-01T06:55:00.719Z] Signal received: buy undefined undefined @ undefined
[2026-07-01T06:55:00.720Z] Queued undefined — queue length: 1
[2026-07-01T06:55:00.720Z] Processing undefined C...
[2026-07-01T06:55:00.720Z] getConId: requesting contract details for undefined, reqId 5155
[2026-07-01T06:55:00.766Z] Signal received: sell undefined undefined @ 30397.5
[2026-07-01T06:55:00.766Z] Skipped: action is sell
[2026-07-01T06:55:01.365Z] Signal received: sell undefined undefined @ undefined
[2026-07-01T06:55:01.366Z] Skipped: action is sell
[2026-07-01T06:55:08.720Z] Error processing undefined: ConId timeout
[2026-07-01T06:55:46.967Z] Signal received: sell  undefined undefined @ undefined
[2026-07-01T06:55:46.968Z] Skipped: action is sell 
[2026-07-01T06:56:06.108Z] Signal received: buy undefined undefined @ undefined
[2026-07-01T06:56:06.109Z] Queued undefined — queue length: 1
[2026-07-01T06:56:06.109Z] Processing undefined C...
[2026-07-01T06:56:06.109Z] getConId: requesting contract details for undefined, reqId 4887
[2026-07-01T06:56:14.109Z] Error processing undefined: ConId timeout
[2026-07-01T07:00:00.616Z] Signal received: buy undefined undefined @ undefined
[2026-07-01T07:00:00.617Z] Queued undefined — queue length: 1
[2026-07-01T07:00:00.617Z] Processing undefined C...
[2026-07-01T07:00:00.617Z] getConId: requesting contract details for undefined, reqId 6514
[2026-07-01T07:00:01.068Z] Signal received: sell undefined undefined @ 30391.5
[2026-07-01T07:00:01.069Z] Skipped: action is sell
[2026-07-01T07:00:01.850Z] Signal received: sell undefined undefined @ 7524.25
[2026-07-01T07:00:01.852Z] Skipped: action is sell
[2026-07-01T07:00:02.058Z] Signal received: buy undefined undefined @ undefined
[2026-07-01T07:00:02.058Z] Queued undefined — queue length: 1
[2026-07-01T07:00:02.628Z] Signal received: sell undefined undefined @ 30391.5
[2026-07-01T07:00:02.628Z] Skipped: action is sell
[2026-07-01T07:00:04.071Z] Signal received: sell undefined undefined @ undefined
[2026-07-01T07:00:04.072Z] Skipped: action is sell
[2026-07-01T07:00:04.121Z] Signal received: sell  undefined undefined @ undefined
[2026-07-01T07:00:04.121Z] Skipped: action is sell 
[2026-07-01T07:00:08.617Z] Error processing undefined: ConId timeout
[2026-07-01T07:00:08.618Z] Processing undefined C...
[2026-07-01T07:00:08.618Z] getConId: requesting contract details for undefined, reqId 7498
[2026-07-01T07:00:16.618Z] Error processing undefined: ConId timeout
[2026-07-01T07:00:46.999Z] Signal received: sell  undefined undefined @ undefined
[2026-07-01T07:00:46.999Z] Skipped: action is sell 
[2026-07-01T07:01:04.182Z] Signal received: buy undefined undefined @ undefined
[2026-07-01T07:01:04.183Z] Queued undefined — queue length: 1
[2026-07-01T07:01:04.183Z] Processing undefined C...
[2026-07-01T07:01:04.183Z] getConId: requesting contract details for undefined, reqId 6919
[2026-07-01T07:01:12.183Z] Error processing undefined: ConId timeout
[2026-07-01T07:01:13.609Z] Signal received: buy undefined undefined @ undefined
[2026-07-01T07:01:13.610Z] Queued undefined — queue length: 1
[2026-07-01T07:01:13.610Z] Processing undefined C...
[2026-07-01T07:01:13.610Z] getConId: requesting contract details for undefined, reqId 5135
[2026-07-01T07:01:17.151Z] Signal received: sell undefined undefined @ undefined
[2026-07-01T07:01:17.152Z] Skipped: action is sell
[2026-07-01T07:01:21.611Z] Error processing undefined: ConId timeout
[2026-07-01T07:05:00.964Z] Signal received: sell undefined undefined @ 30369.75
[2026-07-01T07:05:00.965Z] Skipped: action is sell
[2026-07-01T07:05:00.989Z] Signal received: sell  undefined undefined @ undefined
[2026-07-01T07:05:00.989Z] Skipped: action is sell 
[2026-07-01T07:05:01.074Z] Signal received: buy undefined undefined @ undefined
[2026-07-01T07:05:01.074Z] Queued undefined — queue length: 1
[2026-07-01T07:05:01.074Z] Processing undefined C...
[2026-07-01T07:05:01.075Z] getConId: requesting contract details for undefined, reqId 6068
[2026-07-01T07:05:01.248Z] Signal received: sell undefined undefined @ undefined
[2026-07-01T07:05:01.249Z] Skipped: action is sell
[2026-07-01T07:05:01.477Z] Signal received: sell undefined undefined @ 30369.75
[2026-07-01T07:05:01.478Z] Skipped: action is sell
[2026-07-01T07:05:01.637Z] Signal received: sell undefined undefined @ 7522.25
[2026-07-01T07:05:01.638Z] Skipped: action is sell
[2026-07-01T07:05:02.060Z] Signal received: buy undefined undefined @ undefined
[2026-07-01T07:05:02.061Z] Queued undefined — queue length: 1
[2026-07-01T07:05:09.075Z] Error processing undefined: ConId timeout
[2026-07-01T07:05:09.076Z] Processing undefined C...
[2026-07-01T07:05:09.076Z] getConId: requesting contract details for undefined, reqId 4661
[2026-07-01T07:05:17.077Z] Error processing undefined: ConId timeout
[2026-07-01T07:06:21.114Z] Signal received: buy undefined undefined @ undefined
[2026-07-01T07:06:21.114Z] Queued undefined — queue length: 1
[2026-07-01T07:06:21.114Z] Processing undefined C...
[2026-07-01T07:06:21.115Z] getConId: requesting contract details for undefined, reqId 7131
[2026-07-01T07:06:21.999Z] Signal received: sell  undefined undefined @ undefined
[2026-07-01T07:06:21.999Z] Skipped: action is sell 
[2026-07-01T07:06:29.115Z] Error processing undefined: ConId timeout
[2026-07-01T07:06:41.050Z] Signal received: buy undefined undefined @ undefined
[2026-07-01T07:06:41.051Z] Queued undefined — queue length: 1
[2026-07-01T07:06:41.051Z] Processing undefined C...
[2026-07-01T07:06:41.051Z] getConId: requesting contract details for undefined, reqId 3326
[2026-07-01T07:06:42.158Z] Signal received: sell undefined undefined @ undefined
[2026-07-01T07:06:42.158Z] Skipped: action is sell
[2026-07-01T07:06:49.051Z] Error processing undefined: ConId timeout
[2026-07-01T07:10:00.979Z] Signal received: buy undefined undefined @ undefined
[2026-07-01T07:10:00.979Z] Queued undefined — queue length: 1
[2026-07-01T07:10:00.980Z] Processing undefined C...
[2026-07-01T07:10:00.980Z] getConId: requesting contract details for undefined, reqId 8161
[2026-07-01T07:10:01.025Z] Signal received: sell undefined undefined @ 30353.25
[2026-07-01T07:10:01.025Z] Skipped: action is sell
[2026-07-01T07:10:01.108Z] Signal received: sell  undefined undefined @ undefined
[2026-07-01T07:10:01.109Z] Skipped: action is sell 
[2026-07-01T07:10:01.127Z] Signal received: sell undefined undefined @ 30353.25
[2026-07-01T07:10:01.128Z] Skipped: action is sell
[2026-07-01T07:10:01.144Z] Signal received: sell undefined undefined @ undefined
[2026-07-01T07:10:01.145Z] Skipped: action is sell
[2026-07-01T07:10:01.201Z] Signal received: sell undefined undefined @ 7519.5
[2026-07-01T07:10:01.202Z] Skipped: action is sell
[2026-07-01T07:10:02.243Z] Signal received: buy undefined undefined @ undefined
[2026-07-01T07:10:02.244Z] Queued undefined — queue length: 1
[2026-07-01T07:10:08.980Z] Error processing undefined: ConId timeout
[2026-07-01T07:10:08.981Z] Processing undefined C...
[2026-07-01T07:10:08.981Z] getConId: requesting contract details for undefined, reqId 1817
[2026-07-01T07:10:10.034Z] Signal received: SELL undefined undefined @ undefined
[2026-07-01T07:10:10.034Z] Skipped: action is SELL
[2026-07-01T07:10:10.284Z] Signal received: buy undefined undefined @ undefined
[2026-07-01T07:10:10.285Z] Queued undefined — queue length: 1
[2026-07-01T07:10:10.988Z] Signal received: SELL undefined undefined @ undefined
[2026-07-01T07:10:10.989Z] Skipped: action is SELL
[2026-07-01T07:10:11.309Z] Signal received: buy undefined undefined @ undefined
[2026-07-01T07:10:11.309Z] Queued undefined — queue length: 2
[2026-07-01T07:10:11.965Z] Signal received: sell  undefined undefined @ undefined
[2026-07-01T07:10:11.965Z] Skipped: action is sell 
[2026-07-01T07:10:13.599Z] Signal received: buy undefined undefined @ undefined
[2026-07-01T07:10:13.600Z] Queued undefined — queue length: 3
[2026-07-01T07:10:13.619Z] Signal received: buy undefined undefined @ undefined
[2026-07-01T07:10:13.619Z] Queued undefined — queue length: 4
[2026-07-01T07:10:14.675Z] Signal received: sell undefined undefined @ undefined
[2026-07-01T07:10:14.676Z] Skipped: action is sell
[2026-07-01T07:10:16.981Z] Error processing undefined: ConId timeout
[2026-07-01T07:10:16.982Z] Processing undefined C...
[2026-07-01T07:10:16.982Z] getConId: requesting contract details for undefined, reqId 1882
[2026-07-01T07:10:24.983Z] Error processing undefined: ConId timeout
[2026-07-01T07:10:24.983Z] Processing undefined C...
[2026-07-01T07:10:24.983Z] getConId: requesting contract details for undefined, reqId 5123
[2026-07-01T07:10:32.983Z] Error processing undefined: ConId timeout
[2026-07-01T07:10:32.983Z] Processing undefined C...
[2026-07-01T07:10:32.984Z] getConId: requesting contract details for undefined, reqId 7558
[2026-07-01T07:10:40.985Z] Error processing undefined: ConId timeout
[2026-07-01T07:10:40.985Z] Processing undefined C...
[2026-07-01T07:10:40.985Z] getConId: requesting contract details for undefined, reqId 4901
[2026-07-01T07:10:48.985Z] Error processing undefined: ConId timeout
[2026-07-01T07:13:04.815Z] Signal received: buy undefined undefined @ undefined
[2026-07-01T07:13:04.815Z] Queued undefined — queue length: 1
[2026-07-01T07:13:04.816Z] Processing undefined C...
[2026-07-01T07:13:04.816Z] getConId: requesting contract details for undefined, reqId 5130
[2026-07-01T07:13:05.566Z] Signal received: SELL undefined undefined @ undefined
[2026-07-01T07:13:05.567Z] Skipped: action is SELL
[2026-07-01T07:13:08.304Z] Signal received: buy undefined undefined @ undefined
[2026-07-01T07:13:08.305Z] Queued undefined — queue length: 1
[2026-07-01T07:13:09.074Z] Signal received: SELL undefined undefined @ undefined
[2026-07-01T07:13:09.074Z] Skipped: action is SELL
[2026-07-01T07:13:12.815Z] Error processing undefined: ConId timeout
[2026-07-01T07:13:12.816Z] Processing undefined C...
[2026-07-01T07:13:12.816Z] getConId: requesting contract details for undefined, reqId 7686
[2026-07-01T07:13:20.816Z] Error processing undefined: ConId timeout
[2026-07-01T07:13:26.547Z] Signal received: SELL undefined undefined @ undefined
[2026-07-01T07:13:26.547Z] Skipped: action is SELL
[2026-07-01T07:13:29.354Z] Signal received: buy undefined undefined @ undefined
[2026-07-01T07:13:29.354Z] Queued undefined — queue length: 1
[2026-07-01T07:13:29.354Z] Processing undefined C...
[2026-07-01T07:13:29.354Z] getConId: requesting contract details for undefined, reqId 7425
[2026-07-01T07:13:37.354Z] Error processing undefined: ConId timeout
[2026-07-01T07:15:00.589Z] Signal received: buy undefined undefined @ undefined
[2026-07-01T07:15:00.590Z] Queued undefined — queue length: 1
[2026-07-01T07:15:00.591Z] Processing undefined C...
[2026-07-01T07:15:00.591Z] getConId: requesting contract details for undefined, reqId 8796
[2026-07-01T07:15:00.608Z] Signal received: sell undefined undefined @ 30335
[2026-07-01T07:15:00.608Z] Skipped: action is sell
[2026-07-01T07:15:00.699Z] Signal received: sell  undefined undefined @ undefined
[2026-07-01T07:15:00.700Z] Skipped: action is sell 
[2026-07-01T07:15:00.801Z] Signal received: sell undefined undefined @ 30335
[2026-07-01T07:15:00.802Z] Skipped: action is sell
[2026-07-01T07:15:01.292Z] Signal received: sell undefined undefined @ undefined
[2026-07-01T07:15:01.293Z] Skipped: action is sell
[2026-07-01T07:15:02.039Z] Signal received: buy undefined undefined @ undefined
[2026-07-01T07:15:02.040Z] Queued undefined — queue length: 1
[2026-07-01T07:15:02.182Z] Signal received: sell undefined undefined @ 7515.5
[2026-07-01T07:15:02.183Z] Skipped: action is sell
[2026-07-01T07:15:08.591Z] Error processing undefined: ConId timeout
[2026-07-01T07:15:08.592Z] Processing undefined C...
[2026-07-01T07:15:08.592Z] getConId: requesting contract details for undefined, reqId 7245
[2026-07-01T07:15:08.982Z] Signal received: buy undefined undefined @ undefined
[2026-07-01T07:15:08.983Z] Queued undefined — queue length: 1
[2026-07-01T07:15:09.001Z] Signal received: sell undefined undefined @ 52454
[2026-07-01T07:15:09.002Z] Skipped: action is sell
[2026-07-01T07:15:09.193Z] Signal received: sell undefined undefined @ 52454
[2026-07-01T07:15:09.194Z] Skipped: action is sell
[2026-07-01T07:15:09.389Z] Signal received: SELL undefined undefined @ undefined
[2026-07-01T07:15:09.389Z] Skipped: action is SELL
[2026-07-01T07:15:16.592Z] Error processing undefined: ConId timeout
[2026-07-01T07:15:16.592Z] Processing undefined C...
[2026-07-01T07:15:16.593Z] getConId: requesting contract details for undefined, reqId 8691
[2026-07-01T07:15:24.592Z] Error processing undefined: ConId timeout
[2026-07-01T07:15:32.010Z] Signal received: sell  undefined undefined @ undefined
[2026-07-01T07:15:32.011Z] Skipped: action is sell 
[2026-07-01T07:15:33.600Z] Signal received: buy undefined undefined @ undefined
[2026-07-01T07:15:33.601Z] Queued undefined — queue length: 1
[2026-07-01T07:15:33.601Z] Processing undefined C...
[2026-07-01T07:15:33.601Z] getConId: requesting contract details for undefined, reqId 8921
[2026-07-01T07:15:41.601Z] Error processing undefined: ConId timeout
[2026-07-01T07:16:02.871Z] Signal received: buy undefined undefined @ undefined
[2026-07-01T07:16:02.872Z] Queued undefined — queue length: 1
[2026-07-01T07:16:02.872Z] Processing undefined C...
[2026-07-01T07:16:02.872Z] getConId: requesting contract details for undefined, reqId 7653
[2026-07-01T07:16:03.458Z] Signal received: sell undefined undefined @ undefined
[2026-07-01T07:16:03.459Z] Skipped: action is sell
[2026-07-01T07:16:10.871Z] Error processing undefined: ConId timeout
[2026-07-01T07:17:52.609Z] Signal received: SELL undefined undefined @ undefined
[2026-07-01T07:17:52.610Z] Skipped: action is SELL
[2026-07-01T07:17:55.345Z] Signal received: buy undefined undefined @ undefined
[2026-07-01T07:17:55.346Z] Queued undefined — queue length: 1
[2026-07-01T07:17:55.346Z] Processing undefined C...
[2026-07-01T07:17:55.346Z] getConId: requesting contract details for undefined, reqId 2041
[2026-07-01T07:17:59.569Z] Signal received: SELL undefined undefined @ undefined
[2026-07-01T07:17:59.570Z] Skipped: action is SELL
[2026-07-01T07:18:03.346Z] Error processing undefined: ConId timeout
[2026-07-01T07:18:27.548Z] Signal received: SELL undefined undefined @ undefined
[2026-07-01T07:18:27.549Z] Skipped: action is SELL
[2026-07-01T07:18:46.052Z] Signal received: SELL undefined undefined @ undefined
[2026-07-01T07:18:46.053Z] Skipped: action is SELL
[2026-07-01T07:19:12.012Z] Signal received: buy undefined undefined @ undefined
[2026-07-01T07:19:12.012Z] Queued undefined — queue length: 1
[2026-07-01T07:19:12.013Z] Processing undefined C...
[2026-07-01T07:19:12.013Z] getConId: requesting contract details for undefined, reqId 4365
[2026-07-01T07:19:12.031Z] Signal received: buy undefined undefined @ undefined
[2026-07-01T07:19:12.032Z] Queued undefined — queue length: 1
[2026-07-01T07:19:20.013Z] Error processing undefined: ConId timeout
[2026-07-01T07:19:20.013Z] Processing undefined C...
[2026-07-01T07:19:20.013Z] getConId: requesting contract details for undefined, reqId 3672
[2026-07-01T07:19:28.014Z] Error processing undefined: ConId timeout
[2026-07-01T07:20:00.514Z] Signal received: buy undefined undefined @ undefined
[2026-07-01T07:20:00.514Z] Queued undefined — queue length: 1
[2026-07-01T07:20:00.514Z] Processing undefined C...
[2026-07-01T07:20:00.515Z] getConId: requesting contract details for undefined, reqId 1625
[2026-07-01T07:20:00.582Z] Signal received: sell undefined undefined @ 30322.5
[2026-07-01T07:20:00.582Z] Skipped: action is sell
[2026-07-01T07:20:01.533Z] Signal received: sell undefined undefined @ undefined
[2026-07-01T07:20:01.533Z] Skipped: action is sell
[2026-07-01T07:20:01.678Z] Signal received: sell undefined undefined @ 7514.75
[2026-07-01T07:20:01.679Z] Skipped: action is sell
[2026-07-01T07:20:01.882Z] Signal received: buy undefined undefined @ undefined
[2026-07-01T07:20:01.883Z] Queued undefined — queue length: 1
[2026-07-01T07:20:03.283Z] Signal received: sell  undefined undefined @ undefined
[2026-07-01T07:20:03.284Z] Skipped: action is sell 
[2026-07-01T07:20:03.285Z] Signal received: sell undefined undefined @ 30322.5
[2026-07-01T07:20:03.285Z] Skipped: action is sell
[2026-07-01T07:20:08.516Z] Error processing undefined: ConId timeout
[2026-07-01T07:20:08.516Z] Processing undefined C...
[2026-07-01T07:20:08.516Z] getConId: requesting contract details for undefined, reqId 8791
[2026-07-01T07:20:16.517Z] Error processing undefined: ConId timeout
[2026-07-01T07:20:46.079Z] Signal received: buy undefined undefined @ undefined
[2026-07-01T07:20:46.079Z] Queued undefined — queue length: 1
[2026-07-01T07:20:46.079Z] Processing undefined C...
[2026-07-01T07:20:46.080Z] getConId: requesting contract details for undefined, reqId 8206
[2026-07-01T07:20:47.144Z] Signal received: sell undefined undefined @ undefined
[2026-07-01T07:20:47.144Z] Skipped: action is sell
[2026-07-01T07:20:54.080Z] Error processing undefined: ConId timeout
[2026-07-01T07:20:59.471Z] Signal received: sell  undefined undefined @ undefined
[2026-07-01T07:20:59.471Z] Skipped: action is sell 
[2026-07-01T07:21:02.625Z] Signal received: buy undefined undefined @ undefined
[2026-07-01T07:21:02.626Z] Queued undefined — queue length: 1
[2026-07-01T07:21:02.626Z] Processing undefined C...
[2026-07-01T07:21:02.627Z] getConId: requesting contract details for undefined, reqId 8076
[2026-07-01T07:21:10.626Z] Error processing undefined: ConId timeout
[2026-07-01T07:25:01.350Z] Signal received: sell undefined undefined @ 30349.75
[2026-07-01T07:25:01.350Z] Skipped: action is sell
[2026-07-01T07:25:01.391Z] Signal received: sell  undefined undefined @ undefined
[2026-07-01T07:25:01.392Z] Skipped: action is sell 
[2026-07-01T07:25:01.453Z] Signal received: sell undefined undefined @ 30349.75
[2026-07-01T07:25:01.453Z] Skipped: action is sell
[2026-07-01T07:25:01.498Z] Signal received: buy undefined undefined @ undefined
[2026-07-01T07:25:01.498Z] Queued undefined — queue length: 1
[2026-07-01T07:25:01.499Z] Processing undefined C...
[2026-07-01T07:25:01.499Z] getConId: requesting contract details for undefined, reqId 8935
[2026-07-01T07:25:04.538Z] Signal received: sell undefined undefined @ 7518.75
[2026-07-01T07:25:04.539Z] Skipped: action is sell
[2026-07-01T07:25:04.557Z] Signal received: buy undefined undefined @ undefined
[2026-07-01T07:25:04.558Z] Queued undefined — queue length: 1
[2026-07-01T07:25:04.818Z] Signal received: sell undefined undefined @ undefined
[2026-07-01T07:25:04.819Z] Skipped: action is sell
[2026-07-01T07:25:09.499Z] Error processing undefined: ConId timeout
[2026-07-01T07:25:09.500Z] Processing undefined C...
[2026-07-01T07:25:09.500Z] getConId: requesting contract details for undefined, reqId 8766
[2026-07-01T07:25:17.500Z] Error processing undefined: ConId timeout
[2026-07-01T08:03:36.992Z] Signal received: sell  undefined undefined @ undefined
[2026-07-01T08:03:36.993Z] Skipped: action is sell 
[2026-07-01T08:03:38.607Z] Signal received: buy undefined undefined @ undefined
[2026-07-01T08:03:38.608Z] Queued undefined — queue length: 1
[2026-07-01T08:03:38.608Z] Processing undefined C...
[2026-07-01T08:03:38.608Z] getConId: requesting contract details for undefined, reqId 2383
[2026-07-01T08:03:46.609Z] Error processing undefined: ConId timeout
[2026-07-01T08:10:03.457Z] Signal received: sell  undefined undefined @ undefined
[2026-07-01T08:10:03.457Z] Skipped: action is sell 
[2026-07-01T08:10:03.848Z] Signal received: sell undefined undefined @ 30353
[2026-07-01T08:10:03.849Z] Skipped: action is sell
[2026-07-01T08:10:05.858Z] Signal received: buy undefined undefined @ undefined
[2026-07-01T08:10:05.858Z] Queued undefined — queue length: 1
[2026-07-01T08:10:05.859Z] Processing undefined C...
[2026-07-01T08:10:05.859Z] getConId: requesting contract details for undefined, reqId 3863
[2026-07-01T08:10:05.877Z] Signal received: sell undefined undefined @ 30353
[2026-07-01T08:10:05.877Z] Skipped: action is sell
[2026-07-01T08:10:13.860Z] Error processing undefined: ConId timeout
[2026-07-01T08:11:57.018Z] Signal received: sell  undefined undefined @ undefined
[2026-07-01T08:11:57.019Z] Skipped: action is sell 
[2026-07-01T08:11:58.682Z] Signal received: buy undefined undefined @ undefined
[2026-07-01T08:11:58.682Z] Queued undefined — queue length: 1
[2026-07-01T08:11:58.683Z] Processing undefined C...
[2026-07-01T08:11:58.683Z] getConId: requesting contract details for undefined, reqId 7376
[2026-07-01T08:12:06.683Z] Error processing undefined: ConId timeout
[2026-07-01T08:15:00.867Z] Signal received: sell undefined undefined @ 30357
[2026-07-01T08:15:00.868Z] Skipped: action is sell
[2026-07-01T08:15:00.961Z] Signal received: buy undefined undefined @ undefined
[2026-07-01T08:15:00.962Z] Queued undefined — queue length: 1
[2026-07-01T08:15:00.962Z] Processing undefined C...
[2026-07-01T08:15:00.962Z] getConId: requesting contract details for undefined, reqId 6951
[2026-07-01T08:15:01.094Z] Signal received: sell  undefined undefined @ undefined
[2026-07-01T08:15:01.094Z] Skipped: action is sell 
[2026-07-01T08:15:01.170Z] Signal received: sell undefined undefined @ 30357
[2026-07-01T08:15:01.170Z] Skipped: action is sell
[2026-07-01T08:15:08.962Z] Error processing undefined: ConId timeout
[2026-07-01T08:19:11.068Z] Signal received: SELL undefined undefined @ undefined
[2026-07-01T08:19:11.069Z] Skipped: action is SELL
[2026-07-01T08:19:11.411Z] Signal received: buy undefined undefined @ undefined
[2026-07-01T08:19:11.412Z] Queued undefined — queue length: 1
[2026-07-01T08:19:11.412Z] Processing undefined C...
[2026-07-01T08:19:11.413Z] getConId: requesting contract details for undefined, reqId 3817
[2026-07-01T08:19:14.562Z] Signal received: SELL undefined undefined @ undefined
[2026-07-01T08:19:14.562Z] Skipped: action is SELL
[2026-07-01T08:19:17.406Z] Signal received: buy undefined undefined @ undefined
[2026-07-01T08:19:17.406Z] Queued undefined — queue length: 1
[2026-07-01T08:19:19.413Z] Error processing undefined: ConId timeout
[2026-07-01T08:19:19.414Z] Processing undefined C...
[2026-07-01T08:19:19.414Z] getConId: requesting contract details for undefined, reqId 6409
[2026-07-01T08:19:27.415Z] Error processing undefined: ConId timeout
[2026-07-01T08:20:28.691Z] Signal received: buy undefined undefined @ undefined
[2026-07-01T08:20:28.692Z] Queued undefined — queue length: 1
[2026-07-01T08:20:28.692Z] Processing undefined C...
[2026-07-01T08:20:28.692Z] getConId: requesting contract details for undefined, reqId 8221
[2026-07-01T08:20:31.956Z] Signal received: sell  undefined undefined @ undefined
[2026-07-01T08:20:31.957Z] Skipped: action is sell 
[2026-07-01T08:20:36.692Z] Error processing undefined: ConId timeout
[2026-07-01T08:21:20.559Z] Signal received: SELL undefined undefined @ undefined
[2026-07-01T08:21:20.560Z] Skipped: action is SELL
[2026-07-01T08:21:23.383Z] Signal received: buy undefined undefined @ undefined
[2026-07-01T08:21:23.384Z] Queued undefined — queue length: 1
[2026-07-01T08:21:23.384Z] Processing undefined C...
[2026-07-01T08:21:23.384Z] getConId: requesting contract details for undefined, reqId 5626
[2026-07-01T08:21:24.064Z] Signal received: SELL undefined undefined @ undefined
[2026-07-01T08:21:24.065Z] Skipped: action is SELL
[2026-07-01T08:21:31.384Z] Error processing undefined: ConId timeout
[2026-07-01T08:21:41.410Z] Signal received: buy undefined undefined @ undefined
[2026-07-01T08:21:41.410Z] Queued undefined — queue length: 1
[2026-07-01T08:21:41.411Z] Processing undefined C...
[2026-07-01T08:21:41.411Z] getConId: requesting contract details for undefined, reqId 8066
[2026-07-01T08:21:49.412Z] Error processing undefined: ConId timeout
[2026-07-01T08:25:00.986Z] Signal received: sell undefined undefined @ 30343.75
[2026-07-01T08:25:00.987Z] Skipped: action is sell
[2026-07-01T08:25:01.005Z] Signal received: sell  undefined undefined @ undefined
[2026-07-01T08:25:01.006Z] Skipped: action is sell 
[2026-07-01T08:25:01.229Z] Signal received: sell undefined undefined @ 30343.75
[2026-07-01T08:25:01.230Z] Skipped: action is sell
[2026-07-01T08:25:01.329Z] Signal received: buy undefined undefined @ undefined
[2026-07-01T08:25:01.330Z] Queued undefined — queue length: 1
[2026-07-01T08:25:01.330Z] Processing undefined C...
[2026-07-01T08:25:01.330Z] getConId: requesting contract details for undefined, reqId 2866
[2026-07-01T08:25:09.330Z] Error processing undefined: ConId timeout
[2026-07-01T08:25:23.406Z] Signal received: buy undefined undefined @ undefined
[2026-07-01T08:25:23.407Z] Queued undefined — queue length: 1
[2026-07-01T08:25:23.407Z] Processing undefined C...
[2026-07-01T08:25:23.407Z] getConId: requesting contract details for undefined, reqId 7380
[2026-07-01T08:25:31.406Z] Error processing undefined: ConId timeout
[2026-07-01T08:28:08.670Z] Signal received: buy undefined undefined @ undefined
[2026-07-01T08:28:08.670Z] Queued undefined — queue length: 1
[2026-07-01T08:28:08.671Z] Processing undefined C...
[2026-07-01T08:28:08.671Z] getConId: requesting contract details for undefined, reqId 6879
[2026-07-01T08:28:09.455Z] Signal received: sell  undefined undefined @ undefined
[2026-07-01T08:28:09.456Z] Skipped: action is sell 
[2026-07-01T08:28:16.670Z] Error processing undefined: ConId timeout
[2026-07-01T08:30:00.715Z] Signal received: sell  undefined undefined @ undefined
[2026-07-01T08:30:00.716Z] Skipped: action is sell 
[2026-07-01T08:30:00.948Z] Signal received: buy undefined undefined @ undefined
[2026-07-01T08:30:00.948Z] Queued undefined — queue length: 1
[2026-07-01T08:30:00.949Z] Processing undefined C...
[2026-07-01T08:30:00.949Z] getConId: requesting contract details for undefined, reqId 4087
[2026-07-01T08:30:00.968Z] Signal received: sell undefined undefined @ 30331.5
[2026-07-01T08:30:00.968Z] Skipped: action is sell
[2026-07-01T08:30:03.001Z] Signal received: buy undefined undefined @ 52546
[2026-07-01T08:30:03.001Z] Queued undefined — queue length: 1
[2026-07-01T08:30:03.553Z] Signal received: buy undefined undefined @ undefined
[2026-07-01T08:30:03.554Z] Queued undefined — queue length: 2
[2026-07-01T08:30:03.802Z] Signal received: sell undefined undefined @ 30331.5
[2026-07-01T08:30:03.802Z] Skipped: action is sell
[2026-07-01T08:30:08.949Z] Error processing undefined: ConId timeout
[2026-07-01T08:30:08.950Z] Processing undefined C...
[2026-07-01T08:30:08.950Z] getConId: requesting contract details for undefined, reqId 8545
[2026-07-01T08:30:16.949Z] Error processing undefined: ConId timeout
[2026-07-01T08:30:16.950Z] Processing undefined C...
[2026-07-01T08:30:16.950Z] getConId: requesting contract details for undefined, reqId 5770
[2026-07-01T08:30:24.950Z] Error processing undefined: ConId timeout
[2026-07-01T08:30:44.057Z] Signal received: SELL undefined undefined @ undefined
[2026-07-01T08:30:44.057Z] Skipped: action is SELL
[2026-07-01T08:31:04.529Z] Signal received: sell  undefined undefined @ undefined
[2026-07-01T08:31:04.529Z] Skipped: action is sell 
[2026-07-01T08:31:08.702Z] Signal received: buy undefined undefined @ undefined
[2026-07-01T08:31:08.702Z] Queued undefined — queue length: 1
[2026-07-01T08:31:08.702Z] Processing undefined C...
[2026-07-01T08:31:08.702Z] getConId: requesting contract details for undefined, reqId 1672
[2026-07-01T08:31:16.702Z] Error processing undefined: ConId timeout
[2026-07-01T08:34:53.386Z] Signal received: buy undefined undefined @ undefined
[2026-07-01T08:34:53.386Z] Queued undefined — queue length: 1
[2026-07-01T08:34:53.386Z] Processing undefined C...
[2026-07-01T08:34:53.387Z] getConId: requesting contract details for undefined, reqId 7633
[2026-07-01T08:34:59.407Z] Signal received: buy undefined undefined @ undefined
[2026-07-01T08:34:59.408Z] Queued undefined — queue length: 1
[2026-07-01T08:35:00.738Z] Signal received: sell undefined undefined @ 30339
[2026-07-01T08:35:00.739Z] Skipped: action is sell
[2026-07-01T08:35:00.919Z] Signal received: sell undefined undefined @ 30339
[2026-07-01T08:35:00.920Z] Skipped: action is sell
[2026-07-01T08:35:00.962Z] Signal received: sell  undefined undefined @ undefined
[2026-07-01T08:35:00.963Z] Skipped: action is sell 
[2026-07-01T08:35:00.982Z] Signal received: buy undefined undefined @ undefined
[2026-07-01T08:35:00.982Z] Queued undefined — queue length: 2
[2026-07-01T08:35:01.387Z] Error processing undefined: ConId timeout
[2026-07-01T08:35:01.387Z] Processing undefined C...
[2026-07-01T08:35:01.387Z] getConId: requesting contract details for undefined, reqId 2077
[2026-07-01T08:35:03.034Z] Signal received: buy undefined undefined @ 52556
[2026-07-01T08:35:03.034Z] Queued undefined — queue length: 2
[2026-07-01T08:35:03.591Z] Signal received: SELL undefined undefined @ undefined
[2026-07-01T08:35:03.592Z] Skipped: action is SELL
[2026-07-01T08:35:09.388Z] Error processing undefined: ConId timeout
[2026-07-01T08:35:09.388Z] Processing undefined C...
[2026-07-01T08:35:09.388Z] getConId: requesting contract details for undefined, reqId 2481
[2026-07-01T08:35:17.389Z] Error processing undefined: ConId timeout
[2026-07-01T08:35:17.390Z] Processing undefined C...
[2026-07-01T08:35:17.390Z] getConId: requesting contract details for undefined, reqId 7976
[2026-07-01T08:35:25.391Z] Error processing undefined: ConId timeout
[2026-07-01T08:36:16.569Z] Signal received: SELL undefined undefined @ undefined
[2026-07-01T08:36:16.570Z] Skipped: action is SELL
[2026-07-01T08:36:17.403Z] Signal received: buy undefined undefined @ undefined
[2026-07-01T08:36:17.404Z] Queued undefined — queue length: 1
[2026-07-01T08:36:17.404Z] Processing undefined C...
[2026-07-01T08:36:17.404Z] getConId: requesting contract details for undefined, reqId 1925
[2026-07-01T08:36:25.404Z] Error processing undefined: ConId timeout
[2026-07-01T08:36:31.953Z] Signal received: sell  undefined undefined @ undefined
[2026-07-01T08:36:31.954Z] Skipped: action is sell 
[2026-07-01T08:36:33.653Z] Signal received: buy undefined undefined @ undefined
[2026-07-01T08:36:33.654Z] Queued undefined — queue length: 1
[2026-07-01T08:36:33.654Z] Processing undefined C...
[2026-07-01T08:36:33.654Z] getConId: requesting contract details for undefined, reqId 5572
[2026-07-01T08:36:41.654Z] Error processing undefined: ConId timeout
[2026-07-01T08:40:00.463Z] Signal received: SELL undefined undefined @ undefined
[2026-07-01T08:40:00.464Z] Skipped: action is SELL
[2026-07-01T08:40:00.616Z] Signal received: buy undefined undefined @ 52560
[2026-07-01T08:40:00.616Z] Queued undefined — queue length: 1
[2026-07-01T08:40:00.617Z] Processing undefined C...
[2026-07-01T08:40:00.617Z] getConId: requesting contract details for undefined, reqId 1332
[2026-07-01T08:40:01.205Z] Signal received: sell  undefined undefined @ undefined
[2026-07-01T08:40:01.206Z] Skipped: action is sell 
[2026-07-01T08:40:01.372Z] Signal received: sell undefined undefined @ 30346.75
[2026-07-01T08:40:01.372Z] Skipped: action is sell
[2026-07-01T08:40:01.915Z] Signal received: buy undefined undefined @ 52560
[2026-07-01T08:40:01.916Z] Queued undefined — queue length: 1
[2026-07-01T08:40:02.095Z] Signal received: buy undefined undefined @ undefined
[2026-07-01T08:40:02.096Z] Queued undefined — queue length: 2
[2026-07-01T08:40:03.184Z] Signal received: sell undefined undefined @ 30346.75
[2026-07-01T08:40:03.185Z] Skipped: action is sell
[2026-07-01T08:40:03.715Z] Signal received: buy undefined undefined @ undefined
[2026-07-01T08:40:03.716Z] Queued undefined — queue length: 3
[2026-07-01T08:40:08.617Z] Error processing undefined: ConId timeout
[2026-07-01T08:40:08.618Z] Processing undefined C...
[2026-07-01T08:40:08.618Z] getConId: requesting contract details for undefined, reqId 4877
[2026-07-01T08:40:16.618Z] Error processing undefined: ConId timeout
[2026-07-01T08:40:16.618Z] Processing undefined C...
[2026-07-01T08:40:16.618Z] getConId: requesting contract details for undefined, reqId 7583
[2026-07-01T08:40:24.618Z] Error processing undefined: ConId timeout
[2026-07-01T08:40:24.619Z] Processing undefined C...
[2026-07-01T08:40:24.619Z] getConId: requesting contract details for undefined, reqId 3974
[2026-07-01T08:40:32.619Z] Error processing undefined: ConId timeout
[2026-07-01T08:43:09.618Z] Signal received: SELL undefined undefined @ undefined
[2026-07-01T08:43:09.619Z] Skipped: action is SELL
[2026-07-01T08:43:11.406Z] Signal received: buy undefined undefined @ undefined
[2026-07-01T08:43:11.407Z] Queued undefined — queue length: 1
[2026-07-01T08:43:11.407Z] Processing undefined C...
[2026-07-01T08:43:11.407Z] getConId: requesting contract details for undefined, reqId 3933
[2026-07-01T08:43:19.407Z] Error processing undefined: ConId timeout
[2026-07-01T08:50:05.722Z] Signal received: SELL undefined undefined @ undefined
[2026-07-01T08:50:05.722Z] Skipped: action is SELL
[2026-07-01T08:50:05.741Z] Signal received: sell undefined undefined @ 52546
[2026-07-01T08:50:05.742Z] Skipped: action is sell
[2026-07-01T08:50:05.797Z] Signal received: sell undefined undefined @ 52546
[2026-07-01T08:50:05.798Z] Skipped: action is sell
[2026-07-01T08:50:05.967Z] Signal received: buy undefined undefined @ undefined
[2026-07-01T08:50:05.968Z] Queued undefined — queue length: 1
[2026-07-01T08:50:05.968Z] Processing undefined C...
[2026-07-01T08:50:05.968Z] getConId: requesting contract details for undefined, reqId 2931
[2026-07-01T08:50:13.969Z] Error processing undefined: ConId timeout
[2026-07-01T09:04:20.088Z] Signal received: SELL undefined undefined @ undefined
[2026-07-01T09:04:20.089Z] Skipped: action is SELL
[2026-07-01T09:04:23.405Z] Signal received: buy undefined undefined @ undefined
[2026-07-01T09:04:23.406Z] Queued undefined — queue length: 1
[2026-07-01T09:04:23.406Z] Processing undefined C...
[2026-07-01T09:04:23.406Z] getConId: requesting contract details for undefined, reqId 7147
[2026-07-01T09:04:29.375Z] Signal received: buy undefined undefined @ undefined
[2026-07-01T09:04:29.376Z] Queued undefined — queue length: 1
[2026-07-01T09:04:30.554Z] Signal received: SELL undefined undefined @ undefined
[2026-07-01T09:04:30.555Z] Skipped: action is SELL
[2026-07-01T09:04:31.406Z] Error processing undefined: ConId timeout
[2026-07-01T09:04:31.406Z] Processing undefined C...
[2026-07-01T09:04:31.406Z] getConId: requesting contract details for undefined, reqId 3721
[2026-07-01T09:04:39.406Z] Error processing undefined: ConId timeout
[2026-07-01T09:09:35.060Z] Signal received: SELL undefined undefined @ undefined
[2026-07-01T09:09:35.061Z] Skipped: action is SELL
[2026-07-01T09:09:35.424Z] Signal received: buy undefined undefined @ undefined
[2026-07-01T09:09:35.425Z] Queued undefined — queue length: 1
[2026-07-01T09:09:35.425Z] Processing undefined C...
[2026-07-01T09:09:35.425Z] getConId: requesting contract details for undefined, reqId 3449
[2026-07-01T09:09:38.553Z] Signal received: SELL undefined undefined @ undefined
[2026-07-01T09:09:38.554Z] Skipped: action is SELL
[2026-07-01T09:09:41.424Z] Signal received: buy undefined undefined @ undefined
[2026-07-01T09:09:41.424Z] Queued undefined — queue length: 1
[2026-07-01T09:09:43.424Z] Error processing undefined: ConId timeout
[2026-07-01T09:09:43.425Z] Processing undefined C...
[2026-07-01T09:09:43.425Z] getConId: requesting contract details for undefined, reqId 5850
[2026-07-01T09:09:51.425Z] Error processing undefined: ConId timeout
[2026-07-01T09:10:35.393Z] Signal received: buy undefined undefined @ undefined
[2026-07-01T09:10:35.393Z] Queued undefined — queue length: 1
[2026-07-01T09:10:35.393Z] Processing undefined C...
[2026-07-01T09:10:35.394Z] getConId: requesting contract details for undefined, reqId 2777
[2026-07-01T09:10:43.393Z] Error processing undefined: ConId timeout
[2026-07-01T09:10:49.510Z] Signal received: sell  undefined undefined @ undefined
[2026-07-01T09:10:49.511Z] Skipped: action is sell 
[2026-07-01T09:10:52.072Z] Signal received: SELL undefined undefined @ undefined
[2026-07-01T09:10:52.073Z] Skipped: action is SELL
[2026-07-01T09:10:55.552Z] Signal received: SELL undefined undefined @ undefined
[2026-07-01T09:10:55.552Z] Skipped: action is SELL
[2026-07-01T09:10:58.674Z] Signal received: buy undefined undefined @ undefined
[2026-07-01T09:10:58.675Z] Queued undefined — queue length: 1
[2026-07-01T09:10:58.675Z] Processing undefined C...
[2026-07-01T09:10:58.675Z] getConId: requesting contract details for undefined, reqId 5737
[2026-07-01T09:11:06.675Z] Error processing undefined: ConId timeout
[2026-07-01T09:15:01.774Z] Signal received: sell undefined undefined @ 30351
[2026-07-01T09:15:01.774Z] Skipped: action is sell
[2026-07-01T09:15:02.027Z] Signal received: sell  undefined undefined @ undefined
[2026-07-01T09:15:02.028Z] Skipped: action is sell 
[2026-07-01T09:15:02.516Z] Signal received: buy undefined undefined @ undefined
[2026-07-01T09:15:02.517Z] Queued undefined — queue length: 1
[2026-07-01T09:15:02.517Z] Processing undefined C...
[2026-07-01T09:15:02.518Z] getConId: requesting contract details for undefined, reqId 1798
[2026-07-01T09:15:02.827Z] Signal received: sell undefined undefined @ 30351
[2026-07-01T09:15:02.828Z] Skipped: action is sell
[2026-07-01T09:15:10.518Z] Error processing undefined: ConId timeout
[2026-07-01T09:15:11.354Z] Signal received: buy undefined undefined @ undefined
[2026-07-01T09:15:11.355Z] Queued undefined — queue length: 1
[2026-07-01T09:15:11.355Z] Processing undefined C...
[2026-07-01T09:15:11.355Z] getConId: requesting contract details for undefined, reqId 8995
[2026-07-01T09:15:11.656Z] Signal received: sell undefined undefined @ 52536
[2026-07-01T09:15:11.656Z] Skipped: action is sell
[2026-07-01T09:15:19.355Z] Error processing undefined: ConId timeout
[2026-07-01T09:19:53.409Z] Signal received: buy undefined undefined @ undefined
[2026-07-01T09:19:53.409Z] Queued undefined — queue length: 1
[2026-07-01T09:19:53.410Z] Processing undefined C...
[2026-07-01T09:19:53.410Z] getConId: requesting contract details for undefined, reqId 1603
[2026-07-01T09:20:01.409Z] Error processing undefined: ConId timeout
[2026-07-01T09:35:11.750Z] Signal received: buy undefined undefined @ 52556
[2026-07-01T09:35:11.751Z] Queued undefined — queue length: 1
[2026-07-01T09:35:11.751Z] Processing undefined C...
[2026-07-01T09:35:11.751Z] getConId: requesting contract details for undefined, reqId 4216
[2026-07-01T09:35:11.769Z] Signal received: buy undefined undefined @ undefined
[2026-07-01T09:35:11.770Z] Queued undefined — queue length: 1
[2026-07-01T09:35:19.752Z] Error processing undefined: ConId timeout
[2026-07-01T09:35:19.752Z] Processing undefined C...
[2026-07-01T09:35:19.752Z] getConId: requesting contract details for undefined, reqId 5676
[2026-07-01T09:35:27.752Z] Error processing undefined: ConId timeout
[2026-07-01T10:11:01.271Z] Signal received: SELL undefined undefined @ undefined
[2026-07-01T10:11:01.271Z] Skipped: action is SELL
[2026-07-01T10:11:04.076Z] Signal received: SELL undefined undefined @ undefined
[2026-07-01T10:11:04.077Z] Skipped: action is SELL
[2026-07-01T10:21:05.422Z] Signal received: buy undefined undefined @ undefined
[2026-07-01T10:21:05.423Z] Queued undefined — queue length: 1
[2026-07-01T10:21:05.423Z] Processing undefined C...
[2026-07-01T10:21:05.423Z] getConId: requesting contract details for undefined, reqId 6562
[2026-07-01T10:21:13.423Z] Error processing undefined: ConId timeout
[2026-07-01T10:25:04.046Z] Signal received: buy undefined undefined @ undefined
[2026-07-01T10:25:04.046Z] Queued undefined — queue length: 1
[2026-07-01T10:25:04.046Z] Processing undefined C...
[2026-07-01T10:25:04.047Z] getConId: requesting contract details for undefined, reqId 4095
[2026-07-01T10:25:04.601Z] Signal received: buy undefined undefined @ 52554
[2026-07-01T10:25:04.601Z] Queued undefined — queue length: 1
[2026-07-01T10:25:11.359Z] Signal received: buy undefined undefined @ undefined
[2026-07-01T10:25:11.360Z] Queued undefined — queue length: 2
[2026-07-01T10:25:12.047Z] Error processing undefined: ConId timeout
[2026-07-01T10:25:12.047Z] Processing undefined C...
[2026-07-01T10:25:12.047Z] getConId: requesting contract details for undefined, reqId 3599
[2026-07-01T10:25:20.047Z] Error processing undefined: ConId timeout
[2026-07-01T10:25:20.047Z] Processing undefined C...
[2026-07-01T10:25:20.047Z] getConId: requesting contract details for undefined, reqId 5932
[2026-07-01T10:25:28.048Z] Error processing undefined: ConId timeout
[2026-07-01T10:30:09.934Z] Signal received: buy undefined undefined @ 52551
[2026-07-01T10:30:09.935Z] Queued undefined — queue length: 1
[2026-07-01T10:30:09.935Z] Processing undefined C...
[2026-07-01T10:30:09.935Z] getConId: requesting contract details for undefined, reqId 3529
[2026-07-01T10:30:10.004Z] Signal received: buy undefined undefined @ undefined
[2026-07-01T10:30:10.005Z] Queued undefined — queue length: 1
[2026-07-01T10:30:17.936Z] Error processing undefined: ConId timeout
[2026-07-01T10:30:17.936Z] Processing undefined C...
[2026-07-01T10:30:17.936Z] getConId: requesting contract details for undefined, reqId 2709
[2026-07-01T10:30:25.937Z] Error processing undefined: ConId timeout
[2026-07-01T10:30:41.379Z] Signal received: buy undefined undefined @ undefined
[2026-07-01T10:30:41.380Z] Queued undefined — queue length: 1
[2026-07-01T10:30:41.380Z] Processing undefined C...
[2026-07-01T10:30:41.380Z] getConId: requesting contract details for undefined, reqId 1687
[2026-07-01T10:30:47.451Z] Signal received: buy undefined undefined @ undefined
[2026-07-01T10:30:47.452Z] Queued undefined — queue length: 1
[2026-07-01T10:30:49.380Z] Error processing undefined: ConId timeout
[2026-07-01T10:30:49.381Z] Processing undefined C...
[2026-07-01T10:30:49.381Z] getConId: requesting contract details for undefined, reqId 7738
[2026-07-01T10:30:57.382Z] Error processing undefined: ConId timeout
[2026-07-01T10:56:01.403Z] Signal received: buy undefined undefined @ undefined
[2026-07-01T10:56:01.404Z] Queued undefined — queue length: 1
[2026-07-01T10:56:01.404Z] Processing undefined C...
[2026-07-01T10:56:01.404Z] getConId: requesting contract details for undefined, reqId 2365
[2026-07-01T10:56:02.458Z] Signal received: sell undefined undefined @ undefined
[2026-07-01T10:56:02.459Z] Skipped: action is sell
[2026-07-01T10:56:09.404Z] Error processing undefined: ConId timeout
[2026-07-01T11:03:23.376Z] Signal received: buy undefined undefined @ undefined
[2026-07-01T11:03:23.377Z] Queued undefined — queue length: 1
[2026-07-01T11:03:23.377Z] Processing undefined C...
[2026-07-01T11:03:23.377Z] getConId: requesting contract details for undefined, reqId 1576
[2026-07-01T11:03:29.401Z] Signal received: buy undefined undefined @ undefined
[2026-07-01T11:03:29.401Z] Queued undefined — queue length: 1
[2026-07-01T11:03:31.377Z] Error processing undefined: ConId timeout
[2026-07-01T11:03:31.377Z] Processing undefined C...
[2026-07-01T11:03:31.377Z] getConId: requesting contract details for undefined, reqId 8918
[2026-07-01T11:03:39.376Z] Error processing undefined: ConId timeout
[2026-07-01T11:17:11.393Z] Signal received: buy undefined undefined @ undefined
[2026-07-01T11:17:11.394Z] Queued undefined — queue length: 1
[2026-07-01T11:17:11.394Z] Processing undefined C...
[2026-07-01T11:17:11.394Z] getConId: requesting contract details for undefined, reqId 3459
[2026-07-01T11:17:17.404Z] Signal received: buy undefined undefined @ undefined
[2026-07-01T11:17:17.405Z] Queued undefined — queue length: 1
[2026-07-01T11:17:19.394Z] Error processing undefined: ConId timeout
[2026-07-01T11:17:19.394Z] Processing undefined C...
[2026-07-01T11:17:19.394Z] getConId: requesting contract details for undefined, reqId 2338
[2026-07-01T11:17:27.395Z] Error processing undefined: ConId timeout
[2026-07-01T12:01:36.571Z] Signal received: SELL undefined undefined @ undefined
[2026-07-01T12:01:36.572Z] Skipped: action is SELL
[2026-07-01T12:01:40.055Z] Signal received: SELL undefined undefined @ undefined
[2026-07-01T12:01:40.055Z] Skipped: action is SELL
[2026-07-01T12:01:57.564Z] Signal received: SELL undefined undefined @ undefined
[2026-07-01T12:01:57.564Z] Skipped: action is SELL
[2026-07-01T12:02:04.560Z] Signal received: SELL undefined undefined @ undefined
[2026-07-01T12:02:04.561Z] Skipped: action is SELL
[2026-07-01T12:02:37.019Z] Signal received: sell  undefined undefined @ undefined
[2026-07-01T12:02:37.020Z] Skipped: action is sell 
[2026-07-01T12:02:38.653Z] Signal received: SELL undefined undefined @ undefined
[2026-07-01T12:02:38.654Z] Skipped: action is SELL
[2026-07-01T12:02:38.673Z] Signal received: buy undefined undefined @ undefined
[2026-07-01T12:02:38.674Z] Queued undefined — queue length: 1
[2026-07-01T12:02:38.674Z] Processing undefined C...
[2026-07-01T12:02:38.674Z] getConId: requesting contract details for undefined, reqId 4818
[2026-07-01T12:02:44.651Z] Signal received: SELL undefined undefined @ undefined
[2026-07-01T12:02:44.652Z] Skipped: action is SELL
[2026-07-01T12:02:46.675Z] Error processing undefined: ConId timeout
[2026-07-01T12:03:11.408Z] Signal received: buy undefined undefined @ undefined
[2026-07-01T12:03:11.409Z] Queued undefined — queue length: 1
[2026-07-01T12:03:11.409Z] Processing undefined C...
[2026-07-01T12:03:11.409Z] getConId: requesting contract details for undefined, reqId 5116
[2026-07-01T12:03:17.407Z] Signal received: buy undefined undefined @ undefined
[2026-07-01T12:03:17.407Z] Queued undefined — queue length: 1
[2026-07-01T12:03:19.409Z] Error processing undefined: ConId timeout
[2026-07-01T12:03:19.409Z] Processing undefined C...
[2026-07-01T12:03:19.410Z] getConId: requesting contract details for undefined, reqId 4732
[2026-07-01T12:03:20.633Z] Signal received: SELL undefined undefined @ undefined
[2026-07-01T12:03:20.634Z] Skipped: action is SELL
[2026-07-01T12:03:26.649Z] Signal received: SELL undefined undefined @ undefined
[2026-07-01T12:03:26.650Z] Skipped: action is SELL
[2026-07-01T12:03:27.410Z] Error processing undefined: ConId timeout
[2026-07-01T12:05:00.715Z] Signal received: sell undefined undefined @ 30342
[2026-07-01T12:05:00.715Z] Skipped: action is sell
[2026-07-01T12:05:00.801Z] Signal received: buy undefined undefined @ undefined
[2026-07-01T12:05:00.802Z] Queued undefined — queue length: 1
[2026-07-01T12:05:00.802Z] Processing undefined C...
[2026-07-01T12:05:00.802Z] getConId: requesting contract details for undefined, reqId 5860
[2026-07-01T12:05:05.205Z] Signal received: sell undefined undefined @ 30342
[2026-07-01T12:05:05.206Z] Skipped: action is sell
[2026-07-01T12:05:05.289Z] Signal received: sell  undefined undefined @ undefined
[2026-07-01T12:05:05.290Z] Skipped: action is sell 
[2026-07-01T12:05:08.653Z] Signal received: SELL undefined undefined @ undefined
[2026-07-01T12:05:08.653Z] Skipped: action is SELL
[2026-07-01T12:05:08.802Z] Error processing undefined: ConId timeout
[2026-07-01T12:07:37.094Z] Signal received: sell  undefined undefined @ undefined
[2026-07-01T12:07:37.094Z] Skipped: action is sell 
[2026-07-01T12:07:48.678Z] Signal received: buy undefined undefined @ undefined
[2026-07-01T12:07:48.679Z] Queued undefined — queue length: 1
[2026-07-01T12:07:48.679Z] Processing undefined C...
[2026-07-01T12:07:48.679Z] getConId: requesting contract details for undefined, reqId 2699
[2026-07-01T12:07:56.679Z] Error processing undefined: ConId timeout
[2026-07-01T12:10:00.874Z] Signal received: sell undefined undefined @ 30355.75
[2026-07-01T12:10:00.875Z] Skipped: action is sell
[2026-07-01T12:10:01.070Z] Signal received: buy undefined undefined @ undefined
[2026-07-01T12:10:01.070Z] Queued undefined — queue length: 1
[2026-07-01T12:10:01.070Z] Processing undefined C...
[2026-07-01T12:10:01.071Z] getConId: requesting contract details for undefined, reqId 3050
[2026-07-01T12:10:01.611Z] Signal received: sell  undefined undefined @ undefined
[2026-07-01T12:10:01.611Z] Skipped: action is sell 
[2026-07-01T12:10:02.570Z] Signal received: sell undefined undefined @ 30355.75
[2026-07-01T12:10:02.571Z] Skipped: action is sell
[2026-07-01T12:10:03.203Z] Signal received: sell undefined undefined @ 52490
[2026-07-01T12:10:03.203Z] Skipped: action is sell
[2026-07-01T12:10:03.465Z] Signal received: SELL undefined undefined @ undefined
[2026-07-01T12:10:03.465Z] Skipped: action is SELL
[2026-07-01T12:10:09.072Z] Error processing undefined: ConId timeout
[2026-07-01T12:13:33.206Z] Signal received: buy undefined undefined @ undefined
[2026-07-01T12:13:33.207Z] Queued undefined — queue length: 1
[2026-07-01T12:13:33.207Z] Processing undefined C...
[2026-07-01T12:13:33.207Z] getConId: requesting contract details for undefined, reqId 7317
[2026-07-01T12:13:41.207Z] Error processing undefined: ConId timeout
[2026-07-01T12:24:28.392Z] Signal received: buy undefined undefined @ undefined
[2026-07-01T12:24:28.392Z] Queued undefined — queue length: 1
[2026-07-01T12:24:28.393Z] Processing undefined C...
[2026-07-01T12:24:28.393Z] getConId: requesting contract details for undefined, reqId 3508
[2026-07-01T12:24:36.393Z] Error processing undefined: ConId timeout
[2026-07-01T12:30:42.045Z] Signal received: sell  undefined undefined @ undefined
[2026-07-01T12:30:42.045Z] Skipped: action is sell 
[2026-07-01T12:30:48.658Z] Signal received: buy undefined undefined @ undefined
[2026-07-01T12:30:48.659Z] Queued undefined — queue length: 1
[2026-07-01T12:30:48.659Z] Processing undefined C...
[2026-07-01T12:30:48.659Z] getConId: requesting contract details for undefined, reqId 8614
[2026-07-01T12:30:56.659Z] Error processing undefined: ConId timeout
[2026-07-01T12:34:26.640Z] Signal received: SELL undefined undefined @ undefined
[2026-07-01T12:34:26.641Z] Skipped: action is SELL
[2026-07-01T12:36:47.387Z] Signal received: buy undefined undefined @ undefined
[2026-07-01T12:36:47.388Z] Queued undefined — queue length: 1
[2026-07-01T12:36:47.388Z] Processing undefined C...
[2026-07-01T12:36:47.388Z] getConId: requesting contract details for undefined, reqId 4935
[2026-07-01T12:36:53.411Z] Signal received: buy undefined undefined @ undefined
[2026-07-01T12:36:53.412Z] Queued undefined — queue length: 1
[2026-07-01T12:36:55.388Z] Error processing undefined: ConId timeout
[2026-07-01T12:36:55.389Z] Processing undefined C...
[2026-07-01T12:36:55.389Z] getConId: requesting contract details for undefined, reqId 3976
[2026-07-01T12:37:03.389Z] Error processing undefined: ConId timeout
[2026-07-01T12:40:00.789Z] Signal received: sell undefined undefined @ 30263.75
[2026-07-01T12:40:00.790Z] Skipped: action is sell
[2026-07-01T12:40:01.043Z] Signal received: buy undefined undefined @ undefined
[2026-07-01T12:40:01.044Z] Queued undefined — queue length: 1
[2026-07-01T12:40:01.044Z] Processing undefined C...
[2026-07-01T12:40:01.044Z] getConId: requesting contract details for undefined, reqId 1682
[2026-07-01T12:40:01.499Z] Signal received: sell undefined undefined @ 30263.75
[2026-07-01T12:40:01.499Z] Skipped: action is sell
[2026-07-01T12:40:02.316Z] Signal received: sell  undefined undefined @ undefined
[2026-07-01T12:40:02.317Z] Skipped: action is sell 
[2026-07-01T12:40:04.321Z] Signal received: SELL undefined undefined @ undefined
[2026-07-01T12:40:04.321Z] Skipped: action is SELL
[2026-07-01T12:40:04.557Z] Signal received: sell undefined undefined @ 52492
[2026-07-01T12:40:04.557Z] Skipped: action is sell
[2026-07-01T12:40:07.110Z] Signal received: buy undefined undefined @ undefined
[2026-07-01T12:40:07.111Z] Queued undefined — queue length: 1
[2026-07-01T12:40:07.629Z] Signal received: sell  undefined undefined @ undefined
[2026-07-01T12:40:07.630Z] Skipped: action is sell 
[2026-07-01T12:40:09.044Z] Error processing undefined: ConId timeout
[2026-07-01T12:40:09.045Z] Processing undefined C...
[2026-07-01T12:40:09.045Z] getConId: requesting contract details for undefined, reqId 3105
[2026-07-01T12:40:17.046Z] Error processing undefined: ConId timeout
[2026-07-01T12:41:08.273Z] Signal received: buy undefined undefined @ undefined
[2026-07-01T12:41:08.274Z] Queued undefined — queue length: 1
[2026-07-01T12:41:08.274Z] Processing undefined C...
[2026-07-01T12:41:08.274Z] getConId: requesting contract details for undefined, reqId 6358
[2026-07-01T12:41:16.275Z] Error processing undefined: ConId timeout
[2026-07-01T12:43:14.640Z] Signal received: SELL undefined undefined @ undefined
[2026-07-01T12:43:14.641Z] Skipped: action is SELL
[2026-07-01T12:43:20.636Z] Signal received: SELL undefined undefined @ undefined
[2026-07-01T12:43:20.637Z] Skipped: action is SELL
[2026-07-01T12:43:35.612Z] Signal received: buy undefined undefined @ undefined
[2026-07-01T12:43:35.612Z] Queued undefined — queue length: 1
[2026-07-01T12:43:35.612Z] Processing undefined C...
[2026-07-01T12:43:35.612Z] getConId: requesting contract details for undefined, reqId 6697
[2026-07-01T12:43:43.613Z] Error processing undefined: ConId timeout
[2026-07-01T12:45:00.913Z] Signal received: buy undefined undefined @ undefined
[2026-07-01T12:45:00.913Z] Queued undefined — queue length: 1
[2026-07-01T12:45:00.913Z] Processing undefined C...
[2026-07-01T12:45:00.914Z] getConId: requesting contract details for undefined, reqId 7076
[2026-07-01T12:45:01.122Z] Signal received: sell undefined undefined @ 30271.75
[2026-07-01T12:45:01.122Z] Skipped: action is sell
[2026-07-01T12:45:03.074Z] Signal received: sell  undefined undefined @ undefined
[2026-07-01T12:45:03.075Z] Skipped: action is sell 
[2026-07-01T12:45:03.549Z] Signal received: sell undefined undefined @ 30271.75
[2026-07-01T12:45:03.550Z] Skipped: action is sell
[2026-07-01T12:45:08.915Z] Error processing undefined: ConId timeout
[2026-07-01T12:45:29.611Z] Signal received: sell  undefined undefined @ undefined
[2026-07-01T12:45:29.612Z] Skipped: action is sell 
[2026-07-01T12:45:43.708Z] Signal received: buy undefined undefined @ undefined
[2026-07-01T12:45:43.709Z] Queued undefined — queue length: 1
[2026-07-01T12:45:43.709Z] Processing undefined C...
[2026-07-01T12:45:43.709Z] getConId: requesting contract details for undefined, reqId 4248
[2026-07-01T12:45:51.708Z] Error processing undefined: ConId timeout
[2026-07-01T12:49:45.958Z] Signal received: sell  undefined undefined @ undefined
[2026-07-01T12:49:45.959Z] Skipped: action is sell 
[2026-07-01T12:50:00.421Z] Signal received: buy undefined undefined @ undefined
[2026-07-01T12:50:00.421Z] Queued undefined — queue length: 1
[2026-07-01T12:50:00.422Z] Processing undefined C...
[2026-07-01T12:50:00.422Z] getConId: requesting contract details for undefined, reqId 1129
[2026-07-01T12:50:00.445Z] Signal received: sell  undefined undefined @ undefined
[2026-07-01T12:50:00.445Z] Skipped: action is sell 
[2026-07-01T12:50:00.475Z] Signal received: sell undefined undefined @ 30253
[2026-07-01T12:50:00.476Z] Skipped: action is sell
[2026-07-01T12:50:00.611Z] Signal received: sell undefined undefined @ 30253
[2026-07-01T12:50:00.612Z] Skipped: action is sell
[2026-07-01T12:50:08.422Z] Error processing undefined: ConId timeout
[2026-07-01T12:54:14.468Z] Signal received: sell  undefined undefined @ undefined
[2026-07-01T12:54:14.469Z] Skipped: action is sell 
[2026-07-01T12:54:15.362Z] Signal received: buy undefined undefined @ undefined
[2026-07-01T12:54:15.363Z] Queued undefined — queue length: 1
[2026-07-01T12:54:15.363Z] Processing undefined C...
[2026-07-01T12:54:15.363Z] getConId: requesting contract details for undefined, reqId 3365
[2026-07-01T12:54:23.363Z] Error processing undefined: ConId timeout
[2026-07-01T12:55:00.624Z] Signal received: sell  undefined undefined @ undefined
[2026-07-01T12:55:00.624Z] Skipped: action is sell 
[2026-07-01T12:55:00.703Z] Signal received: sell undefined undefined @ 30247.25
[2026-07-01T12:55:00.703Z] Skipped: action is sell
[2026-07-01T12:55:00.746Z] Signal received: sell undefined undefined @ 30247.25
[2026-07-01T12:55:00.747Z] Skipped: action is sell
[2026-07-01T12:55:00.942Z] Signal received: buy undefined undefined @ undefined
[2026-07-01T12:55:00.943Z] Queued undefined — queue length: 1
[2026-07-01T12:55:00.943Z] Processing undefined C...
[2026-07-01T12:55:00.943Z] getConId: requesting contract details for undefined, reqId 3042
[2026-07-01T12:55:08.943Z] Error processing undefined: ConId timeout
[2026-07-01T12:55:42.887Z] Signal received: buy undefined undefined @ undefined
[2026-07-01T12:55:42.888Z] Queued undefined — queue length: 1
[2026-07-01T12:55:42.888Z] Processing undefined C...
[2026-07-01T12:55:42.888Z] getConId: requesting contract details for undefined, reqId 2624
[2026-07-01T12:55:44.458Z] Signal received: sell  undefined undefined @ undefined
[2026-07-01T12:55:44.458Z] Skipped: action is sell 
[2026-07-01T12:55:50.889Z] Error processing undefined: ConId timeout
[2026-07-01T13:00:00.462Z] Signal received: sell  undefined undefined @ undefined
[2026-07-01T13:00:00.462Z] Skipped: action is sell 
[2026-07-01T13:00:00.486Z] Signal received: buy undefined undefined @ undefined
[2026-07-01T13:00:00.487Z] Queued undefined — queue length: 1
[2026-07-01T13:00:00.487Z] Processing undefined C...
[2026-07-01T13:00:00.487Z] getConId: requesting contract details for undefined, reqId 8046
[2026-07-01T13:00:00.536Z] Signal received: sell undefined undefined @ 30267
[2026-07-01T13:00:00.536Z] Skipped: action is sell
[2026-07-01T13:00:00.581Z] Signal received: sell undefined undefined @ 30267
[2026-07-01T13:00:00.582Z] Skipped: action is sell
[2026-07-01T13:00:08.488Z] Error processing undefined: ConId timeout
[2026-07-01T13:06:22.871Z] Signal received: buy undefined undefined @ undefined
[2026-07-01T13:06:22.872Z] Queued undefined — queue length: 1
[2026-07-01T13:06:22.872Z] Processing undefined C...
[2026-07-01T13:06:22.872Z] getConId: requesting contract details for undefined, reqId 1480
[2026-07-01T13:06:24.408Z] Signal received: sell  undefined undefined @ undefined
[2026-07-01T13:06:24.409Z] Skipped: action is sell 
[2026-07-01T13:06:30.873Z] Error processing undefined: ConId timeout
[2026-07-01T13:10:00.698Z] Signal received: sell undefined undefined @ 30263.25
[2026-07-01T13:10:00.699Z] Skipped: action is sell
[2026-07-01T13:10:00.700Z] Signal received: buy undefined undefined @ undefined
[2026-07-01T13:10:00.701Z] Queued undefined — queue length: 1
[2026-07-01T13:10:00.701Z] Processing undefined C...
[2026-07-01T13:10:00.701Z] getConId: requesting contract details for undefined, reqId 6377
[2026-07-01T13:10:00.779Z] Signal received: sell  undefined undefined @ undefined
[2026-07-01T13:10:00.780Z] Skipped: action is sell 
[2026-07-01T13:10:00.933Z] Signal received: sell undefined undefined @ 30263.25
[2026-07-01T13:10:00.934Z] Skipped: action is sell
[2026-07-01T13:10:08.701Z] Error processing undefined: ConId timeout
[2026-07-01T13:10:11.909Z] Signal received: sell  undefined undefined @ undefined
[2026-07-01T13:10:11.909Z] Skipped: action is sell 
[2026-07-01T13:10:12.834Z] Signal received: buy undefined undefined @ undefined
[2026-07-01T13:10:12.834Z] Queued undefined — queue length: 1
[2026-07-01T13:10:12.835Z] Processing undefined C...
[2026-07-01T13:10:12.835Z] getConId: requesting contract details for undefined, reqId 1188
[2026-07-01T13:10:20.836Z] Error processing undefined: ConId timeout
[2026-07-01T13:15:00.525Z] Signal received: sell  undefined undefined @ undefined
[2026-07-01T13:15:00.526Z] Skipped: action is sell 
[2026-07-01T13:15:00.600Z] Signal received: buy undefined undefined @ undefined
[2026-07-01T13:15:00.600Z] Queued undefined — queue length: 1
[2026-07-01T13:15:00.601Z] Processing undefined C...
[2026-07-01T13:15:00.601Z] getConId: requesting contract details for undefined, reqId 6421
[2026-07-01T13:15:01.542Z] Signal received: sell undefined undefined @ 30254.75
[2026-07-01T13:15:01.543Z] Skipped: action is sell
[2026-07-01T13:15:02.113Z] Signal received: sell undefined undefined @ 30254.75
[2026-07-01T13:15:02.114Z] Skipped: action is sell
[2026-07-01T13:15:08.601Z] Error processing undefined: ConId timeout
[2026-07-01T13:26:40.375Z] Signal received: buy undefined undefined @ undefined
[2026-07-01T13:26:40.376Z] Queued undefined — queue length: 1
[2026-07-01T13:26:40.376Z] Processing undefined C...
[2026-07-01T13:26:40.376Z] getConId: requesting contract details for undefined, reqId 6721
[2026-07-01T13:26:41.924Z] Signal received: sell  undefined undefined @ undefined
[2026-07-01T13:26:41.924Z] Skipped: action is sell 
[2026-07-01T13:26:48.376Z] Error processing undefined: ConId timeout
[2026-07-01T13:30:06.360Z] Signal received: buy undefined undefined @ undefined
[2026-07-01T13:30:06.360Z] Queued undefined — queue length: 1
[2026-07-01T13:30:06.361Z] Processing undefined C...
[2026-07-01T13:30:06.361Z] getConId: requesting contract details for undefined, reqId 6832
[2026-07-01T13:30:08.612Z] Signal received: SELL undefined undefined @ undefined
[2026-07-01T13:30:08.613Z] Skipped: action is SELL
[2026-07-01T13:30:11.967Z] Signal received: SELL undefined undefined @ undefined
[2026-07-01T13:30:11.968Z] Skipped: action is SELL
[2026-07-01T13:30:14.361Z] Error processing undefined: ConId timeout
[2026-07-01T13:30:16.491Z] Signal received: buy undefined undefined @ undefined
[2026-07-01T13:30:16.492Z] Queued undefined — queue length: 1
[2026-07-01T13:30:16.492Z] Processing undefined C...
[2026-07-01T13:30:16.492Z] getConId: requesting contract details for undefined, reqId 3280
[2026-07-01T13:30:24.492Z] Error processing undefined: ConId timeout
[2026-07-01T13:31:57.026Z] Signal received: SELL undefined undefined @ undefined
[2026-07-01T13:31:57.026Z] Skipped: action is SELL
[2026-07-01T13:31:59.557Z] Signal received: buy undefined undefined @ undefined
[2026-07-01T13:31:59.558Z] Queued undefined — queue length: 1
[2026-07-01T13:31:59.558Z] Processing undefined C...
[2026-07-01T13:31:59.558Z] getConId: requesting contract details for undefined, reqId 7028
[2026-07-01T13:32:07.558Z] Error processing undefined: ConId timeout
[2026-07-01T13:40:00.560Z] Signal received: buy undefined undefined @ undefined
[2026-07-01T13:40:00.561Z] Queued undefined — queue length: 1
[2026-07-01T13:40:00.561Z] Processing undefined C...
[2026-07-01T13:40:00.561Z] getConId: requesting contract details for undefined, reqId 2526
[2026-07-01T13:40:00.579Z] Signal received: SELL undefined undefined @ undefined
[2026-07-01T13:40:00.580Z] Skipped: action is SELL
[2026-07-01T13:40:00.581Z] Signal received: buy undefined undefined @ 52461
[2026-07-01T13:40:00.581Z] Queued undefined — queue length: 1
[2026-07-01T13:40:00.847Z] Signal received: buy undefined undefined @ undefined
[2026-07-01T13:40:00.847Z] Queued undefined — queue length: 2
[2026-07-01T13:40:00.945Z] Signal received: sell undefined undefined @ 30115.25
[2026-07-01T13:40:00.946Z] Skipped: action is sell
[2026-07-01T13:40:00.996Z] Signal received: buy undefined undefined @ 52461
[2026-07-01T13:40:00.996Z] Queued undefined — queue length: 3
[2026-07-01T13:40:01.108Z] Signal received: sell undefined undefined @ 30115.25
[2026-07-01T13:40:01.109Z] Skipped: action is sell
[2026-07-01T13:40:02.186Z] Signal received: sell  undefined undefined @ undefined
[2026-07-01T13:40:02.186Z] Skipped: action is sell 
[2026-07-01T13:40:08.484Z] Signal received: buy undefined undefined @ undefined
[2026-07-01T13:40:08.485Z] Queued undefined — queue length: 4
[2026-07-01T13:40:08.562Z] Error processing undefined: ConId timeout
[2026-07-01T13:40:08.562Z] Processing undefined C...
[2026-07-01T13:40:08.562Z] getConId: requesting contract details for undefined, reqId 6865
[2026-07-01T13:40:09.981Z] Signal received: sell  undefined undefined @ undefined
[2026-07-01T13:40:09.981Z] Skipped: action is sell 
[2026-07-01T13:40:16.563Z] Error processing undefined: ConId timeout
[2026-07-01T13:40:16.563Z] Processing undefined C...
[2026-07-01T13:40:16.563Z] getConId: requesting contract details for undefined, reqId 8431
[2026-07-01T13:40:22.019Z] Signal received: SELL undefined undefined @ undefined
[2026-07-01T13:40:22.020Z] Skipped: action is SELL
[2026-07-01T13:40:23.636Z] Signal received: buy undefined undefined @ undefined
[2026-07-01T13:40:23.636Z] Queued undefined — queue length: 3
[2026-07-01T13:40:24.564Z] Error processing undefined: ConId timeout
[2026-07-01T13:40:24.564Z] Processing undefined C...
[2026-07-01T13:40:24.564Z] getConId: requesting contract details for undefined, reqId 7683
[2026-07-01T13:40:32.564Z] Error processing undefined: ConId timeout
[2026-07-01T13:40:32.564Z] Processing undefined C...
[2026-07-01T13:40:32.565Z] getConId: requesting contract details for undefined, reqId 5829
[2026-07-01T13:40:40.565Z] Error processing undefined: ConId timeout
[2026-07-01T13:40:40.566Z] Processing undefined C...
[2026-07-01T13:40:40.566Z] getConId: requesting contract details for undefined, reqId 8863
[2026-07-01T13:40:48.567Z] Error processing undefined: ConId timeout
[2026-07-01T13:41:33.571Z] Signal received: sell undefined undefined @ undefined
[2026-07-01T13:41:33.571Z] Skipped: action is sell
[2026-07-01T13:41:41.005Z] Signal received: sell undefined undefined @ undefined
[2026-07-01T13:41:41.006Z] Skipped: action is sell
[2026-07-01T13:41:42.622Z] Signal received: sell undefined undefined @ undefined
[2026-07-01T13:41:42.623Z] Skipped: action is sell
[2026-07-01T13:42:00.757Z] Signal received: buy undefined undefined @ undefined
[2026-07-01T13:42:00.758Z] Queued undefined — queue length: 1
[2026-07-01T13:42:00.758Z] Processing undefined C...
[2026-07-01T13:42:00.759Z] getConId: requesting contract details for undefined, reqId 7638
[2026-07-01T13:42:08.759Z] Error processing undefined: ConId timeout
[2026-07-01T13:42:25.829Z] Signal received: buy undefined undefined @ undefined
[2026-07-01T13:42:25.830Z] Queued undefined — queue length: 1
[2026-07-01T13:42:25.830Z] Processing undefined C...
[2026-07-01T13:42:25.830Z] getConId: requesting contract details for undefined, reqId 8522
[2026-07-01T13:42:26.680Z] Signal received: buy undefined undefined @ undefined
[2026-07-01T13:42:26.681Z] Queued undefined — queue length: 1
[2026-07-01T13:42:33.830Z] Error processing undefined: ConId timeout
[2026-07-01T13:42:33.831Z] Processing undefined C...
[2026-07-01T13:42:33.831Z] getConId: requesting contract details for undefined, reqId 4658
[2026-07-01T13:42:41.830Z] Error processing undefined: ConId timeout
[2026-07-01T13:45:01.828Z] Signal received: sell  undefined undefined @ undefined
[2026-07-01T13:45:01.829Z] Skipped: action is sell 
[2026-07-01T13:45:02.132Z] Signal received: buy undefined undefined @ undefined
[2026-07-01T13:45:02.133Z] Queued undefined — queue length: 1
[2026-07-01T13:45:02.133Z] Processing undefined C...
[2026-07-01T13:45:02.133Z] getConId: requesting contract details for undefined, reqId 5074
[2026-07-01T13:45:02.174Z] Signal received: sell undefined undefined @ 30141.5
[2026-07-01T13:45:02.175Z] Skipped: action is sell
[2026-07-01T13:45:02.273Z] Signal received: sell undefined undefined @ 30141.5
[2026-07-01T13:45:02.274Z] Skipped: action is sell
[2026-07-01T13:45:10.133Z] Error processing undefined: ConId timeout
[2026-07-01T13:45:14.304Z] Signal received: buy undefined undefined @ undefined
[2026-07-01T13:45:14.305Z] Queued undefined — queue length: 1
[2026-07-01T13:45:14.305Z] Processing undefined C...
[2026-07-01T13:45:14.305Z] getConId: requesting contract details for undefined, reqId 1764
[2026-07-01T13:45:17.124Z] Signal received: sell  undefined undefined @ undefined
[2026-07-01T13:45:17.124Z] Skipped: action is sell 
[2026-07-01T13:45:22.306Z] Error processing undefined: ConId timeout
[2026-07-01T13:50:00.410Z] Signal received: sell  undefined undefined @ undefined
[2026-07-01T13:50:00.410Z] Skipped: action is sell 
[2026-07-01T13:50:00.429Z] Signal received: buy undefined undefined @ undefined
[2026-07-01T13:50:00.430Z] Queued undefined — queue length: 1
[2026-07-01T13:50:00.430Z] Processing undefined C...
[2026-07-01T13:50:00.430Z] getConId: requesting contract details for undefined, reqId 7856
[2026-07-01T13:50:00.502Z] Signal received: sell undefined undefined @ 30204.5
[2026-07-01T13:50:00.503Z] Skipped: action is sell
[2026-07-01T13:50:00.504Z] Signal received: sell undefined undefined @ 30204.5
[2026-07-01T13:50:00.505Z] Skipped: action is sell
[2026-07-01T13:50:08.430Z] Error processing undefined: ConId timeout
[2026-07-01T13:50:42.886Z] Signal received: buy undefined undefined @ undefined
[2026-07-01T13:50:42.887Z] Queued undefined — queue length: 1
[2026-07-01T13:50:42.887Z] Processing undefined C...
[2026-07-01T13:50:42.887Z] getConId: requesting contract details for undefined, reqId 4925
[2026-07-01T13:50:44.422Z] Signal received: sell  undefined undefined @ undefined
[2026-07-01T13:50:44.423Z] Skipped: action is sell 
[2026-07-01T13:50:50.886Z] Error processing undefined: ConId timeout
[2026-07-01T13:55:00.431Z] Signal received: sell undefined undefined @ 30232
[2026-07-01T13:55:00.432Z] Skipped: action is sell
[2026-07-01T13:55:00.628Z] Signal received: sell undefined undefined @ 30232
[2026-07-01T13:55:00.629Z] Skipped: action is sell
[2026-07-01T13:55:00.738Z] Signal received: sell  undefined undefined @ undefined
[2026-07-01T13:55:00.739Z] Skipped: action is sell 
[2026-07-01T13:55:00.799Z] Signal received: buy undefined undefined @ 52643
[2026-07-01T13:55:00.800Z] Queued undefined — queue length: 1
[2026-07-01T13:55:00.800Z] Processing undefined C...
[2026-07-01T13:55:00.800Z] getConId: requesting contract details for undefined, reqId 2788
[2026-07-01T13:55:00.845Z] Signal received: buy undefined undefined @ 52643
[2026-07-01T13:55:00.845Z] Queued undefined — queue length: 1
[2026-07-01T13:55:08.799Z] Error processing undefined: ConId timeout
[2026-07-01T13:55:08.800Z] Processing undefined C...
[2026-07-01T13:55:08.800Z] getConId: requesting contract details for undefined, reqId 2880
[2026-07-01T13:55:16.800Z] Error processing undefined: ConId timeout
[2026-07-01T14:00:10.570Z] Signal received: buy QQQ call @ 730.16
[2026-07-01T14:00:10.571Z] Queued QQQ — queue length: 1
[2026-07-01T14:00:10.571Z] Processing QQQ C...
[2026-07-01T14:00:10.571Z] getConId: requesting contract details for QQQ, reqId 6331
[2026-07-01T14:00:18.570Z] Error processing QQQ: ConId timeout
[2026-07-01T14:00:27.619Z] Signal received: buy GOOGL call @ 358.63
[2026-07-01T14:00:27.620Z] Queued GOOGL — queue length: 1
[2026-07-01T14:00:27.620Z] Processing GOOGL C...
[2026-07-01T14:00:27.620Z] getConId: requesting contract details for GOOGL, reqId 5778
[2026-07-01T14:00:29.408Z] Signal received: buy MSFT call @ 377.51
[2026-07-01T14:00:29.408Z] Queued MSFT — queue length: 1
[2026-07-01T14:00:32.304Z] Signal received: buy IWM call @ 300.95
[2026-07-01T14:00:32.305Z] Queued IWM — queue length: 2
[2026-07-01T14:00:35.620Z] Error processing GOOGL: ConId timeout
[2026-07-01T14:00:35.620Z] Processing MSFT C...
[2026-07-01T14:00:35.620Z] getConId: requesting contract details for MSFT, reqId 4777
[2026-07-01T14:00:43.621Z] Error processing MSFT: ConId timeout
[2026-07-01T14:00:43.621Z] Processing IWM C...
[2026-07-01T14:00:43.621Z] getConId: requesting contract details for IWM, reqId 5431
[2026-07-01T14:00:51.622Z] Error processing IWM: ConId timeout
[2026-07-01T14:05:00.435Z] Signal received: buy undefined undefined @ 52646
[2026-07-01T14:05:00.435Z] Queued undefined — queue length: 1
[2026-07-01T14:05:00.435Z] Processing undefined C...
[2026-07-01T14:05:00.435Z] getConId: requesting contract details for undefined, reqId 5287
[2026-07-01T14:05:00.598Z] Signal received: buy undefined undefined @ 52646
[2026-07-01T14:05:00.598Z] Queued undefined — queue length: 1
[2026-07-01T14:05:08.436Z] Error processing undefined: ConId timeout
[2026-07-01T14:05:08.436Z] Processing undefined C...
[2026-07-01T14:05:08.436Z] getConId: requesting contract details for undefined, reqId 6026
[2026-07-01T14:05:16.436Z] Error processing undefined: ConId timeout
[2026-07-01T14:06:15.626Z] Server on http://localhost:3000
[2026-07-01T14:06:15.628Z] TP: +128% | SL: -100% | DTE: 0-3
[2026-07-01T14:06:15.628Z] EOD-flatten: ON @1550 ET | Trail: ON arm underlying+0.3% trail25% | Time-stop: ON 60min | MFE-log: ON
[2026-07-01T14:06:15.641Z] Connected to TWS
[2026-07-01T14:15:05.447Z] Signal received: buy IWM call @ 302.04
[2026-07-01T14:15:05.452Z] Queued IWM — queue length: 1
[2026-07-01T14:15:05.452Z] Processing IWM C...
[2026-07-01T14:15:05.453Z] getConId: requesting contract details for IWM, reqId 6914
[2026-07-01T14:15:05.575Z] ConId for IWM: 9579970
[2026-07-01T14:15:06.283Z] Order placed: IWM C strike:300 exp:20260701
[2026-07-01T14:15:07.536Z] Fill @ $2.24 → TP:$5.10 SL:$0.20
[2026-07-01T14:15:07.538Z] Tracking IWM_C_300_20260701 for trailing stop (entry $2.24, underlying 302.04)
[2026-07-01T14:15:10.679Z] IBKR [10089]: Requested market data requires additional subscription for API. See link in 'Market Data Connections' dialog for more details.IWM ARCA/TOP/ALL
[2026-07-01T14:15:10.723Z] IBKR [10168]: Requested market data is not subscribed. Delayed market data is not enabled.
[2026-07-01T14:15:16.954Z] Signal received: buy TSLA call @ 426.32
[2026-07-01T14:15:16.955Z] Queued TSLA — queue length: 1
[2026-07-01T14:15:16.955Z] Processing TSLA C...
[2026-07-01T14:15:16.956Z] getConId: requesting contract details for TSLA, reqId 3852
[2026-07-01T14:15:17.171Z] ConId for TSLA: 76792991
[2026-07-01T14:15:17.860Z] getExpirations: skipping alternate trading class "2TSLA" for TSLA
[2026-07-01T14:15:17.903Z] Order placed: TSLA C strike:425 exp:20260701
[2026-07-01T14:15:19.090Z] Fill @ $3.99 → TP:$9.60 SL:$0.40
[2026-07-01T14:15:19.092Z] Tracking TSLA_C_425_20260701 for trailing stop (entry $3.99, underlying 426.32)
[2026-07-01T14:15:20.677Z] IBKR [10089]: Requested market data requires additional subscription for API. See link in 'Market Data Connections' dialog for more details.TSLA NASDAQ.NMS/TOP/ALL
[2026-07-01T14:15:20.819Z] IBKR [10168]: Requested market data is not subscribed. Delayed market data is not enabled.
[2026-07-01T14:30:13.042Z] Signal received: buy MSFT call @ 382.27
[2026-07-01T14:30:13.043Z] Queued MSFT — queue length: 1
[2026-07-01T14:30:13.043Z] Processing MSFT C...
[2026-07-01T14:30:13.043Z] getConId: requesting contract details for MSFT, reqId 3732
[2026-07-01T14:30:13.179Z] ConId for MSFT: 272093
[2026-07-01T14:30:13.641Z] getExpirations: skipping alternate trading class "2MSFT" for MSFT
[2026-07-01T14:30:13.684Z] Order placed: MSFT C strike:380 exp:20260701
[2026-07-01T14:30:23.905Z] Fill @ $3.3 → TP:$7.50 SL:$0.30
[2026-07-01T14:30:23.907Z] Tracking MSFT_C_380_20260701 for trailing stop (entry $3.3, underlying 382.27)
[2026-07-01T14:30:25.742Z] IBKR [10089]: Requested market data requires additional subscription for API. See link in 'Market Data Connections' dialog for more details.MSFT NASDAQ.NMS/TOP/ALL
[2026-07-01T14:30:25.785Z] IBKR [10168]: Requested market data is not subscribed. Delayed market data is not enabled.
[2026-07-01T15:00:02.678Z] Signal received: buy AAPL call @ 294.65
[2026-07-01T15:00:02.679Z] Queued AAPL — queue length: 1
[2026-07-01T15:00:02.679Z] Processing AAPL C...
[2026-07-01T15:00:02.679Z] getConId: requesting contract details for AAPL, reqId 2056
[2026-07-01T15:00:02.816Z] ConId for AAPL: 265598
[2026-07-01T15:00:03.298Z] Order placed: AAPL C strike:295 exp:20260701
[2026-07-01T15:00:04.125Z] Signal received: buy AAPL put @ 294.65
[2026-07-01T15:00:04.126Z] Queued AAPL — queue length: 1
[2026-07-01T15:00:06.298Z] Processing AAPL P...
[2026-07-01T15:00:06.299Z] getConId: requesting contract details for AAPL, reqId 4330
[2026-07-01T15:00:06.346Z] ConId for AAPL: 265598
[2026-07-01T15:00:06.571Z] Order placed: AAPL P strike:295 exp:20260701
[2026-07-01T15:00:07.295Z] Fill @ $1.39 → TP:$2.85 SL:$0.15
[2026-07-01T15:00:07.297Z] Tracking AAPL_P_295_20260701 for trailing stop (entry $1.39, underlying 294.65)
[2026-07-01T15:00:10.875Z] IBKR [10089]: Requested market data requires additional subscription for API. See link in 'Market Data Connections' dialog for more details.AAPL NASDAQ.NMS/TOP/ALL
[2026-07-01T15:00:10.919Z] IBKR [10168]: Requested market data is not subscribed. Delayed market data is not enabled.
[2026-07-01T15:00:13.627Z] Fill @ $0.89 → TP:$1.80 SL:$0.10
[2026-07-01T15:00:13.629Z] Tracking AAPL_C_295_20260701 for trailing stop (entry $0.89, underlying 294.65)
[2026-07-01T15:00:13.632Z] IBKR [103]: Duplicate order id
[2026-07-01T15:00:13.731Z] IBKR [103]: Duplicate order id
[2026-07-01T15:00:15.875Z] IBKR [10089]: Requested market data requires additional subscription for API. See link in 'Market Data Connections' dialog for more details.AAPL NASDAQ.NMS/TOP/ALL
[2026-07-01T15:00:15.919Z] IBKR [10168]: Requested market data is not subscribed. Delayed market data is not enabled.
[2026-07-01T15:15:02.727Z] Signal received: buy SPY call @ 748.06
[2026-07-01T15:15:02.728Z] Queued SPY — queue length: 1
[2026-07-01T15:15:02.728Z] Processing SPY C...
[2026-07-01T15:15:02.729Z] getConId: requesting contract details for SPY, reqId 7316
[2026-07-01T15:15:02.775Z] ConId for SPY: 756733
[2026-07-01T15:15:03.387Z] Signal received: buy IWM call @ 301.91
[2026-07-01T15:15:03.388Z] Queued IWM — queue length: 1
[2026-07-01T15:15:04.496Z] Order placed: SPY C strike:750 exp:20260701
[2026-07-01T15:15:05.875Z] Fill @ $0.38 → TP:$0.85 SL:$0.05
[2026-07-01T15:15:05.876Z] Tracking SPY_C_750_20260701 for trailing stop (entry $0.38, underlying 748.06)
[2026-07-01T15:15:06.080Z] IBKR [10089]: Requested market data requires additional subscription for API. See link in 'Market Data Connections' dialog for more details.SPY ARCA/TOP/ALL
[2026-07-01T15:15:06.222Z] IBKR [10091]: Part of requested market data requires additional subscription for API. See link in 'Market Data Connections' dialog for more details.SPY ARCA/TOP/ALL
[2026-07-01T15:15:06.562Z] IBKR [354]: Requested market data is not subscribed. Check API status by selecting the Account menu then under Management choose Market Data Subscription Manager and/or availability of delayed data.Delayed market data is available.SPY JUL 01 '26 750 Call (SPY   260701C00750000) /TOP/ALL
[2026-07-01T15:15:06.563Z] IBKR [354]: Requested market data is not subscribed. Check API status by selecting the Account menu then under Management choose Market Data Subscription Manager and/or availability of delayed data.Delayed market data is available.Error&BEST/OPT/Top&BEST/OPT/Top
[2026-07-01T15:15:07.496Z] Processing IWM C...
[2026-07-01T15:15:07.496Z] getConId: requesting contract details for IWM, reqId 6887
[2026-07-01T15:15:07.543Z] ConId for IWM: 9579970
[2026-07-01T15:15:07.949Z] Order placed: IWM C strike:300 exp:20260701
[2026-07-01T15:15:08.057Z] IBKR [201]: Order rejected - reason:Cannot have open orders on both sides of the same US Option contract.
[2026-07-01T15:15:10.925Z] Time-stop HIT IWM_C_300_20260701: un-armed after 60.1min — closing at market
[2026-07-01T15:15:10.998Z] IBKR [202]: Order Canceled - reason:
[2026-07-01T15:15:11.168Z] IBKR [300]: Can't find EId with tickerId:6855
[2026-07-01T15:15:11.268Z] IBKR [300]: Can't find EId with tickerId:23445
[2026-07-01T15:15:11.759Z] IBKR [202]: Order Canceled - reason:
[2026-07-01T15:15:20.926Z] Time-stop HIT TSLA_C_425_20260701: un-armed after 60.0min — closing at market
[2026-07-01T15:15:20.972Z] IBKR [202]: Order Canceled - reason:
[2026-07-01T15:15:21.027Z] IBKR [10148]: OrderId 6 that needs to be cancelled cannot be cancelled, state: Cancelled.
[2026-07-01T15:15:21.227Z] IBKR [300]: Can't find EId with tickerId:2990
[2026-07-01T15:15:21.327Z] IBKR [300]: Can't find EId with tickerId:27476
[2026-07-01T15:15:21.933Z] IBKR [202]: Order Canceled - reason:
[2026-07-01T15:15:37.949Z] No fill for 19 after 30s
[2026-07-01T15:16:21.679Z] IBKR [202]: Order Canceled - reason:
[2026-07-01T15:30:01.722Z] Signal received: buy IWM call @ 302.62
[2026-07-01T15:30:01.723Z] Queued IWM — queue length: 1
[2026-07-01T15:30:01.723Z] Processing IWM C...
[2026-07-01T15:30:01.724Z] getConId: requesting contract details for IWM, reqId 6783
[2026-07-01T15:30:01.771Z] ConId for IWM: 9579970
[2026-07-01T15:30:02.354Z] Order placed: IWM C strike:305 exp:20260701
[2026-07-01T15:30:03.110Z] Signal received: buy SPY call @ 749.29
[2026-07-01T15:30:03.111Z] Queued SPY — queue length: 1
[2026-07-01T15:30:05.355Z] Processing SPY C...
[2026-07-01T15:30:05.355Z] getConId: requesting contract details for SPY, reqId 3231
[2026-07-01T15:30:05.400Z] ConId for SPY: 756733
[2026-07-01T15:30:06.552Z] Order placed: SPY C strike:750 exp:20260701
[2026-07-01T15:30:06.726Z] IBKR [201]: Order rejected - reason:Cannot have open orders on both sides of the same US Option contract.
[2026-07-01T15:30:14.099Z] Fill @ $0.05 → TP:$0.10 SL:$0.05
[2026-07-01T15:30:14.102Z] Tracking IWM_C_305_20260701 for trailing stop (entry $0.05, underlying 302.62)
[2026-07-01T15:30:14.104Z] IBKR [103]: Duplicate order id
[2026-07-01T15:30:14.105Z] IBKR [103]: Duplicate order id
[2026-07-01T15:30:25.991Z] Time-stop HIT MSFT_C_380_20260701: un-armed after 60.0min — closing at market
[2026-07-01T15:30:25.995Z] IBKR [10147]: OrderId 8 that needs to be cancelled is not found.
[2026-07-01T15:30:25.996Z] IBKR [10147]: OrderId 9 that needs to be cancelled is not found.
[2026-07-01T15:30:26.193Z] IBKR [300]: Can't find EId with tickerId:8537
[2026-07-01T15:30:26.198Z] IBKR [201]: Order rejected - reason:You are not able to submit this order because you do not have trading permissions for this options strategy.
[2026-07-01T15:30:26.293Z] IBKR [300]: Can't find EId with tickerId:20470
[2026-07-01T15:30:31.156Z] IBKR [10197]: No market data during competing live session
[2026-07-01T15:30:31.157Z] IBKR [10197]: No market data during competing live session
[2026-07-01T15:30:36.552Z] No fill for 27 after 30s
[2026-07-01T15:31:03.681Z] IBKR [10197]: No market data during competing live session
[2026-07-01T15:31:03.682Z] IBKR [10197]: No market data during competing live session
[2026-07-01T15:45:02.762Z] Signal received: buy SPY call @ 748.79
[2026-07-01T15:45:02.763Z] Queued SPY — queue length: 1
[2026-07-01T15:45:02.763Z] Processing SPY C...
[2026-07-01T15:45:02.763Z] getConId: requesting contract details for SPY, reqId 5016
[2026-07-01T15:45:02.809Z] ConId for SPY: 756733
[2026-07-01T15:45:04.318Z] Order placed: SPY C strike:750 exp:20260701
[2026-07-01T15:45:04.525Z] IBKR [201]: Order rejected - reason:Cannot have open orders on both sides of the same US Option contract.
[2026-07-01T15:45:09.489Z] IBKR [10197]: No market data during competing live session
[2026-07-01T15:45:09.490Z] IBKR [10197]: No market data during competing live session
[2026-07-01T15:45:34.317Z] No fill for 31 after 30s
[2026-07-01T15:54:31.238Z] IBKR [10089]: Requested market data requires additional subscription for API. See link in 'Market Data Connections' dialog for more details.Delayed market data is available.IWM ARCA/TOP/ALL
[2026-07-01T15:54:31.321Z] IBKR [10091]: Part of requested market data requires additional subscription for API. See link in 'Market Data Connections' dialog for more details.Delayed market data is available.IWM ARCA/TOP/ALL
[2026-07-01T15:54:31.321Z] IBKR [354]: Requested market data is not subscribed. Check API status by selecting the Account menu then under Management choose Market Data Subscription Manager and/or availability of delayed data.Delayed market data is available.IWM JUL 01 '26 305 Call (IWM   260701C00305000) /TOP/ALL
[2026-07-01T15:54:31.322Z] IBKR [354]: Requested market data is not subscribed. Check API status by selecting the Account menu then under Management choose Market Data Subscription Manager and/or availability of delayed data.Delayed market data is available.Error&BEST/OPT/Top&BEST/OPT/Top&BEST/OPT/Top&BEST/OPT/Top&BEST/OPT/Top&BEST/OPT/Top
[2026-07-01T16:00:04.402Z] Signal received: buy SPY call @ 748.80
[2026-07-01T16:00:04.403Z] Queued SPY — queue length: 1
[2026-07-01T16:00:04.403Z] Processing SPY C...
[2026-07-01T16:00:04.403Z] getConId: requesting contract details for SPY, reqId 5821
[2026-07-01T16:00:04.450Z] ConId for SPY: 756733
[2026-07-01T16:00:06.217Z] Order placed: SPY C strike:750 exp:20260701
[2026-07-01T16:00:06.321Z] IBKR [201]: Order rejected - reason:Cannot have open orders on both sides of the same US Option contract.
[2026-07-01T16:00:11.091Z] Time-stop HIT AAPL_P_295_20260701: un-armed after 60.1min — closing at market
[2026-07-01T16:00:11.138Z] IBKR [202]: Order Canceled - reason:
[2026-07-01T16:00:11.275Z] IBKR [202]: Order Canceled - reason:
[2026-07-01T16:00:11.333Z] IBKR [300]: Can't find EId with tickerId:5997
[2026-07-01T16:00:11.434Z] IBKR [300]: Can't find EId with tickerId:26616
[2026-07-01T16:00:16.091Z] Time-stop HIT AAPL_C_295_20260701: un-armed after 60.0min — closing at market
[2026-07-01T16:00:16.094Z] IBKR [10147]: OrderId 11 that needs to be cancelled is not found.
[2026-07-01T16:00:16.096Z] IBKR [10147]: OrderId 12 that needs to be cancelled is not found.
[2026-07-01T16:00:16.196Z] IBKR [300]: Can't find EId with tickerId:2043
[2026-07-01T16:00:16.297Z] IBKR [300]: Can't find EId with tickerId:26767
[2026-07-01T16:00:36.216Z] No fill for 34 after 30s
[2026-07-01T16:15:06.139Z] Time-stop HIT SPY_C_750_20260701: un-armed after 60.0min — closing at market
[2026-07-01T16:15:06.186Z] IBKR [202]: Order Canceled - reason:
[2026-07-01T16:15:06.422Z] IBKR [202]: Order Canceled - reason:
[2026-07-01T16:15:06.423Z] IBKR [300]: Can't find EId with tickerId:3942
[2026-07-01T16:15:06.481Z] IBKR [300]: Can't find EId with tickerId:22138
[2026-07-01T16:17:27.052Z] Server on http://localhost:3000
[2026-07-01T16:17:27.054Z] TP: +128% | SL: -100% | DTE: 0-3
[2026-07-01T16:17:27.054Z] EOD-flatten: ON @1550 ET | Trail: ON arm underlying+0.3% trail25% | Time-stop: ON 60min | MFE-log: ON
[2026-07-01T16:17:27.067Z] Connected to TWS
[2026-07-01T18:00:04.521Z] Signal received: buy AAPL call @ 293.69
[2026-07-01T18:00:04.525Z] Queued AAPL — queue length: 1
[2026-07-01T18:00:04.525Z] Processing AAPL C...
[2026-07-01T18:00:04.525Z] getConId: requesting contract details for AAPL, reqId 1341
[2026-07-01T18:00:04.576Z] ConId for AAPL: 265598
[2026-07-01T18:00:04.788Z] Order placed: AAPL C strike:295 exp:20260701
[2026-07-01T18:00:05.365Z] Signal received: buy AAPL put @ 293.69
[2026-07-01T18:00:05.365Z] Queued AAPL — queue length: 1
[2026-07-01T18:00:05.447Z] Fill @ $0.31 → TP:$0.55 SL:$0.05
[2026-07-01T18:00:05.449Z] Tracking AAPL_C_295_20260701 for trailing stop (entry $0.31, underlying 293.69)
[2026-07-01T18:00:07.637Z] IBKR [354]: Requested market data is not subscribed. Check API status by selecting the Account menu then under Management choose Market Data Subscription Manager and/or availability of delayed data.Delayed market data is available.AAPL JUL 01 '26 295 Call (AAPL  260701C00295000) /TOP/ALL
[2026-07-01T18:00:07.788Z] SKIP: already holding AAPL (AAPL_C_295_20260701) -- one position per ticker
[2026-07-01T18:07:56.923Z] Trail ARMED AAPL_C_295_20260701 on underlying +0.31% (px 294.59, entry 293.69)
[2026-07-01T18:08:30.215Z] IBKR [202]: Order Canceled - reason:
[2026-07-01T19:40:04.128Z] Signal received: undefined undefined undefined @ undefined
[2026-07-01T19:40:04.129Z] Skipped: action is undefined
[2026-07-01T19:40:04.279Z] Signal received: undefined undefined undefined @ undefined
[2026-07-01T19:40:04.280Z] Skipped: action is undefined
[2026-07-01T19:50:27.231Z] EOD-flatten trigger at 1550 ET
[2026-07-01T19:50:27.278Z] EOD-flatten: closing 1 position(s) expiring 20260701
[2026-07-01T19:50:27.278Z] EOD-flatten SELL: IWM C 305 qty 1
[2026-07-01T19:50:27.323Z] IBKR [321]: Error validating request.-'bF' : cause - Missing order exchange.
[2026-07-02T14:00:04.000Z] Signal received: buy AAPL put @ 302.79
[2026-07-02T14:00:04.002Z] Queued AAPL — queue length: 1
[2026-07-02T14:00:04.002Z] SKIP: already holding AAPL (AAPL_C_295_20260701) -- one position per ticker
[2026-07-02T14:00:04.947Z] Signal received: buy AAPL call @ 302.79
[2026-07-02T14:00:04.948Z] Queued AAPL — queue length: 1
[2026-07-02T14:00:04.948Z] SKIP: already holding AAPL (AAPL_C_295_20260701) -- one position per ticker
[2026-07-02T14:00:30.938Z] Signal received: buy GOOGL call @ 362.73
[2026-07-02T14:00:30.939Z] Queued GOOGL — queue length: 1
[2026-07-02T14:00:30.939Z] Processing GOOGL C...
[2026-07-02T14:00:30.940Z] getConId: requesting contract details for GOOGL, reqId 6397
[2026-07-02T14:00:38.940Z] Error processing GOOGL: ConId timeout
[2026-07-02T14:15:10.131Z] Signal received: buy SPY call @ 750.96
[2026-07-02T14:15:10.132Z] Queued SPY — queue length: 1
[2026-07-02T14:15:10.132Z] Processing SPY C...
[2026-07-02T14:15:10.133Z] getConId: requesting contract details for SPY, reqId 3859
[2026-07-02T14:15:18.133Z] Error processing SPY: ConId timeout
[2026-07-02T14:30:04.531Z] Signal received: buy QQQ put @ 722.08
[2026-07-02T14:30:04.532Z] Queued QQQ — queue length: 1
[2026-07-02T14:30:04.532Z] Processing QQQ P...
[2026-07-02T14:30:04.532Z] getConId: requesting contract details for QQQ, reqId 6435
[2026-07-02T14:30:06.744Z] Signal received: buy SPY call @ 747.94
[2026-07-02T14:30:06.745Z] Queued SPY — queue length: 1
[2026-07-02T14:30:12.533Z] Error processing QQQ: ConId timeout
[2026-07-02T14:30:12.533Z] Processing SPY C...
[2026-07-02T14:30:12.534Z] getConId: requesting contract details for SPY, reqId 7427
[2026-07-02T14:30:20.533Z] Error processing SPY: ConId timeout
[2026-07-02T14:45:05.048Z] Signal received: buy QQQ put @ 719.05
[2026-07-02T14:45:05.049Z] Queued QQQ — queue length: 1
[2026-07-02T14:45:05.049Z] Processing QQQ P...
[2026-07-02T14:45:05.050Z] getConId: requesting contract details for QQQ, reqId 1463
[2026-07-02T14:45:05.900Z] Signal received: buy AVGO put @ 366.81
[2026-07-02T14:45:05.901Z] Queued AVGO — queue length: 1
[2026-07-02T14:45:13.050Z] Error processing QQQ: ConId timeout
[2026-07-02T14:45:13.051Z] Processing AVGO P...
[2026-07-02T14:45:13.051Z] getConId: requesting contract details for AVGO, reqId 5193
[2026-07-02T14:45:21.051Z] Error processing AVGO: ConId timeout
[2026-07-02T15:00:01.680Z] Signal received: buy SPY call @ 747.66
[2026-07-02T15:00:01.681Z] Queued SPY — queue length: 1
[2026-07-02T15:00:01.682Z] Processing SPY C...
[2026-07-02T15:00:01.682Z] getConId: requesting contract details for SPY, reqId 3838
[2026-07-02T15:00:09.049Z] Signal received: buy QQQ put @ 719.82
[2026-07-02T15:00:09.050Z] Queued QQQ — queue length: 1
[2026-07-02T15:00:09.682Z] Error processing SPY: ConId timeout
[2026-07-02T15:00:09.683Z] Processing QQQ P...
[2026-07-02T15:00:09.683Z] getConId: requesting contract details for QQQ, reqId 2558
[2026-07-02T15:00:17.683Z] Error processing QQQ: ConId timeout
[2026-07-02T15:05:40.768Z] Server on http://localhost:3000
[2026-07-02T15:05:40.769Z] TP: +128% | SL: -100% | DTE: 0-3
[2026-07-02T15:05:40.770Z] EOD-flatten: ON @1550 ET | Trail: ON arm underlying+0.3% trail25% | Time-stop: ON 60min | MFE-log: ON
[2026-07-02T15:05:40.780Z] Connected to TWS
[2026-07-02T15:15:02.151Z] Signal received: buy IWM put @ 297.64
[2026-07-02T15:15:02.156Z] Queued IWM — queue length: 1
[2026-07-02T15:15:02.158Z] Processing IWM P...
[2026-07-02T15:15:02.158Z] getConId: requesting contract details for IWM, reqId 6792
[2026-07-02T15:15:02.210Z] ConId for IWM: 9579970
[2026-07-02T15:15:03.028Z] Order placed: IWM P strike:300 exp:20260702
[2026-07-02T15:15:15.316Z] Fill @ $2.46 → TP:$5.60 SL:$0.25
[2026-07-02T15:15:15.317Z] Tracking IWM_P_300_20260702 for trailing stop (entry $2.46, underlying 297.64)
[2026-07-02T15:15:15.837Z] IBKR [10089]: Requested market data requires additional subscription for API. See link in 'Market Data Connections' dialog for more details.IWM ARCA/TOP/ALL
[2026-07-02T15:15:15.979Z] IBKR [10168]: Requested market data is not subscribed. Delayed market data is not enabled.
[2026-07-02T15:30:01.934Z] Signal received: buy IWM put @ 297.27
[2026-07-02T15:30:01.935Z] Queued IWM — queue length: 1
[2026-07-02T15:30:01.935Z] SKIP: already holding IWM (IWM_P_300_20260702) -- one position per ticker
[2026-07-02T15:45:05.137Z] Signal received: buy IWM put @ 298.08
[2026-07-02T15:45:05.138Z] Queued IWM — queue length: 1
[2026-07-02T15:45:05.139Z] SKIP: already holding IWM (IWM_P_300_20260702) -- one position per ticker
[2026-07-02T16:15:16.084Z] Time-stop HIT IWM_P_300_20260702: un-armed after 60.0min — closing at market
[2026-07-02T16:15:16.151Z] IBKR [202]: Order Canceled - reason:
[2026-07-02T16:15:16.327Z] IBKR [300]: Can't find EId with tickerId:8479
[2026-07-02T16:15:16.427Z] IBKR [300]: Can't find EId with tickerId:23297
[2026-07-02T16:15:17.119Z] IBKR [202]: Order Canceled - reason:
[2026-07-02T17:00:03.605Z] Signal received: buy SPY put @ 742.17
[2026-07-02T17:00:03.606Z] Queued SPY — queue length: 1
[2026-07-02T17:00:03.606Z] Processing SPY P...
[2026-07-02T17:00:03.606Z] getConId: requesting contract details for SPY, reqId 3590
[2026-07-02T17:00:03.654Z] ConId for SPY: 756733
[2026-07-02T17:00:05.495Z] Order placed: SPY P strike:740 exp:20260702
[2026-07-02T17:00:06.462Z] Fill @ $0.56 → TP:$1.30 SL:$0.05
[2026-07-02T17:00:06.463Z] Tracking SPY_P_740_20260702 for trailing stop (entry $0.56, underlying 742.17)
[2026-07-02T17:00:11.288Z] IBKR [10089]: Requested market data requires additional subscription for API. See link in 'Market Data Connections' dialog for more details.SPY ARCA/TOP/ALL
[2026-07-02T17:00:11.430Z] IBKR [10168]: Requested market data is not subscribed. Delayed market data is not enabled.
[2026-07-02T17:15:01.282Z] Signal received: buy SPY put @ 741.75
[2026-07-02T17:15:01.283Z] Queued SPY — queue length: 1
[2026-07-02T17:15:01.284Z] SKIP: already holding SPY (SPY_P_740_20260702) -- one position per ticker
[2026-07-02T17:30:07.495Z] Signal received: buy SPY put @ 741.53
[2026-07-02T17:30:07.496Z] Queued SPY — queue length: 1
[2026-07-02T17:30:07.496Z] SKIP: already holding SPY (SPY_P_740_20260702) -- one position per ticker
[2026-07-02T18:00:06.502Z] Time-stop HIT SPY_P_740_20260702: un-armed after 60.0min — closing at market
[2026-07-02T18:00:06.560Z] IBKR [202]: Order Canceled - reason:
[2026-07-02T18:00:06.744Z] IBKR [300]: Can't find EId with tickerId:3993
[2026-07-02T18:00:06.845Z] IBKR [300]: Can't find EId with tickerId:23968
[2026-07-02T18:00:08.083Z] IBKR [202]: Order Canceled - reason:
[2026-07-02T19:50:11.016Z] EOD-flatten trigger at 1550 ET
[2026-07-02T19:50:11.022Z] EOD-flatten: no 0DTE option positions to close (exp 20260702)
[2026-07-03T00:01:03.456Z] Server on http://localhost:3000
[2026-07-03T00:01:03.458Z] TP: +128% | SL: -100% | DTE: 0-3
[2026-07-03T00:01:03.458Z] EOD-flatten: ON @1550 ET | Trail: ON arm underlying+0.3% trail25% | Time-stop: ON 60min | MFE-log: ON
[2026-07-03T00:01:03.469Z] Connected to TWS
[2026-07-03T00:01:33.482Z] EOD-flatten trigger at 2001 ET
[2026-07-03T00:01:33.487Z] EOD-flatten: no 0DTE option positions to close (exp 20260702)
[2026-07-03T19:50:04.613Z] EOD-flatten trigger at 1550 ET
[2026-07-03T19:50:04.618Z] EOD-flatten: no 0DTE option positions to close (exp 20260703)
[2026-07-04T19:50:05.978Z] EOD-flatten trigger at 1550 ET
[2026-07-05T19:50:07.315Z] EOD-flatten trigger at 1550 ET
[2026-07-06T00:01:03.545Z] Server on http://localhost:3000
[2026-07-06T00:01:03.547Z] TP: +128% | SL: -100% | DTE: 0-3
[2026-07-06T00:01:03.547Z] EOD-flatten: ON @1550 ET | Trail: ON arm underlying+0.3% trail25% | Time-stop: ON 60min | MFE-log: ON
[2026-07-06T00:01:03.560Z] Connected to TWS
[2026-07-06T00:01:33.561Z] EOD-flatten trigger at 2001 ET
[2026-07-06T00:01:33.566Z] EOD-flatten: no 0DTE option positions to close (exp 20260705)
[2026-07-06T14:15:16.130Z] Signal received: buy MSFT put @ 383.72
[2026-07-06T14:15:16.133Z] Queued MSFT — queue length: 1
[2026-07-06T14:15:16.134Z] Processing MSFT P...
[2026-07-06T14:15:16.134Z] getConId: requesting contract details for MSFT, reqId 7433
[2026-07-06T14:15:16.390Z] ConId for MSFT: 272093
[2026-07-06T14:15:17.047Z] getExpirations: skipping alternate trading class "2MSFT" for MSFT
[2026-07-06T14:15:17.094Z] Order placed: MSFT P strike:385 exp:20260706
[2026-07-06T14:15:18.539Z] Fill @ $2.93 → TP:$6.45 SL:$0.30
[2026-07-06T14:15:18.541Z] Tracking MSFT_P_385_20260706 for trailing stop (entry $2.93, underlying 383.72)
[2026-07-06T14:15:23.266Z] IBKR [10089]: Requested market data requires additional subscription for API. See link in 'Market Data Connections' dialog for more details.MSFT NASDAQ.NMS/TOP/ALL
[2026-07-06T14:15:23.352Z] IBKR [10091]: Part of requested market data requires additional subscription for API. See link in 'Market Data Connections' dialog for more details.MSFT NASDAQ.NMS/TOP/ALL
[2026-07-06T14:30:08.786Z] Signal received: buy SPY call @ 749.93
[2026-07-06T14:30:08.787Z] Queued SPY — queue length: 1
[2026-07-06T14:30:08.787Z] Processing SPY C...
[2026-07-06T14:30:08.787Z] getConId: requesting contract details for SPY, reqId 2378
[2026-07-06T14:30:09.002Z] ConId for SPY: 756733
[2026-07-06T14:30:10.454Z] Order placed: SPY C strike:750 exp:20260706
[2026-07-06T14:30:10.660Z] Signal received: buy AAPL put @ 311.74
[2026-07-06T14:30:10.661Z] Queued AAPL — queue length: 1
[2026-07-06T14:30:10.842Z] Fill @ $0.97 → TP:$2.20 SL:$0.10
[2026-07-06T14:30:10.844Z] Tracking SPY_C_750_20260706 for trailing stop (entry $0.97, underlying 749.93)
[2026-07-06T14:30:13.454Z] Processing AAPL P...
[2026-07-06T14:30:13.455Z] getConId: requesting contract details for AAPL, reqId 1521
[2026-07-06T14:30:13.627Z] ConId for AAPL: 265598
[2026-07-06T14:30:13.999Z] Signal received: buy AAPL call @ 311.74
[2026-07-06T14:30:14.000Z] Queued AAPL — queue length: 1
[2026-07-06T14:30:14.081Z] Order placed: AAPL P strike:310 exp:20260706
[2026-07-06T14:30:14.342Z] Fill @ $0.58 → TP:$1.15 SL:$0.05
[2026-07-06T14:30:14.344Z] Tracking AAPL_P_310_20260706 for trailing stop (entry $0.58, underlying 311.74)
[2026-07-06T14:30:17.081Z] SKIP: already holding AAPL (AAPL_P_310_20260706) -- one position per ticker
[2026-07-06T14:30:18.364Z] IBKR [10089]: Requested market data requires additional subscription for API. See link in 'Market Data Connections' dialog for more details.AAPL NASDAQ.NMS/TOP/ALL
[2026-07-06T14:30:18.448Z] IBKR [10091]: Part of requested market data requires additional subscription for API. See link in 'Market Data Connections' dialog for more details.AAPL NASDAQ.NMS/TOP/ALL
[2026-07-06T14:30:18.449Z] IBKR [10091]: Part of requested market data requires additional subscription for API. See link in 'Market Data Connections' dialog for more details.AAPL NASDAQ.NMS/TOP/ALL
[2026-07-06T14:45:12.145Z] Signal received: buy SPY call @ 749.67
[2026-07-06T14:45:12.146Z] Queued SPY — queue length: 1
[2026-07-06T14:45:12.146Z] SKIP: already holding SPY (SPY_C_750_20260706) -- one position per ticker
[2026-07-06T15:00:10.966Z] Signal received: buy SPY call @ 750.28
[2026-07-06T15:00:10.967Z] Queued SPY — queue length: 1
[2026-07-06T15:00:10.967Z] SKIP: already holding SPY (SPY_C_750_20260706) -- one position per ticker
[2026-07-06T15:15:15.111Z] Signal received: buy SPY call @ 750.11
[2026-07-06T15:15:15.112Z] Queued SPY — queue length: 1
[2026-07-06T15:15:15.113Z] SKIP: already holding SPY (SPY_C_750_20260706) -- one position per ticker
[2026-07-06T15:15:18.646Z] Time-stop HIT MSFT_P_385_20260706: un-armed after 60.0min — closing at market
[2026-07-06T15:15:18.721Z] IBKR [202]: Order Canceled - reason:
[2026-07-06T15:15:18.747Z] IBKR [202]: Order Canceled - reason:
[2026-07-06T15:15:18.749Z] IBKR [10148]: OrderId 3 that needs to be cancelled cannot be cancelled, state: Cancelled.
[2026-07-06T15:15:19.049Z] IBKR [300]: Can't find EId with tickerId:26321
[2026-07-06T15:30:13.735Z] Time-stop HIT SPY_C_750_20260706: un-armed after 60.0min — closing at market
[2026-07-06T15:30:13.782Z] IBKR [202]: Order Canceled - reason:
[2026-07-06T15:30:13.875Z] IBKR [202]: Order Canceled - reason:
[2026-07-06T15:30:18.734Z] Time-stop HIT AAPL_P_310_20260706: un-armed after 60.1min — closing at market
[2026-07-06T15:30:18.780Z] IBKR [202]: Order Canceled - reason:
[2026-07-06T15:30:18.825Z] IBKR [202]: Order Canceled - reason:
[2026-07-06T15:30:19.077Z] IBKR [300]: Can't find EId with tickerId:27569
[2026-07-06T16:15:16.208Z] Signal received: buy IWM call @ 300.06
[2026-07-06T16:15:16.209Z] Queued IWM — queue length: 1
[2026-07-06T16:15:16.209Z] Processing IWM C...
[2026-07-06T16:15:16.209Z] getConId: requesting contract details for IWM, reqId 8063
[2026-07-06T16:15:16.380Z] ConId for IWM: 9579970
[2026-07-06T16:15:16.977Z] Order placed: IWM C strike:300 exp:20260706
[2026-07-06T16:15:17.228Z] Fill @ $0.46 → TP:$1.05 SL:$0.05
[2026-07-06T16:15:17.231Z] Tracking IWM_C_300_20260706 for trailing stop (entry $0.46, underlying 300.06)
[2026-07-06T17:15:19.363Z] Time-stop HIT IWM_C_300_20260706: un-armed after 60.0min — closing at market
[2026-07-06T17:15:19.410Z] IBKR [202]: Order Canceled - reason:
[2026-07-06T17:15:19.430Z] IBKR [202]: Order Canceled - reason:
[2026-07-06T18:30:14.696Z] Signal received: buy META call @ 600.08
[2026-07-06T18:30:14.698Z] Queued META — queue length: 1
[2026-07-06T18:30:14.698Z] Processing META C...
[2026-07-06T18:30:14.698Z] getConId: requesting contract details for META, reqId 3651
[2026-07-06T18:30:14.874Z] ConId for META: 107113386
[2026-07-06T18:30:15.685Z] Order placed: META C strike:600 exp:20260706
[2026-07-06T18:30:15.919Z] Fill @ $1.88 → TP:$5.60 SL:$0.20
[2026-07-06T18:30:15.921Z] Tracking META_C_600_20260706 for trailing stop (entry $1.88, underlying 600.08)
[2026-07-06T18:30:19.830Z] IBKR [10089]: Requested market data requires additional subscription for API. See link in 'Market Data Connections' dialog for more details.META NASDAQ.NMS/TOP/ALL
[2026-07-06T18:30:19.973Z] IBKR [10091]: Part of requested market data requires additional subscription for API. See link in 'Market Data Connections' dialog for more details.META NASDAQ.NMS/TOP/ALL
[2026-07-06T19:30:20.154Z] Time-stop HIT META_C_600_20260706: un-armed after 60.1min — closing at market
[2026-07-06T19:30:20.201Z] IBKR [202]: Order Canceled - reason:
[2026-07-06T19:30:20.496Z] IBKR [300]: Can't find EId with tickerId:27609
[2026-07-06T19:30:20.945Z] IBKR [202]: Order Canceled - reason:
[2026-07-06T19:50:04.728Z] EOD-flatten trigger at 1550 ET
[2026-07-06T19:50:04.735Z] EOD-flatten: no 0DTE option positions to close (exp 20260706)
[2026-07-07T00:01:03.283Z] Server on http://localhost:3000
[2026-07-07T00:01:03.286Z] TP: +128% | SL: -100% | DTE: 0-3
[2026-07-07T00:01:03.286Z] EOD-flatten: ON @1550 ET | Trail: ON arm underlying+0.3% trail25% | Time-stop: ON 60min | MFE-log: ON
[2026-07-07T00:01:03.299Z] Connected to TWS
[2026-07-07T00:01:33.309Z] EOD-flatten trigger at 2001 ET
[2026-07-07T00:01:33.315Z] EOD-flatten: no 0DTE option positions to close (exp 20260706)
[2026-07-07T05:01:02.940Z] Server on http://localhost:3000
[2026-07-07T05:01:02.943Z] TP: +128% | SL: -100% | DTE: 0-3
[2026-07-07T05:01:02.943Z] EOD-flatten: ON @1550 ET | Trail: ON arm underlying+0.3% trail25% | Time-stop: ON 60min | MFE-log: ON
[2026-07-07T05:01:02.961Z] Connected to TWS
[2026-07-07T14:00:04.363Z] Signal received: buy NVDA put @ 192.62
[2026-07-07T14:00:04.368Z] Queued NVDA — queue length: 1
[2026-07-07T14:00:04.369Z] Processing NVDA P...
[2026-07-07T14:00:04.369Z] getConId: requesting contract details for NVDA, reqId 5135
[2026-07-07T14:00:04.530Z] Signal received: buy AMZN put @ 247.85
[2026-07-07T14:00:04.531Z] Queued AMZN — queue length: 1
[2026-07-07T14:00:04.626Z] ConId for NVDA: 4815747
[2026-07-07T14:00:05.686Z] getExpirations: skipping alternate trading class "2NVDA" for NVDA
[2026-07-07T14:00:05.692Z] getExpirations: skipping alternate trading class "2NVDA" for NVDA
[2026-07-07T14:00:05.699Z] Order placed: NVDA P strike:195 exp:20260708
[2026-07-07T14:00:07.636Z] Signal received: buy GOOGL call @ 371.15
[2026-07-07T14:00:07.637Z] Queued GOOGL — queue length: 2
[2026-07-07T14:00:08.344Z] Signal received: buy AMZN call @ 247.85
[2026-07-07T14:00:08.345Z] Queued AMZN — queue length: 3
[2026-07-07T14:00:08.621Z] Signal received: buy MSFT call @ 393.46
[2026-07-07T14:00:08.622Z] Queued MSFT — queue length: 4
[2026-07-07T14:00:08.699Z] Processing AMZN P...
[2026-07-07T14:00:08.700Z] getConId: requesting contract details for AMZN, reqId 2531
[2026-07-07T14:00:08.871Z] ConId for AMZN: 3691937
[2026-07-07T14:00:09.229Z] getExpirations: skipping alternate trading class "2AMZN" for AMZN
[2026-07-07T14:00:09.233Z] Signal received: buy QQQ put @ 711.22
[2026-07-07T14:00:09.235Z] Queued QQQ — queue length: 4
[2026-07-07T14:00:09.272Z] Order placed: AMZN P strike:250 exp:20260708
[2026-07-07T14:00:09.756Z] Fill @ $3.35 → TP:$10.30 SL:$0.30
[2026-07-07T14:00:09.758Z] Tracking NVDA_P_195_20260708 for trailing stop (entry $3.35, underlying 192.62)
[2026-07-07T14:00:09.802Z] IBKR [103]: Duplicate order id
[2026-07-07T14:00:09.864Z] IBKR [103]: Duplicate order id
[2026-07-07T14:00:10.786Z] IBKR [10089]: Requested market data requires additional subscription for API. See link in 'Market Data Connections' dialog for more details.NVDA NASDAQ.NMS/TOP/ALL
[2026-07-07T14:00:10.969Z] IBKR [10091]: Part of requested market data requires additional subscription for API. See link in 'Market Data Connections' dialog for more details.NVDA NASDAQ.NMS/TOP/ALL
[2026-07-07T14:00:12.272Z] Processing GOOGL C...
[2026-07-07T14:00:12.273Z] getConId: requesting contract details for GOOGL, reqId 3622
[2026-07-07T14:00:12.454Z] ConId for GOOGL: 208813719
[2026-07-07T14:00:12.921Z] getExpirations: skipping alternate trading class "2GOOGL" for GOOGL
[2026-07-07T14:00:12.921Z] getExpirations: skipping alternate trading class "2GOOGL" for GOOGL
[2026-07-07T14:00:12.923Z] Order placed: GOOGL C strike:370 exp:20260708
[2026-07-07T14:00:15.923Z] SKIP: AMZN order already in flight (parentId 4) -- one position per ticker
[2026-07-07T14:00:15.923Z] Processing MSFT C...
[2026-07-07T14:00:15.924Z] getConId: requesting contract details for MSFT, reqId 7015
[2026-07-07T14:00:16.096Z] ConId for MSFT: 272093
[2026-07-07T14:00:16.586Z] getExpirations: skipping alternate trading class "2MSFT" for MSFT
[2026-07-07T14:00:16.588Z] Order placed: MSFT C strike:395 exp:20260708
[2026-07-07T14:00:17.567Z] Fill @ $4.2 → TP:$11.60 SL:$0.40
[2026-07-07T14:00:17.569Z] Tracking GOOGL_C_370_20260708 for trailing stop (entry $4.2, underlying 371.15)
[2026-07-07T14:00:17.610Z] IBKR [103]: Duplicate order id
[2026-07-07T14:00:17.610Z] IBKR [103]: Duplicate order id
[2026-07-07T14:00:17.869Z] Fill @ $3.14 → TP:$6.30 SL:$0.30
[2026-07-07T14:00:17.870Z] Tracking MSFT_C_395_20260708 for trailing stop (entry $3.14, underlying 393.46)
[2026-07-07T14:00:19.588Z] Processing QQQ P...
[2026-07-07T14:00:19.588Z] getConId: requesting contract details for QQQ, reqId 8765
[2026-07-07T14:00:19.717Z] ConId for QQQ: 320227571
[2026-07-07T14:00:20.785Z] IBKR [10089]: Requested market data requires additional subscription for API. See link in 'Market Data Connections' dialog for more details.GOOGL NASDAQ.NMS/TOP/ALL
[2026-07-07T14:00:21.184Z] Order placed: QQQ P strike:710 exp:20260707
[2026-07-07T14:00:21.227Z] IBKR [10089]: Requested market data requires additional subscription for API. See link in 'Market Data Connections' dialog for more details.MSFT NASDAQ.NMS/TOP/ALL
[2026-07-07T14:00:21.231Z] IBKR [10091]: Part of requested market data requires additional subscription for API. See link in 'Market Data Connections' dialog for more details.GOOGL NASDAQ.NMS/TOP/ALL
[2026-07-07T14:00:21.232Z] IBKR [10091]: Part of requested market data requires additional subscription for API. See link in 'Market Data Connections' dialog for more details.GOOGL NASDAQ.NMS/TOP/ALL
[2026-07-07T14:00:21.269Z] IBKR [10091]: Part of requested market data requires additional subscription for API. See link in 'Market Data Connections' dialog for more details.MSFT NASDAQ.NMS/TOP/ALL
[2026-07-07T14:00:21.273Z] IBKR [10091]: Part of requested market data requires additional subscription for API. See link in 'Market Data Connections' dialog for more details.MSFT NASDAQ.NMS/TOP/ALL
[2026-07-07T14:00:22.136Z] Fill @ $2.13 → TP:$4.85 SL:$0.20
[2026-07-07T14:00:22.139Z] Tracking QQQ_P_710_20260707 for trailing stop (entry $2.13, underlying 711.22)
[2026-07-07T14:00:25.785Z] IBKR [10089]: Requested market data requires additional subscription for API. See link in 'Market Data Connections' dialog for more details.QQQ NASDAQ.NMS/TOP/ALL
[2026-07-07T14:00:25.928Z] IBKR [10091]: Part of requested market data requires additional subscription for API. See link in 'Market Data Connections' dialog for more details.QQQ NASDAQ.NMS/TOP/ALL
[2026-07-07T14:00:25.930Z] IBKR [10091]: Part of requested market data requires additional subscription for API. See link in 'Market Data Connections' dialog for more details.QQQ NASDAQ.NMS/TOP/ALL
[2026-07-07T14:00:27.240Z] Signal received: buy AVGO put @ 366.25
[2026-07-07T14:00:27.241Z] Queued AVGO — queue length: 1
[2026-07-07T14:00:27.241Z] Processing AVGO P...
[2026-07-07T14:00:27.241Z] getConId: requesting contract details for AVGO, reqId 2271
[2026-07-07T14:00:27.374Z] ConId for AVGO: 313130367
[2026-07-07T14:00:27.868Z] Order placed: AVGO P strike:365 exp:20260708
[2026-07-07T14:00:30.169Z] Fill @ $4.45 → TP:$22.50 SL:$0.40
[2026-07-07T14:00:30.170Z] Tracking AVGO_P_365_20260708 for trailing stop (entry $4.45, underlying 366.25)
[2026-07-07T14:00:30.786Z] IBKR [10089]: Requested market data requires additional subscription for API. See link in 'Market Data Connections' dialog for more details.AVGO NASDAQ.NMS/TOP/ALL
[2026-07-07T14:00:30.831Z] IBKR [10091]: Part of requested market data requires additional subscription for API. See link in 'Market Data Connections' dialog for more details.AVGO NASDAQ.NMS/TOP/ALL
[2026-07-07T14:00:30.833Z] IBKR [10091]: Part of requested market data requires additional subscription for API. See link in 'Market Data Connections' dialog for more details.AVGO NASDAQ.NMS/TOP/ALL
[2026-07-07T14:00:30.990Z] Fill @ $4.35 → TP:$13.00 SL:$0.40
[2026-07-07T14:00:30.991Z] Tracking AMZN_P_250_20260708 for trailing stop (entry $4.35, underlying 247.85)
[2026-07-07T14:00:30.992Z] IBKR [103]: Duplicate order id
[2026-07-07T14:00:30.994Z] IBKR [103]: Duplicate order id
[2026-07-07T14:00:32.086Z] Signal received: buy META call @ 612.81
[2026-07-07T14:00:32.087Z] Queued META — queue length: 1
[2026-07-07T14:00:32.087Z] Processing META C...
[2026-07-07T14:00:32.088Z] getConId: requesting contract details for META, reqId 1634
[2026-07-07T14:00:32.259Z] ConId for META: 107113386
[2026-07-07T14:00:33.005Z] Order placed: META C strike:615 exp:20260708
[2026-07-07T14:00:35.786Z] IBKR [10089]: Requested market data requires additional subscription for API. See link in 'Market Data Connections' dialog for more details.AMZN NASDAQ.NMS/TOP/ALL
[2026-07-07T14:00:35.831Z] IBKR [10091]: Part of requested market data requires additional subscription for API. See link in 'Market Data Connections' dialog for more details.AMZN NASDAQ.NMS/TOP/ALL
[2026-07-07T14:00:47.313Z] Fill @ $5.75 → TP:$18.90 SL:$0.60
[2026-07-07T14:00:47.314Z] Tracking META_C_615_20260708 for trailing stop (entry $5.75, underlying 612.81)
[2026-07-07T14:00:50.787Z] IBKR [10089]: Requested market data requires additional subscription for API. See link in 'Market Data Connections' dialog for more details.META NASDAQ.NMS/TOP/ALL
[2026-07-07T14:00:50.872Z] IBKR [10091]: Part of requested market data requires additional subscription for API. See link in 'Market Data Connections' dialog for more details.META NASDAQ.NMS/TOP/ALL
[2026-07-07T14:15:02.842Z] Signal received: buy QQQ put @ 708.09
[2026-07-07T14:15:02.843Z] Queued QQQ — queue length: 1
[2026-07-07T14:15:02.843Z] SKIP: already holding QQQ (QQQ_P_710_20260707) -- one position per ticker
[2026-07-07T14:15:05.270Z] Signal received: buy IWM put @ 295.63
[2026-07-07T14:15:05.271Z] Queued IWM — queue length: 1
[2026-07-07T14:15:05.271Z] Processing IWM P...
[2026-07-07T14:15:05.271Z] getConId: requesting contract details for IWM, reqId 8725
[2026-07-07T14:15:05.486Z] ConId for IWM: 9579970
[2026-07-07T14:15:06.147Z] Order placed: IWM P strike:295 exp:20260707
[2026-07-07T14:15:07.142Z] Fill @ $0.61 → TP:$1.40 SL:$0.05
[2026-07-07T14:15:07.143Z] Tracking IWM_P_295_20260707 for trailing stop (entry $0.61, underlying 295.63)
[2026-07-07T14:25:24.871Z] IBKR [10197]: No market data during competing live session
[2026-07-07T14:25:24.871Z] IBKR [10197]: No market data during competing live session
[2026-07-07T14:25:24.871Z] IBKR [10197]: No market data during competing live session
[2026-07-07T14:25:24.871Z] IBKR [10197]: No market data during competing live session
[2026-07-07T14:25:24.872Z] IBKR [10197]: No market data during competing live session
[2026-07-07T14:25:24.872Z] IBKR [10197]: No market data during competing live session
[2026-07-07T14:25:24.872Z] IBKR [10197]: No market data during competing live session
[2026-07-07T14:25:24.872Z] IBKR [10197]: No market data during competing live session
[2026-07-07T14:25:24.872Z] IBKR [10197]: No market data during competing live session
[2026-07-07T14:25:54.860Z] IBKR [10197]: No market data during competing live session
[2026-07-07T14:25:54.861Z] IBKR [10197]: No market data during competing live session
[2026-07-07T14:25:54.862Z] IBKR [10197]: No market data during competing live session
[2026-07-07T14:25:54.862Z] IBKR [10197]: No market data during competing live session
[2026-07-07T14:25:54.862Z] IBKR [10197]: No market data during competing live session
[2026-07-07T14:25:54.862Z] IBKR [10197]: No market data during competing live session
[2026-07-07T14:25:54.863Z] IBKR [10197]: No market data during competing live session
[2026-07-07T14:25:54.863Z] IBKR [10197]: No market data during competing live session
[2026-07-07T14:25:54.864Z] IBKR [10197]: No market data during competing live session
[2026-07-07T14:26:24.861Z] IBKR [10197]: No market data during competing live session
[2026-07-07T14:26:24.861Z] IBKR [10197]: No market data during competing live session
[2026-07-07T14:26:24.862Z] IBKR [10197]: No market data during competing live session
[2026-07-07T14:26:24.862Z] IBKR [10197]: No market data during competing live session
[2026-07-07T14:26:24.862Z] IBKR [10197]: No market data during competing live session
[2026-07-07T14:26:24.862Z] IBKR [10197]: No market data during competing live session
[2026-07-07T14:26:24.862Z] IBKR [10197]: No market data during competing live session
[2026-07-07T14:26:24.862Z] IBKR [10197]: No market data during competing live session
[2026-07-07T14:26:24.862Z] IBKR [10197]: No market data during competing live session
[2026-07-07T14:30:10.835Z] Signal received: buy QQQ put @ 707.21
[2026-07-07T14:30:10.836Z] Queued QQQ — queue length: 1
[2026-07-07T14:30:10.836Z] SKIP: already holding QQQ (QQQ_P_710_20260707) -- one position per ticker
[2026-07-07T14:30:21.763Z] Signal received: buy IWM put @ 296.25
[2026-07-07T14:30:21.764Z] Queued IWM — queue length: 1
[2026-07-07T14:30:21.765Z] SKIP: already holding IWM (IWM_P_295_20260707) -- one position per ticker
[2026-07-07T14:35:42.005Z] IBKR [202]: Order Canceled - reason:
[2026-07-07T14:45:03.219Z] Signal received: buy AAPL call @ 312.54
[2026-07-07T14:45:03.220Z] Queued AAPL — queue length: 1
[2026-07-07T14:45:03.220Z] Processing AAPL C...
[2026-07-07T14:45:03.221Z] getConId: requesting contract details for AAPL, reqId 3854
[2026-07-07T14:45:03.379Z] ConId for AAPL: 265598
[2026-07-07T14:45:03.774Z] Order placed: AAPL C strike:315 exp:20260708
[2026-07-07T14:45:05.104Z] Signal received: buy AAPL put @ 312.54
[2026-07-07T14:45:05.105Z] Queued AAPL — queue length: 1
[2026-07-07T14:45:06.774Z] SKIP: AAPL order already in flight (parentId 25) -- one position per ticker
[2026-07-07T14:45:09.141Z] IBKR [10197]: No market data during competing live session
[2026-07-07T14:45:09.141Z] IBKR [10197]: No market data during competing live session
[2026-07-07T14:45:09.142Z] IBKR [10197]: No market data during competing live session
[2026-07-07T14:45:09.142Z] IBKR [10197]: No market data during competing live session
[2026-07-07T14:45:09.142Z] IBKR [10197]: No market data during competing live session
[2026-07-07T14:45:09.142Z] IBKR [10197]: No market data during competing live session
[2026-07-07T14:45:09.142Z] IBKR [10197]: No market data during competing live session
[2026-07-07T14:45:09.143Z] IBKR [10197]: No market data during competing live session
[2026-07-07T14:45:09.143Z] IBKR [10197]: No market data during competing live session
[2026-07-07T14:45:11.949Z] Signal received: buy IWM put @ 295.70
[2026-07-07T14:45:11.950Z] Queued IWM — queue length: 1
[2026-07-07T14:45:11.950Z] SKIP: already holding IWM (IWM_P_295_20260707) -- one position per ticker
[2026-07-07T14:45:15.222Z] Fill @ $1.17 → TP:$2.15 SL:$0.10
[2026-07-07T14:45:15.224Z] Tracking AAPL_C_315_20260708 for trailing stop (entry $1.17, underlying 312.54)
[2026-07-07T14:54:09.806Z] IBKR [10089]: Requested market data requires additional subscription for API. See link in 'Market Data Connections' dialog for more details.AAPL NASDAQ.NMS/TOP/ALL
[2026-07-07T14:54:09.810Z] IBKR [10091]: Part of requested market data requires additional subscription for API. See link in 'Market Data Connections' dialog for more details.AAPL NASDAQ.NMS/TOP/ALL
[2026-07-07T15:00:11.148Z] Time-stop HIT NVDA_P_195_20260708: un-armed after 60.0min — closing at market
[2026-07-07T15:00:11.154Z] IBKR [10147]: OrderId 2 that needs to be cancelled is not found.
[2026-07-07T15:00:11.251Z] IBKR [10147]: OrderId 3 that needs to be cancelled is not found.
[2026-07-07T15:00:11.551Z] IBKR [300]: Can't find EId with tickerId:26614
[2026-07-07T15:00:21.148Z] Time-stop HIT GOOGL_C_370_20260708: un-armed after 60.1min — closing at market
[2026-07-07T15:00:21.149Z] Time-stop HIT MSFT_C_395_20260708: un-armed after 60.1min — closing at market
[2026-07-07T15:00:21.150Z] IBKR [10147]: OrderId 8 that needs to be cancelled is not found.
[2026-07-07T15:00:21.151Z] IBKR [10147]: OrderId 9 that needs to be cancelled is not found.
[2026-07-07T15:00:21.252Z] IBKR [300]: Can't find EId with tickerId:27301
[2026-07-07T15:00:21.312Z] IBKR [202]: Order Canceled - reason:
[2026-07-07T15:00:21.352Z] IBKR [10148]: OrderId 12 that needs to be cancelled cannot be cancelled, state: Cancelled.
[2026-07-07T15:00:21.651Z] IBKR [300]: Can't find EId with tickerId:26819
[2026-07-07T15:00:26.149Z] Time-stop HIT QQQ_P_710_20260707: un-armed after 60.1min — closing at market
[2026-07-07T15:00:26.152Z] IBKR [10147]: OrderId 14 that needs to be cancelled is not found.
[2026-07-07T15:00:26.251Z] IBKR [10147]: OrderId 15 that needs to be cancelled is not found.
[2026-07-07T15:00:26.551Z] IBKR [300]: Can't find EId with tickerId:24001
[2026-07-07T15:00:29.816Z] IBKR [202]: Order Canceled - reason:
[2026-07-07T15:00:31.150Z] Time-stop HIT AVGO_P_365_20260708: un-armed after 60.0min — closing at market
[2026-07-07T15:00:31.151Z] Time-stop HIT AMZN_P_250_20260708: un-armed after 60.0min — closing at market
[2026-07-07T15:00:31.196Z] IBKR [202]: Order Canceled - reason:
[2026-07-07T15:00:31.493Z] IBKR [300]: Can't find EId with tickerId:23364
[2026-07-07T15:00:31.525Z] IBKR [202]: Order Canceled - reason:
[2026-07-07T15:00:31.592Z] IBKR [10147]: OrderId 5 that needs to be cancelled is not found.
[2026-07-07T15:00:31.693Z] IBKR [10147]: OrderId 6 that needs to be cancelled is not found.
[2026-07-07T15:00:31.992Z] IBKR [300]: Can't find EId with tickerId:23144
[2026-07-07T15:00:51.152Z] Time-stop HIT META_C_615_20260708: un-armed after 60.1min — closing at market
[2026-07-07T15:00:51.198Z] IBKR [202]: Order Canceled - reason:
[2026-07-07T15:00:51.494Z] IBKR [300]: Can't find EId with tickerId:23046
[2026-07-07T15:00:52.499Z] IBKR [202]: Order Canceled - reason:
[2026-07-07T15:15:11.229Z] Time-stop HIT IWM_P_295_20260707: un-armed after 60.1min — closing at market
[2026-07-07T15:15:11.276Z] IBKR [202]: Order Canceled - reason:
[2026-07-07T15:15:11.355Z] IBKR [202]: Order Canceled - reason:
[2026-07-07T15:45:16.441Z] Time-stop HIT AAPL_C_315_20260708: un-armed after 60.0min — closing at market
[2026-07-07T15:45:16.490Z] IBKR [202]: Order Canceled - reason:
[2026-07-07T15:45:16.784Z] IBKR [300]: Can't find EId with tickerId:21029
[2026-07-07T15:45:25.725Z] IBKR [202]: Order Canceled - reason:
[2026-07-07T16:00:01.621Z] Signal received: buy AMZN put @ 243.82
[2026-07-07T16:00:01.622Z] Queued AMZN — queue length: 1
[2026-07-07T16:00:01.623Z] Processing AMZN P...
[2026-07-07T16:00:01.623Z] getConId: requesting contract details for AMZN, reqId 1778
[2026-07-07T16:00:01.677Z] ConId for AMZN: 3691937
[2026-07-07T16:00:01.813Z] getExpirations: skipping alternate trading class "2AMZN" for AMZN
[2026-07-07T16:00:01.814Z] Order placed: AMZN P strike:245 exp:20260708
[2026-07-07T16:00:02.603Z] Fill @ $2.75 → TP:$8.35 SL:$0.25
[2026-07-07T16:00:02.605Z] Tracking AMZN_P_245_20260708 for trailing stop (entry $2.75, underlying 243.82)
[2026-07-07T16:00:02.882Z] Signal received: buy AMZN call @ 243.82
[2026-07-07T16:00:02.884Z] Queued AMZN — queue length: 1
[2026-07-07T16:00:04.815Z] SKIP: already holding AMZN (AMZN_P_245_20260708) -- one position per ticker
[2026-07-07T16:00:06.531Z] IBKR [10089]: Requested market data requires additional subscription for API. See link in 'Market Data Connections' dialog for more details.AMZN NASDAQ.NMS/TOP/ALL
[2026-07-07T16:00:06.674Z] IBKR [10091]: Part of requested market data requires additional subscription for API. See link in 'Market Data Connections' dialog for more details.AMZN NASDAQ.NMS/TOP/ALL
[2026-07-07T17:00:06.905Z] Time-stop HIT AMZN_P_245_20260708: un-armed after 60.1min — closing at market
[2026-07-07T17:00:06.951Z] IBKR [202]: Order Canceled - reason:
[2026-07-07T17:00:07.247Z] IBKR [300]: Can't find EId with tickerId:26226
[2026-07-07T17:00:07.410Z] IBKR [202]: Order Canceled - reason:
[2026-07-07T18:15:02.077Z] Signal received: buy META call @ 618.41
[2026-07-07T18:15:02.078Z] Queued META — queue length: 1
[2026-07-07T18:15:02.079Z] Processing META C...
[2026-07-07T18:15:02.079Z] getConId: requesting contract details for META, reqId 3939
[2026-07-07T18:15:02.129Z] ConId for META: 107113386
[2026-07-07T18:15:02.666Z] Order placed: META C strike:620 exp:20260708
[2026-07-07T18:15:03.429Z] Fill @ $5.94 → TP:$19.20 SL:$0.60
[2026-07-07T18:15:03.433Z] Tracking META_C_620_20260708 for trailing stop (entry $5.94, underlying 618.41)
[2026-07-07T18:15:07.364Z] IBKR [10089]: Requested market data requires additional subscription for API. See link in 'Market Data Connections' dialog for more details.META NASDAQ.NMS/TOP/ALL
[2026-07-07T18:15:07.507Z] IBKR [10091]: Part of requested market data requires additional subscription for API. See link in 'Market Data Connections' dialog for more details.META NASDAQ.NMS/TOP/ALL
[2026-07-07T18:15:07.508Z] IBKR [10091]: Part of requested market data requires additional subscription for API. See link in 'Market Data Connections' dialog for more details.META NASDAQ.NMS/TOP/ALL
[2026-07-07T19:15:07.770Z] Time-stop HIT META_C_620_20260708: un-armed after 60.1min — closing at market
[2026-07-07T19:15:07.817Z] IBKR [202]: Order Canceled - reason:
[2026-07-07T19:15:08.112Z] IBKR [300]: Can't find EId with tickerId:21450
[2026-07-07T19:15:17.074Z] IBKR [202]: Order Canceled - reason:
[2026-07-07T19:50:03.810Z] EOD-flatten trigger at 1550 ET
[2026-07-07T19:50:03.822Z] EOD-flatten: no 0DTE option positions to close (exp 20260707)
[2026-07-07T22:22:08.321Z] Server on http://localhost:3000
[2026-07-07T22:22:08.322Z] TP: +128% | SL: -100% | DTE: 0-3
[2026-07-07T22:22:08.323Z] EOD-flatten: ON @1550 ET | Trail: ON arm prem+25% trail20% | Time-stop: ON 60min | MFE-log: ON
[2026-07-07T22:22:08.339Z] Connected to TWS
[2026-07-07T22:22:38.345Z] EOD-flatten trigger at 1822 ET
[2026-07-07T22:22:38.353Z] EOD-flatten: no 0DTE option positions to close (exp 20260707)
[2026-07-08T02:58:58.583Z] Server on http://localhost:3000
[2026-07-08T02:58:58.585Z] TP: +128% | SL: -100% | DTE: 0-3
[2026-07-08T02:58:58.585Z] EOD-flatten: ON @1550 ET | Trail: ON arm prem+25% trail12% | Time-stop: ON 60min | MFE-log: ON
[2026-07-08T02:58:58.598Z] Connected to TWS
[2026-07-08T02:59:28.600Z] EOD-flatten trigger at 2259 ET
[2026-07-08T02:59:28.609Z] EOD-flatten: no 0DTE option positions to close (exp 20260707)
[2026-07-08T03:00:24.336Z] Server on http://localhost:3000
[2026-07-08T03:00:24.338Z] TP: +128% | SL: -100% | DTE: 0-3
[2026-07-08T03:00:24.339Z] EOD-flatten: ON @1550 ET | Trail: ON arm prem+25% trail12% | Time-stop: ON 60min | MFE-log: ON
[2026-07-08T03:00:24.352Z] Connected to TWS
[2026-07-08T03:00:54.350Z] EOD-flatten trigger at 2300 ET
[2026-07-08T03:00:54.356Z] EOD-flatten: no 0DTE option positions to close (exp 20260707)
[2026-07-08T03:12:18.638Z] Server on http://localhost:3000
[2026-07-08T03:12:18.641Z] TP: +128% | SL: -100% | DTE: 0-3
[2026-07-08T03:12:18.641Z] EOD-flatten: ON @1550 ET | Trail: ON arm prem+25% trail12% | Time-stop: ON 60min | MFE-log: ON
[2026-07-08T03:12:18.657Z] Connected to TWS
[2026-07-08T03:12:48.655Z] EOD-flatten trigger at 2312 ET
[2026-07-08T03:12:48.661Z] EOD-flatten: no 0DTE option positions to close (exp 20260707)
[2026-07-08T05:01:02.779Z] Server on http://localhost:3000
[2026-07-08T05:01:02.781Z] TP: +128% | SL: -100% | DTE: 0-3
[2026-07-08T05:01:02.781Z] EOD-flatten: ON @1550 ET | Trail: ON arm prem+25% trail12% | Time-stop: ON 60min | MFE-log: ON
[2026-07-08T05:01:02.796Z] Connected to TWS
[2026-07-08T14:00:06.303Z] Signal received: buy NVDA call @ 197.59
[2026-07-08T14:00:06.307Z] Queued NVDA — queue length: 1
[2026-07-08T14:00:06.308Z] Processing NVDA C...
[2026-07-08T14:00:06.308Z] getConId: requesting contract details for NVDA, reqId 8007
[2026-07-08T14:00:06.569Z] ConId for NVDA: 4815747
[2026-07-08T14:00:07.466Z] getExpirations: skipping alternate trading class "2NVDA" for NVDA
[2026-07-08T14:00:07.476Z] getExpirations: skipping alternate trading class "2NVDA" for NVDA
[2026-07-08T14:00:07.484Z] Order placed: NVDA C strike:200 exp:20260708
[2026-07-08T14:00:08.972Z] Signal received: buy QQQ put @ 708.99
[2026-07-08T14:00:08.974Z] Queued QQQ — queue length: 1
[2026-07-08T14:00:10.485Z] Processing QQQ P...
[2026-07-08T14:00:10.486Z] getConId: requesting contract details for QQQ, reqId 6228
[2026-07-08T14:00:10.617Z] ConId for QQQ: 320227571
[2026-07-08T14:00:12.252Z] Order placed: QQQ P strike:710 exp:20260708
[2026-07-08T14:00:12.611Z] Signal received: buy TSLA put @ 395.84
[2026-07-08T14:00:12.612Z] Queued TSLA — queue length: 1
[2026-07-08T14:00:15.252Z] Processing TSLA P...
[2026-07-08T14:00:15.253Z] getConId: requesting contract details for TSLA, reqId 8470
[2026-07-08T14:00:15.427Z] ConId for TSLA: 76792991
[2026-07-08T14:00:16.128Z] getExpirations: skipping alternate trading class "2TSLA" for TSLA
[2026-07-08T14:00:16.171Z] Order placed: TSLA P strike:395 exp:20260708
[2026-07-08T14:00:27.465Z] Signal received: buy IWM put @ 294.74
[2026-07-08T14:00:27.466Z] Queued IWM — queue length: 1
[2026-07-08T14:00:27.466Z] Processing IWM P...
[2026-07-08T14:00:27.466Z] getConId: requesting contract details for IWM, reqId 4367
[2026-07-08T14:00:27.782Z] ConId for IWM: 9579970
[2026-07-08T14:00:28.606Z] Order placed: IWM P strike:295 exp:20260708
[2026-07-08T14:00:30.991Z] Fill @ $0.39 → TP:$1.35 SL:$0.05
[2026-07-08T14:00:30.992Z] Tracking NVDA_C_200_20260708 for trailing stop (entry $0.39, underlying 197.59)
[2026-07-08T14:00:31.036Z] IBKR [103]: Duplicate order id
[2026-07-08T14:00:31.037Z] IBKR [103]: Duplicate order id
[2026-07-08T14:00:35.758Z] IBKR [10091]: Part of requested market data requires additional subscription for API. See link in 'Market Data Connections' dialog for more details.NVDA NASDAQ.NMS/TOP/ALL
[2026-07-08T14:00:37.046Z] Fill @ $2.93 → TP:$7.15 SL:$0.30
[2026-07-08T14:00:37.048Z] Tracking TSLA_P_395_20260708 for trailing stop (entry $2.93, underlying 395.84)
[2026-07-08T14:00:37.089Z] IBKR [103]: Duplicate order id
[2026-07-08T14:00:37.089Z] IBKR [103]: Duplicate order id
[2026-07-08T14:00:40.127Z] Fill @ $1.23 → TP:$2.80 SL:$0.10
[2026-07-08T14:00:40.128Z] Tracking IWM_P_295_20260708 for trailing stop (entry $1.23, underlying 294.74)
[2026-07-08T14:00:40.749Z] IBKR [10091]: Part of requested market data requires additional subscription for API. See link in 'Market Data Connections' dialog for more details.TSLA NASDAQ.NMS/TOP/ALL
[2026-07-08T14:00:42.250Z] No fill for 4 after 30s
[2026-07-08T14:02:01.308Z] Trail ARMED TSLA_P_395_20260708 at +26% premium (peak $3.7)
[2026-07-08T14:04:11.071Z] Trail HIT TSLA_P_395_20260708: $3.25 <= trail $3.26 (peak $3.7) — closing
[2026-07-08T14:04:11.076Z] IBKR [10147]: OrderId 8 that needs to be cancelled is not found.
[2026-07-08T14:04:11.174Z] IBKR [10147]: OrderId 9 that needs to be cancelled is not found.
[2026-07-08T14:04:11.474Z] IBKR [300]: Can't find EId with tickerId:0
[2026-07-08T14:10:57.557Z] Trail ARMED IWM_P_295_20260708 at +26% premium (peak $1.55)
[2026-07-08T14:13:06.894Z] Trail HIT IWM_P_295_20260708: $1.59 <= trail $1.59 (peak $1.81) — closing
[2026-07-08T14:13:06.963Z] IBKR [202]: Order Canceled - reason:
[2026-07-08T14:13:07.237Z] IBKR [300]: Can't find EId with tickerId:0
[2026-07-08T14:13:24.761Z] IBKR [202]: Order Canceled - reason:
[2026-07-08T14:15:01.571Z] Signal received: buy SPY put @ 743.24
[2026-07-08T14:15:01.572Z] Queued SPY — queue length: 1
[2026-07-08T14:15:01.572Z] Processing SPY P...
[2026-07-08T14:15:01.572Z] getConId: requesting contract details for SPY, reqId 8256
[2026-07-08T14:15:01.744Z] ConId for SPY: 756733
[2026-07-08T14:15:03.451Z] Order placed: SPY P strike:745 exp:20260708
[2026-07-08T14:15:04.481Z] Fill @ $2.79 → TP:$6.35 SL:$0.30
[2026-07-08T14:15:04.482Z] Tracking SPY_P_745_20260708 for trailing stop (entry $2.79, underlying 743.24)
[2026-07-08T14:15:13.873Z] Signal received: buy QQQ put @ 706.72
[2026-07-08T14:15:13.874Z] Queued QQQ — queue length: 1
[2026-07-08T14:15:13.874Z] Processing QQQ P...
[2026-07-08T14:15:13.874Z] getConId: requesting contract details for QQQ, reqId 7425
[2026-07-08T14:15:13.923Z] ConId for QQQ: 320227571
[2026-07-08T14:15:15.216Z] Order placed: QQQ P strike:705 exp:20260708
[2026-07-08T14:15:16.249Z] Signal received: buy IWM put @ 293.81
[2026-07-08T14:15:16.250Z] Queued IWM — queue length: 1
[2026-07-08T14:15:18.217Z] Processing IWM P...
[2026-07-08T14:15:18.218Z] getConId: requesting contract details for IWM, reqId 2654
[2026-07-08T14:15:18.265Z] ConId for IWM: 9579970
[2026-07-08T14:15:18.769Z] Order placed: IWM P strike:295 exp:20260708
[2026-07-08T14:15:28.607Z] Fill @ $2.57 → TP:$5.85 SL:$0.25
[2026-07-08T14:15:28.609Z] Tracking QQQ_P_705_20260708 for trailing stop (entry $2.57, underlying 706.72)
[2026-07-08T14:15:28.611Z] IBKR [103]: Duplicate order id
[2026-07-08T14:15:28.652Z] IBKR [103]: Duplicate order id
[2026-07-08T14:15:29.771Z] Fill @ $1.84 → TP:$4.20 SL:$0.20
[2026-07-08T14:15:29.772Z] Tracking IWM_P_295_20260708 for trailing stop (entry $1.84, underlying 293.81)
[2026-07-08T14:15:30.871Z] IBKR [10091]: Part of requested market data requires additional subscription for API. See link in 'Market Data Connections' dialog for more details.QQQ NASDAQ.NMS/TOP/ALL
[2026-07-08T14:15:30.872Z] IBKR [10091]: Part of requested market data requires additional subscription for API. See link in 'Market Data Connections' dialog for more details.QQQ NASDAQ.NMS/TOP/ALL
[2026-07-08T14:30:03.148Z] Signal received: buy SPY put @ 743.11
[2026-07-08T14:30:03.148Z] Queued SPY — queue length: 1
[2026-07-08T14:30:03.149Z] SKIP: already holding SPY (SPY_P_745_20260708) -- one position per ticker
[2026-07-08T14:30:05.612Z] Signal received: buy QQQ put @ 707.18
[2026-07-08T14:30:05.613Z] Queued QQQ — queue length: 1
[2026-07-08T14:30:05.613Z] SKIP: already holding QQQ (QQQ_P_705_20260708) -- one position per ticker
[2026-07-08T14:30:21.753Z] Signal received: buy IWM put @ 293.44
[2026-07-08T14:30:21.753Z] Queued IWM — queue length: 1
[2026-07-08T14:30:21.753Z] SKIP: already holding IWM (IWM_P_295_20260708) -- one position per ticker
[2026-07-08T14:39:30.694Z] Trail ARMED IWM_P_295_20260708 at +26% premium (peak $2.32)
[2026-07-08T14:43:24.844Z] Trail ARMED SPY_P_745_20260708 at +25% premium (peak $3.49)
[2026-07-08T14:44:16.359Z] Trail HIT SPY_P_745_20260708: $3.12 <= trail $3.12 (peak $3.55) — closing
[2026-07-08T14:44:16.406Z] IBKR [202]: Order Canceled - reason:
[2026-07-08T14:44:16.702Z] IBKR [300]: Can't find EId with tickerId:0
[2026-07-08T14:44:18.963Z] Trail HIT IWM_P_295_20260708: $2.15 <= trail $2.16 (peak $2.45) — closing
[2026-07-08T14:44:19.009Z] IBKR [202]: Order Canceled - reason:
[2026-07-08T14:44:19.050Z] IBKR [10148]: OrderId 23 that needs to be cancelled cannot be cancelled, state: Cancelled.
[2026-07-08T14:44:19.307Z] IBKR [300]: Can't find EId with tickerId:0
[2026-07-08T14:44:27.715Z] IBKR [202]: Order Canceled - reason:
[2026-07-08T14:44:30.548Z] IBKR [202]: Order Canceled - reason:
[2026-07-08T14:45:01.629Z] Signal received: buy SPY put @ 742.44
[2026-07-08T14:45:01.630Z] Queued SPY — queue length: 1
[2026-07-08T14:45:01.631Z] Processing SPY P...
[2026-07-08T14:45:01.631Z] getConId: requesting contract details for SPY, reqId 3273
[2026-07-08T14:45:01.679Z] ConId for SPY: 756733
[2026-07-08T14:45:03.159Z] Order placed: SPY P strike:740 exp:20260708
[2026-07-08T14:45:21.868Z] Fill @ $0.95 → TP:$2.15 SL:$0.10
[2026-07-08T14:45:21.870Z] Tracking SPY_P_740_20260708 for trailing stop (entry $0.95, underlying 742.44)
[2026-07-08T14:50:23.569Z] Trail ARMED SPY_P_740_20260708 at +25% premium (peak $1.19)
[2026-07-08T14:50:36.648Z] Trail ARMED QQQ_P_705_20260708 at +26% premium (peak $3.23)
[2026-07-08T14:50:52.975Z] Trail HIT SPY_P_740_20260708: $1.17 <= trail $1.17 (peak $1.33) — closing
[2026-07-08T14:50:53.021Z] IBKR [202]: Order Canceled - reason:
[2026-07-08T14:50:53.078Z] IBKR [10148]: OrderId 28 that needs to be cancelled cannot be cancelled, state: Cancelled.
[2026-07-08T14:50:53.116Z] Trail HIT QQQ_P_705_20260708: $2.95 <= trail $2.97 (peak $3.38) — closing
[2026-07-08T14:50:53.377Z] IBKR [300]: Can't find EId with tickerId:0
[2026-07-08T14:50:53.478Z] IBKR [10147]: OrderId 19 that needs to be cancelled is not found.
[2026-07-08T14:50:53.577Z] IBKR [10147]: OrderId 20 that needs to be cancelled is not found.
[2026-07-08T14:50:53.878Z] IBKR [300]: Can't find EId with tickerId:0
[2026-07-08T14:51:03.905Z] IBKR [202]: Order Canceled - reason:
[2026-07-08T14:55:37.276Z] Trail ARMED NVDA_C_200_20260708 at +26% premium (peak $0.49)
[2026-07-08T14:55:45.289Z] Trail HIT NVDA_C_200_20260708: $0.59 <= trail $0.60 (peak $0.68) — closing
[2026-07-08T14:55:45.292Z] IBKR [10147]: OrderId 2 that needs to be cancelled is not found.
[2026-07-08T14:55:45.293Z] IBKR [10147]: OrderId 3 that needs to be cancelled is not found.
[2026-07-08T14:55:45.493Z] IBKR [300]: Can't find EId with tickerId:0
[2026-07-08T15:00:03.814Z] Signal received: buy NVDA call @ 198.78
[2026-07-08T15:00:03.815Z] Queued NVDA — queue length: 1
[2026-07-08T15:00:03.815Z] Processing NVDA C...
[2026-07-08T15:00:03.816Z] getConId: requesting contract details for NVDA, reqId 3810
[2026-07-08T15:00:03.864Z] ConId for NVDA: 4815747
[2026-07-08T15:00:04.494Z] getExpirations: skipping alternate trading class "2NVDA" for NVDA
[2026-07-08T15:00:04.494Z] getExpirations: skipping alternate trading class "2NVDA" for NVDA
[2026-07-08T15:00:04.495Z] Order placed: NVDA C strike:200 exp:20260708
[2026-07-08T15:00:15.722Z] Fill @ $0.68 → TP:$2.45 SL:$0.05
[2026-07-08T15:00:15.723Z] Tracking NVDA_C_200_20260708 for trailing stop (entry $0.68, underlying 198.78)
[2026-07-08T15:00:16.080Z] IBKR [10091]: Part of requested market data requires additional subscription for API. See link in 'Market Data Connections' dialog for more details.NVDA NASDAQ.NMS/TOP/ALL
[2026-07-08T15:00:17.891Z] Signal received: buy TSLA put @ 392.63
[2026-07-08T15:00:17.892Z] Queued TSLA — queue length: 1
[2026-07-08T15:00:17.892Z] Processing TSLA P...
[2026-07-08T15:00:17.892Z] getConId: requesting contract details for TSLA, reqId 2668
[2026-07-08T15:00:17.979Z] ConId for TSLA: 76792991
[2026-07-08T15:00:18.368Z] getExpirations: skipping alternate trading class "2TSLA" for TSLA
[2026-07-08T15:00:18.369Z] Order placed: TSLA P strike:395 exp:20260708
[2026-07-08T15:00:34.387Z] Trail ARMED NVDA_C_200_20260708 at +28% premium (peak $0.87)
[2026-07-08T15:00:40.289Z] Fill @ $3.95 → TP:$9.60 SL:$0.40
[2026-07-08T15:00:40.290Z] Tracking TSLA_P_395_20260708 for trailing stop (entry $3.95, underlying 392.63)
[2026-07-08T15:00:40.573Z] Trail HIT NVDA_C_200_20260708: $0.78 <= trail $0.78 (peak $0.89) — closing
[2026-07-08T15:00:40.619Z] IBKR [202]: Order Canceled - reason:
[2026-07-08T15:00:40.799Z] IBKR [202]: Order Canceled - reason:
[2026-07-08T15:00:40.915Z] IBKR [300]: Can't find EId with tickerId:0
[2026-07-08T15:00:41.080Z] IBKR [10091]: Part of requested market data requires additional subscription for API. See link in 'Market Data Connections' dialog for more details.TSLA NASDAQ.NMS/TOP/ALL
[2026-07-08T15:14:24.327Z] Trail ARMED TSLA_P_395_20260708 at +25% premium (peak $4.95)
[2026-07-08T15:18:59.684Z] Trail HIT TSLA_P_395_20260708: $4.3 <= trail $4.44 (peak $5.05) — closing
[2026-07-08T15:18:59.730Z] IBKR [202]: Order Canceled - reason:
[2026-07-08T15:18:59.785Z] IBKR [10148]: OrderId 37 that needs to be cancelled cannot be cancelled, state: Cancelled.
[2026-07-08T15:19:00.086Z] IBKR [300]: Can't find EId with tickerId:0
[2026-07-08T15:19:21.184Z] IBKR [202]: Order Canceled - reason:
[2026-07-08T16:30:05.452Z] Signal received: buy SPY call @ 743.10
[2026-07-08T16:30:05.453Z] Queued SPY — queue length: 1
[2026-07-08T16:30:05.454Z] Processing SPY C...
[2026-07-08T16:30:05.454Z] getConId: requesting contract details for SPY, reqId 6316
[2026-07-08T16:30:05.499Z] ConId for SPY: 756733
[2026-07-08T16:30:06.721Z] Order placed: SPY C strike:745 exp:20260708
[2026-07-08T16:30:06.879Z] Fill @ $0.61 → TP:$1.40 SL:$0.05
[2026-07-08T16:30:06.880Z] Tracking SPY_C_745_20260708 for trailing stop (entry $0.61, underlying 743.1)
[2026-07-08T16:30:08.695Z] Signal received: buy QQQ call @ 706.76
[2026-07-08T16:30:08.696Z] Queued QQQ — queue length: 1
[2026-07-08T16:30:09.722Z] Processing QQQ C...
[2026-07-08T16:30:09.723Z] getConId: requesting contract details for QQQ, reqId 4541
[2026-07-08T16:30:09.768Z] ConId for QQQ: 320227571
[2026-07-08T16:30:11.164Z] Order placed: QQQ C strike:705 exp:20260708
[2026-07-08T16:30:11.348Z] Fill @ $3.1 → TP:$7.10 SL:$0.30
[2026-07-08T16:30:11.349Z] Tracking QQQ_C_705_20260708 for trailing stop (entry $3.1, underlying 706.76)
[2026-07-08T16:30:11.649Z] IBKR [10091]: Part of requested market data requires additional subscription for API. See link in 'Market Data Connections' dialog for more details.QQQ NASDAQ.NMS/TOP/ALL
[2026-07-08T16:31:02.519Z] Trail ARMED SPY_C_745_20260708 at +26% premium (peak $0.77)
[2026-07-08T16:31:03.740Z] Trail ARMED QQQ_C_705_20260708 at +25% premium (peak $3.88)
[2026-07-08T16:31:45.222Z] Trail HIT SPY_C_745_20260708: $0.73 <= trail $0.74 (peak $0.84) — closing
[2026-07-08T16:31:45.268Z] IBKR [202]: Order Canceled - reason:
[2026-07-08T16:31:45.564Z] IBKR [300]: Can't find EId with tickerId:0
[2026-07-08T16:31:45.822Z] IBKR [202]: Order Canceled - reason:
[2026-07-08T16:31:58.844Z] Trail HIT QQQ_C_705_20260708: $3.57 <= trail $3.58 (peak $4.07) — closing
[2026-07-08T16:31:58.890Z] IBKR [202]: Order Canceled - reason:
[2026-07-08T16:31:59.186Z] IBKR [300]: Can't find EId with tickerId:0
[2026-07-08T16:32:00.339Z] IBKR [202]: Order Canceled - reason:
[2026-07-08T16:52:43.778Z] Server on http://localhost:3000
[2026-07-08T16:52:43.780Z] TP: +128% | SL: -100% | DTE: 0-3
[2026-07-08T16:52:43.780Z] EOD-flatten: ON @1550 ET | Trail: ON arm prem+25% trail12% | Time-stop: ON 60min | MFE-log: ON
[2026-07-08T16:52:43.794Z] Connected to TWS
[2026-07-08T17:30:16.266Z] Signal received: buy NVDA call @ 203.09
[2026-07-08T17:30:16.270Z] Queued NVDA — queue length: 1
[2026-07-08T17:30:16.271Z] Processing NVDA C...
[2026-07-08T17:30:16.271Z] getConId: requesting contract details for NVDA, reqId 3821
[2026-07-08T17:30:16.493Z] ConId for NVDA: 4815747
[2026-07-08T17:30:17.484Z] getExpirations: skipping alternate trading class "2NVDA" for NVDA
[2026-07-08T17:30:17.484Z] getExpirations: skipping alternate trading class "2NVDA" for NVDA
[2026-07-08T17:30:17.492Z] Order placed: NVDA C strike:205 exp:20260708
[2026-07-08T17:30:18.108Z] Fill @ $0.32 → TP:$1.20 SL:$0.05
[2026-07-08T17:30:18.110Z] Tracking NVDA_C_205_20260708 for trailing stop (entry $0.32, underlying 203.09)
[2026-07-08T17:41:49.344Z] Server on http://localhost:3000
[2026-07-08T17:41:49.346Z] TP: +128% | SL: -100% | DTE: 0-3
[2026-07-08T17:41:49.346Z] EOD-flatten: ON @1550 ET | Trail: ON arm prem+25% trail12% | Time-stop: ON 60min | MFE-log: ON
[2026-07-08T17:41:49.360Z] Connected to TWS
[2026-07-08T18:04:32.211Z] Server on http://localhost:3000
[2026-07-08T18:04:32.213Z] TP: +128% | SL: -100% | DTE: 0-3
[2026-07-08T18:04:32.213Z] EOD-flatten: ON @1550 ET | Trail: ON arm prem+25% trail12% | Time-stop: ON 60min | MFE-log: ON
[2026-07-08T18:04:32.229Z] Connected to TWS
[2026-07-08T18:05:30.671Z] [fly] /place_test_fly SPY c745 w6 x1 (acct DUR110649)
[2026-07-08T18:05:31.004Z] [fly] SPY legs resolved: SHORT_CALL=895605686 LONG_CALL=896046547 SHORT_PUT=895606285 LONG_PUT=896052594
[2026-07-08T18:05:37.233Z] IBKR [10197]: No market data during competing live session
[2026-07-08T18:05:37.234Z] [fly] error code=10197 reqId=909098: No market data during competing live session
[2026-07-08T18:05:37.234Z] IBKR [10197]: No market data during competing live session
[2026-07-08T18:05:37.234Z] [fly] error code=10197 reqId=909097: No market data during competing live session
[2026-07-08T18:05:37.235Z] IBKR [10197]: No market data during competing live session
[2026-07-08T18:05:37.235Z] [fly] error code=10197 reqId=909099: No market data during competing live session
[2026-07-08T18:05:37.235Z] IBKR [10197]: No market data during competing live session
[2026-07-08T18:05:37.235Z] [fly] error code=10197 reqId=909100: No market data during competing live session
[2026-07-08T18:05:39.006Z] [fly] mids SC=null LC=null SP=null LP=null
[2026-07-08T18:05:39.007Z] [fly] result: {"ok":false,"error":"missing quotes — cannot price (market open? data perms?)"}
[2026-07-08T18:08:48.965Z] Server on http://localhost:3000
[2026-07-08T18:08:48.967Z] TP: +128% | SL: -100% | DTE: 0-3
[2026-07-08T18:08:48.968Z] EOD-flatten: ON @1550 ET | Trail: ON arm prem+25% trail12% | Time-stop: ON 60min | MFE-log: ON
[2026-07-08T18:08:48.980Z] Connected to TWS
[2026-07-08T18:15:00.883Z] Signal received: buy SPY call @ 745.28
[2026-07-08T18:15:00.888Z] Queued SPY — queue length: 1
[2026-07-08T18:15:00.888Z] Processing SPY C...
[2026-07-08T18:15:00.889Z] getConId: requesting contract details for SPY, reqId 5209
[2026-07-08T18:15:01.061Z] ConId for SPY: 756733
[2026-07-08T18:15:02.709Z] Order placed: SPY C strike:745 exp:20260708
[2026-07-08T18:15:02.871Z] Fill @ $1.11 → TP:$2.55 SL:$0.10
[2026-07-08T18:15:02.873Z] Tracking SPY_C_745_20260708 for trailing stop (entry $1.11, underlying 745.28)
[2026-07-08T18:17:57.292Z] IBKR [10197]: No market data during competing live session
[2026-07-08T18:35:18.421Z] Server on http://localhost:3000
[2026-07-08T18:35:18.423Z] TP: +128% | SL: -100% | DTE: 0-3
[2026-07-08T18:35:18.423Z] EOD-flatten: ON @1550 ET | Trail: ON arm prem+25% trail12% | Time-stop: ON 60min | MFE-log: ON
[2026-07-08T18:35:18.435Z] Connected to TWS
[2026-07-08T18:35:42.173Z] [fly] /place_test_fly SPY c745 w6 x1 (acct DUR110649) model-priced cc=0.8 pc=0.5
[2026-07-08T18:35:42.465Z] [fly] SPY legs resolved: SHORT_CALL=895605686 LONG_CALL=896046547 SHORT_PUT=895606285 LONG_PUT=896052594
[2026-07-08T18:35:44.213Z] [fly] mids SC=0.625 LC=0.015 SP=1.17 LP=0.055
[2026-07-08T18:35:44.213Z] [fly] SPY call-credit $0.61  put-credit $1.11  total $1.72
[2026-07-08T18:35:44.214Z] [fly] SUBMIT SPY CALL vertical id=1 SELL @ $0.61 x1
[2026-07-08T18:35:44.216Z] [fly] SUBMIT SPY PUT  vertical id=2 SELL @ $1.11 x1
[2026-07-08T18:35:44.995Z] IBKR [201]: Order rejected - reason:Riskless combination orders are not allowed. You have reached the maximum limit of active<br>riskless/guaranteed-loss combination orders. Please wait for existing orders to complete or cancel one before<br>submitting a new order.
[2026-07-08T18:35:44.995Z] [fly] error code=201 reqId=1: Order rejected - reason:Riskless combination orders are not allowed. You have reached the maximum limit of active<br>riskless/guaranteed-loss combination orders. Please wait for existing orders to complete or cancel one before<br>submitting a new order.
[2026-07-08T18:35:45.035Z] IBKR [201]: Order rejected - reason:Riskless combination orders are not allowed. You have reached the maximum limit of active<br>riskless/guaranteed-loss combination orders. Please wait for existing orders to complete or cancel one before<br>submitting a new order.
[2026-07-08T18:35:45.036Z] [fly] error code=201 reqId=2: Order rejected - reason:Riskless combination orders are not allowed. You have reached the maximum limit of active<br>riskless/guaranteed-loss combination orders. Please wait for existing orders to complete or cancel one before<br>submitting a new order.
[2026-07-08T18:36:09.216Z] [fly] result: {"ok":false,"symbol":"SPY","center":745,"wing":6,"contracts":1,"account":"DUR110649","expiry":"20260708","callCredit":0.61,"putCredit":1.11,"fills":{"CALL":null,"PUT":null},"real_fill_credit":null,"note":"not both filled — check IBKR (one-sided = defined-risk spread, not naked)"}
[2026-07-08T18:39:22.683Z] Server on http://localhost:3000
[2026-07-08T18:39:22.685Z] TP: +128% | SL: -100% | DTE: 0-3
[2026-07-08T18:39:22.685Z] EOD-flatten: ON @1550 ET | Trail: ON arm prem+25% trail12% | Time-stop: ON 60min | MFE-log: ON
[2026-07-08T18:39:22.699Z] Connected to TWS
[2026-07-08T18:42:35.617Z] Server on http://localhost:3000
[2026-07-08T18:42:35.618Z] TP: +128% | SL: -100% | DTE: 0-3
[2026-07-08T18:42:35.618Z] EOD-flatten: ON @1550 ET | Trail: ON arm prem+25% trail12% | Time-stop: ON 60min | MFE-log: ON
[2026-07-08T18:42:35.634Z] Connected to TWS
[2026-07-08T18:42:40.246Z] [fly] /place_test_fly SPY c745 w6 x1 (acct DUR110649) model-priced cc=0.65 pc=0.9
[2026-07-08T18:42:40.538Z] [fly] SPY legs resolved: SHORT_CALL=895605686 LONG_CALL=896046547 SHORT_PUT=895606285 LONG_PUT=896052594
[2026-07-08T18:42:42.208Z] [fly] mids SC=0.655 LC=0.015 SP=1.14 LP=0.035
[2026-07-08T18:42:42.209Z] [fly] SPY call-credit $0.64  put-credit $1.1  total $1.74
[2026-07-08T18:42:42.209Z] [fly] SUBMIT SPY CALL vertical id=1 SELL @ $0.64 x1
[2026-07-08T18:42:42.211Z] [fly] SUBMIT SPY PUT  vertical id=2 SELL @ $1.1 x1
[2026-07-08T18:42:42.273Z] IBKR [201]: Order rejected - reason:Riskless combination orders are not allowed. You have reached the maximum limit of active<br>riskless/guaranteed-loss combination orders. Please wait for existing orders to complete or cancel one before<br>submitting a new order.
[2026-07-08T18:42:42.273Z] [fly] error code=201 reqId=1: Order rejected - reason:Riskless combination orders are not allowed. You have reached the maximum limit of active<br>riskless/guaranteed-loss combination orders. Please wait for existing orders to complete or cancel one before<br>submitting a new order.
[2026-07-08T18:42:42.313Z] IBKR [201]: Order rejected - reason:Riskless combination orders are not allowed. You have reached the maximum limit of active<br>riskless/guaranteed-loss combination orders. Please wait for existing orders to complete or cancel one before<br>submitting a new order.
[2026-07-08T18:42:42.313Z] [fly] error code=201 reqId=2: Order rejected - reason:Riskless combination orders are not allowed. You have reached the maximum limit of active<br>riskless/guaranteed-loss combination orders. Please wait for existing orders to complete or cancel one before<br>submitting a new order.
[2026-07-08T18:43:07.213Z] [fly] result: {"ok":false,"symbol":"SPY","center":745,"wing":6,"contracts":1,"account":"DUR110649","expiry":"20260708","callCredit":0.64,"putCredit":1.1,"fills":{"CALL":null,"PUT":null},"real_fill_credit":null,"note":"not both filled — check IBKR (one-sided = defined-risk spread, not naked)"}
[2026-07-08T18:46:19.772Z] Server on http://localhost:3000
[2026-07-08T18:46:19.774Z] TP: +128% | SL: -100% | DTE: 0-3
[2026-07-08T18:46:19.774Z] EOD-flatten: ON @1550 ET | Trail: ON arm prem+25% trail12% | Time-stop: ON 60min | MFE-log: ON
[2026-07-08T18:46:19.786Z] Connected to TWS
[2026-07-08T19:50:19.818Z] EOD-flatten trigger at 1550 ET
[2026-07-08T19:50:19.828Z] EOD-flatten: closing 2 position(s) expiring 20260708
[2026-07-08T19:50:19.830Z] EOD-flatten SELL: SPY C 745 qty 1
[2026-07-08T19:50:19.831Z] EOD-flatten SELL: QQQ P 710 qty 1
[2026-07-08T19:50:19.955Z] IBKR [321]: Error validating request.-'bF' : cause - Missing order exchange.
[2026-07-08T19:50:20.055Z] IBKR [321]: Error validating request.-'bF' : cause - Missing order exchange.
[2026-07-08T21:20:06.951Z] Server on http://localhost:3000
[2026-07-08T21:20:06.953Z] TP: +128% | SL: -100% | DTE: 0-3
[2026-07-08T21:20:06.953Z] EOD-flatten: ON @1550 ET | Trail: ON arm prem+25% trail12% | Time-stop: ON 60min | MFE-log: ON
[2026-07-08T21:20:06.968Z] Connected to TWS
[2026-07-08T21:20:36.964Z] EOD-flatten trigger at 1720 ET
[2026-07-08T21:20:37.066Z] EOD-flatten: closing 1 position(s) expiring 20260708
[2026-07-08T21:20:37.068Z] EOD-flatten SELL: QQQ P 710 qty 1
[2026-07-08T21:20:37.071Z] IBKR [321]: Error validating request.-'bF' : cause - Missing order exchange.
[2026-07-08T21:27:19.880Z] Server on http://localhost:3000
[2026-07-08T21:27:19.881Z] TP: +128% | SL: -100% | DTE: 0-3
[2026-07-08T21:27:19.881Z] EOD-flatten: ON @1550 ET | Trail: ON arm prem+25% trail12% | Time-stop: ON 60min | MFE-log: ON
[2026-07-08T21:27:19.893Z] Connected to TWS
[2026-07-08T21:27:49.893Z] EOD-flatten trigger at 1727 ET
[2026-07-08T21:27:49.904Z] EOD-flatten: closing 1 position(s) expiring 20260708
[2026-07-08T21:27:49.906Z] EOD-flatten SELL: QQQ P 710 qty 1
[2026-07-08T21:27:50.783Z] IBKR [201]: Order rejected - reason:Order is already expired.
[2026-07-08T21:32:21.404Z] Server on http://localhost:3000
[2026-07-08T21:32:21.406Z] TP: +128% | SL: -100% | DTE: 0-3
[2026-07-08T21:32:21.406Z] EOD-flatten: ON @1550 ET | Trail: ON arm prem+25% trail12% | Time-stop: ON 60min | MFE-log: ON
[2026-07-08T21:32:21.418Z] Connected to TWS
[2026-07-08T21:32:51.427Z] EOD-flatten trigger at 1732 ET
[2026-07-08T21:32:51.434Z] EOD-flatten: closing 1 position(s) expiring 20260708
[2026-07-08T21:32:51.436Z] EOD-flatten SELL: QQQ P 710 qty 1
[2026-07-08T21:32:51.553Z] IBKR [201]: Order rejected - reason:Order is already expired.
[2026-07-08T21:33:54.178Z] Server on http://localhost:3000
[2026-07-08T21:33:54.181Z] TP: +128% | SL: -100% | DTE: 0-3
[2026-07-08T21:33:54.181Z] EOD-flatten: ON @1550 ET | Trail: ON arm prem+25% trail12% | Time-stop: ON 60min | MFE-log: ON
[2026-07-08T21:33:54.192Z] Connected to TWS
[2026-07-08T21:34:24.194Z] EOD-flatten trigger at 1734 ET
[2026-07-08T21:34:24.200Z] EOD-flatten: closing 1 position(s) expiring 20260708
[2026-07-08T21:34:24.203Z] EOD-flatten SELL: QQQ P 710 qty 1
[2026-07-08T21:34:24.344Z] IBKR [201]: Order rejected - reason:Order is already expired.
[2026-07-08T21:49:19.556Z] Server on http://localhost:3000
[2026-07-08T21:49:19.558Z] TP: +128% | SL: -100% | DTE: 0-3
[2026-07-08T21:49:19.558Z] EOD-flatten: ON @1550 ET | Trail: ON arm prem+25% trail12% | Time-stop: ON 60min | MFE-log: ON
[2026-07-08T21:49:19.570Z] Connected to TWS
[2026-07-08T21:49:49.571Z] EOD-flatten trigger at 1749 ET
[2026-07-08T21:49:49.577Z] EOD-flatten: closing 1 position(s) expiring 20260708
[2026-07-08T21:49:49.578Z] EOD-flatten SELL: QQQ P 710 qty 1
[2026-07-08T21:49:49.722Z] IBKR [201]: Order rejected - reason:Order is already expired.
[2026-07-09T05:01:03.195Z] Server on http://localhost:3000
[2026-07-09T05:01:03.197Z] TP: +128% | SL: -100% | DTE: 0-3
[2026-07-09T05:01:03.197Z] EOD-flatten: ON @1550 ET | Trail: ON arm prem+25% trail12% | Time-stop: ON 60min | MFE-log: ON
[2026-07-09T05:01:03.215Z] Connected to TWS
[2026-07-09T13:48:19.986Z] Server on http://localhost:3000
[2026-07-09T13:48:19.988Z] TP: +128% | SL: -100% | DTE: 0-3
[2026-07-09T13:48:19.988Z] EOD-flatten: ON @1550 ET | Trail: ON arm prem+25% trail12% | Time-stop: ON 60min | MFE-log: ON
[2026-07-09T13:48:20.002Z] Connected to TWS
[2026-07-09T13:48:37.352Z] [fly] /place_test_fly XSP c749 w14 x1 (acct DUR110649) model-priced cc=3.02 pc=3.03
[2026-07-09T13:48:37.781Z] [fly] XSP legs resolved: SHORT_CALL=889932956 LONG_CALL=889933208 SHORT_PUT=889933780 LONG_PUT=888623589
[2026-07-09T13:48:37.782Z] [fly] MODEL-PRICED call=$3.02 put=$3.03 (snapshots skipped)
[2026-07-09T13:48:37.782Z] [fly] XSP call-credit $3.02  put-credit $3.03  total $6.05
[2026-07-09T13:48:37.782Z] [fly] SUBMIT XSP CALL vertical id=1 SELL @ $3.02 x1
[2026-07-09T13:48:37.784Z] [fly] SUBMIT XSP PUT  vertical id=2 SELL @ $3.03 x1
[2026-07-09T13:48:39.290Z] IBKR [201]: Order rejected - reason:Riskless combination orders are not allowed. You have reached the maximum limit of active<br>riskless/guaranteed-loss combination orders. Please wait for existing orders to complete or cancel one before<br>submitting a new order.
[2026-07-09T13:48:39.291Z] [fly] error code=201 reqId=1: Order rejected - reason:Riskless combination orders are not allowed. You have reached the maximum limit of active<br>riskless/guaranteed-loss combination orders. Please wait for existing orders to complete or cancel one before<br>submitting a new order.
[2026-07-09T13:48:39.291Z] IBKR [201]: Order rejected - reason:Riskless combination orders are not allowed. You have reached the maximum limit of active<br>riskless/guaranteed-loss combination orders. Please wait for existing orders to complete or cancel one before<br>submitting a new order.
[2026-07-09T13:48:39.291Z] [fly] error code=201 reqId=2: Order rejected - reason:Riskless combination orders are not allowed. You have reached the maximum limit of active<br>riskless/guaranteed-loss combination orders. Please wait for existing orders to complete or cancel one before<br>submitting a new order.
[2026-07-09T13:49:02.785Z] [fly] no fills in 25s — cancelling both (model call $3.02 / put $3.03 did not cross)
[2026-07-09T13:49:02.787Z] [fly] result: {"symbol":"XSP","center":749,"wing":14,"contracts":1,"account":"DUR110649","expiry":"20260709","callCredit":3.02,"putCredit":3.03,"fills":{"CALL":null,"PUT":null,"FLATTEN":null},"real_fill_credit":null,"real_fill_dollars":null,"ok":false,"note":"no fills — both orders cancelled; model credits did not cross, shade and retry"}
[2026-07-09T13:49:02.790Z] IBKR [10147]: OrderId 1 that needs to be cancelled is not found.
[2026-07-09T13:49:02.888Z] IBKR [10147]: OrderId 2 that needs to be cancelled is not found.
[2026-07-09T13:56:21.299Z] Server on http://localhost:3000
[2026-07-09T13:56:21.301Z] TP: +128% | SL: -100% | DTE: 0-3
[2026-07-09T13:56:21.301Z] EOD-flatten: ON @1550 ET | Trail: ON arm prem+25% trail12% | Time-stop: ON 60min | MFE-log: ON
[2026-07-09T13:56:21.315Z] Connected to TWS
[2026-07-09T13:56:38.394Z] [fly] /place_test_fly XSP c749 w14 x1 (acct DUR110649) model-priced cc=3.02 pc=3.03
[2026-07-09T13:56:38.689Z] [fly] XSP legs resolved: SHORT_CALL=889932956 LONG_CALL=889933208 SHORT_PUT=889933780 LONG_PUT=888623589
[2026-07-09T13:56:38.690Z] [fly] MODEL-PRICED call=$3.02 put=$3.03 (snapshots skipped)
[2026-07-09T13:56:38.690Z] [fly] XSP call-credit $3.02  put-credit $3.03  total $6.05
[2026-07-09T13:56:38.691Z] [fly] SUBMIT XSP CALL vertical id=1 SELL @ $3.02 x1
[2026-07-09T13:56:38.694Z] [fly] SUBMIT XSP PUT  vertical id=2 SELL @ $3.03 x1
[2026-07-09T13:56:41.252Z] [fly] CALL vertical FILLED @ $-3.02
[2026-07-09T13:57:03.695Z] [fly] ORPHAN: CALL filled, PUT sitting — cancelling sitter, chasing @ $2.58 (85% of model)
[2026-07-09T13:57:03.805Z] IBKR [202]: Order Canceled - reason:
[2026-07-09T13:57:03.805Z] [fly] error code=202 reqId=2: Order Canceled - reason:
[2026-07-09T13:57:05.195Z] [fly] CHASE XSP PUT vertical id=3 SELL @ $2.58 x1
[2026-07-09T13:57:17.697Z] [fly] chase failed — FLATTEN CALL vertical id=4 BUY back @ $4.53 (sold @ $3.02)
[2026-07-09T13:57:17.761Z] IBKR [202]: Order Canceled - reason:
[2026-07-09T13:57:17.762Z] [fly] error code=202 reqId=3: Order Canceled - reason:
[2026-07-09T13:57:29.698Z] [fly] *** ORPHAN UNRESOLVED: CALL vertical OPEN, flatten limit left working DAY @ $4.53 — CHECK IBKR NOW ***
[2026-07-09T13:57:29.699Z] [fly] result: {"symbol":"XSP","center":749,"wing":14,"contracts":1,"account":"DUR110649","expiry":"20260709","callCredit":3.02,"putCredit":3.03,"fills":{"CALL":3.02,"PUT":null,"FLATTEN":null},"real_fill_credit":null,"real_fill_dollars":null,"ok":false,"orphan_unresolved":true,"note":"ORPHAN UNRESOLVED — CALL vertical open; flatten limit working DAY @ $4.53. Check IBKR."}
[2026-07-09T14:00:01.951Z] Signal received: buy MSFT put @ 378.74
[2026-07-09T14:00:01.952Z] Queued MSFT — queue length: 1
[2026-07-09T14:00:01.953Z] Processing MSFT P...
[2026-07-09T14:00:01.953Z] getConId: requesting contract details for MSFT, reqId 6021
[2026-07-09T14:00:02.112Z] ConId for MSFT: 272093
[2026-07-09T14:00:02.922Z] getExpirations: skipping alternate trading class "2MSFT" for MSFT
[2026-07-09T14:00:02.967Z] Order placed: MSFT P strike:380 exp:20260710
[2026-07-09T14:00:03.769Z] Fill @ $4.3 → TP:$8.30 SL:$0.40
[2026-07-09T14:00:03.771Z] Tracking MSFT_P_380_20260710 for trailing stop (entry $4.3, underlying 378.74)
[2026-07-09T14:00:06.213Z] Signal received: buy QQQ call @ 722.25
[2026-07-09T14:00:06.214Z] Queued QQQ — queue length: 1
[2026-07-09T14:00:06.214Z] Processing QQQ C...
[2026-07-09T14:00:06.214Z] getConId: requesting contract details for QQQ, reqId 3308
[2026-07-09T14:00:06.349Z] ConId for QQQ: 320227571
[2026-07-09T14:00:06.425Z] IBKR [10091]: Part of requested market data requires additional subscription for API. See link in 'Market Data Connections' dialog for more details.MSFT NASDAQ.NMS/TOP/ALL
[2026-07-09T14:00:07.674Z] Signal received: buy MSFT call @ 378.74
[2026-07-09T14:00:07.674Z] Queued MSFT — queue length: 1
[2026-07-09T14:00:08.140Z] Order placed: QQQ C strike:720 exp:20260709
[2026-07-09T14:00:08.583Z] Fill @ $3.82 → TP:$8.70 SL:$0.40
[2026-07-09T14:00:08.584Z] Tracking QQQ_C_720_20260709 for trailing stop (entry $3.82, underlying 722.25)
[2026-07-09T14:00:11.140Z] SKIP: already holding MSFT (MSFT_P_380_20260710) -- one position per ticker
[2026-07-09T14:00:11.386Z] IBKR [10091]: Part of requested market data requires additional subscription for API. See link in 'Market Data Connections' dialog for more details.QQQ NASDAQ.NMS/TOP/ALL
[2026-07-09T14:00:24.498Z] Signal received: buy META put @ 590.50
[2026-07-09T14:00:24.499Z] Queued META — queue length: 1
[2026-07-09T14:00:24.499Z] Processing META P...
[2026-07-09T14:00:24.499Z] getConId: requesting contract details for META, reqId 7143
[2026-07-09T14:00:24.638Z] ConId for META: 107113386
[2026-07-09T14:00:24.722Z] Signal received: buy IWM call @ 296.47
[2026-07-09T14:00:24.723Z] Queued IWM — queue length: 1
[2026-07-09T14:00:25.497Z] Order placed: META P strike:590 exp:20260710
[2026-07-09T14:00:25.987Z] Fill @ $5.15 → TP:$21.10 SL:$0.50
[2026-07-09T14:00:25.989Z] Tracking META_P_590_20260710 for trailing stop (entry $5.15, underlying 590.5)
[2026-07-09T14:00:26.426Z] IBKR [10091]: Part of requested market data requires additional subscription for API. See link in 'Market Data Connections' dialog for more details.META NASDAQ.NMS/TOP/ALL
[2026-07-09T14:00:28.497Z] Processing IWM C...
[2026-07-09T14:00:28.497Z] getConId: requesting contract details for IWM, reqId 7675
[2026-07-09T14:00:28.722Z] ConId for IWM: 9579970
[2026-07-09T14:00:29.350Z] Order placed: IWM C strike:295 exp:20260709
[2026-07-09T14:00:29.942Z] Fill @ $1.83 → TP:$4.15 SL:$0.20
[2026-07-09T14:00:29.943Z] Tracking IWM_C_295_20260709 for trailing stop (entry $1.83, underlying 296.47)
[2026-07-09T14:06:10.560Z] Trail ARMED META_P_590_20260710 at +25% premium (peak $6.45)
[2026-07-09T14:07:27.925Z] Trail HIT META_P_590_20260710: $5.9 <= trail $5.94 (peak $6.75) — closing
[2026-07-09T14:07:27.972Z] IBKR [202]: Order Canceled - reason:
[2026-07-09T14:07:28.027Z] IBKR [10148]: OrderId 13 that needs to be cancelled cannot be cancelled, state: Cancelled.
[2026-07-09T14:07:28.328Z] IBKR [300]: Can't find EId with tickerId:0
[2026-07-09T14:07:28.462Z] IBKR [202]: Order Canceled - reason:
[2026-07-09T14:10:18.176Z] Trail ARMED MSFT_P_380_20260710 at +30% premium (peak $5.6)
[2026-07-09T14:15:04.036Z] Signal received: buy NVDA put @ 200.23
[2026-07-09T14:15:04.037Z] Queued NVDA — queue length: 1
[2026-07-09T14:15:04.037Z] Processing NVDA P...
[2026-07-09T14:15:04.037Z] getConId: requesting contract details for NVDA, reqId 1817
[2026-07-09T14:15:04.171Z] ConId for NVDA: 4815747
[2026-07-09T14:15:04.993Z] getExpirations: skipping alternate trading class "2NVDA" for NVDA
[2026-07-09T14:15:04.993Z] getExpirations: skipping alternate trading class "2NVDA" for NVDA
[2026-07-09T14:15:04.997Z] Order placed: NVDA P strike:200 exp:20260710
[2026-07-09T14:15:06.023Z] Signal received: buy QQQ call @ 719.69
[2026-07-09T14:15:06.024Z] Queued QQQ — queue length: 1
[2026-07-09T14:15:06.623Z] Signal received: buy TSLA put @ 394.03
[2026-07-09T14:15:06.624Z] Queued TSLA — queue length: 2
[2026-07-09T14:15:07.997Z] SKIP: already holding QQQ (QQQ_C_720_20260709) -- one position per ticker
[2026-07-09T14:15:07.997Z] Processing TSLA P...
[2026-07-09T14:15:07.998Z] getConId: requesting contract details for TSLA, reqId 7997
[2026-07-09T14:15:08.134Z] ConId for TSLA: 76792991
[2026-07-09T14:15:08.942Z] getExpirations: skipping alternate trading class "2TSLA" for TSLA
[2026-07-09T14:15:08.945Z] Order placed: TSLA P strike:395 exp:20260710
[2026-07-09T14:15:16.414Z] Fill @ $2.2 → TP:$8.25 SL:$0.20
[2026-07-09T14:15:16.415Z] Tracking NVDA_P_200_20260710 for trailing stop (entry $2.2, underlying 200.23)
[2026-07-09T14:15:16.431Z] IBKR [103]: Duplicate order id
[2026-07-09T14:15:16.431Z] IBKR [103]: Duplicate order id
[2026-07-09T14:15:16.519Z] IBKR [10091]: Part of requested market data requires additional subscription for API. See link in 'Market Data Connections' dialog for more details.NVDA NASDAQ.NMS/TOP/ALL
[2026-07-09T14:15:16.520Z] IBKR [10091]: Part of requested market data requires additional subscription for API. See link in 'Market Data Connections' dialog for more details.NVDA NASDAQ.NMS/TOP/ALL
[2026-07-09T14:15:16.523Z] Signal received: buy AVGO put @ 391.88
[2026-07-09T14:15:16.524Z] Queued AVGO — queue length: 1
[2026-07-09T14:15:16.524Z] Processing AVGO P...
[2026-07-09T14:15:16.525Z] getConId: requesting contract details for AVGO, reqId 4553
[2026-07-09T14:15:16.696Z] ConId for AVGO: 313130367
[2026-07-09T14:15:17.366Z] Order placed: AVGO P strike:390 exp:20260710
[2026-07-09T14:15:18.882Z] Signal received: buy GOOGL put @ 353.25
[2026-07-09T14:15:18.883Z] Queued GOOGL — queue length: 1
[2026-07-09T14:15:19.657Z] Fill @ $5.94 → TP:$13.60 SL:$0.60
[2026-07-09T14:15:19.658Z] Tracking TSLA_P_395_20260710 for trailing stop (entry $5.94, underlying 394.03)
[2026-07-09T14:15:19.660Z] IBKR [103]: Duplicate order id
[2026-07-09T14:15:19.662Z] IBKR [103]: Duplicate order id
[2026-07-09T14:15:20.366Z] Processing GOOGL P...
[2026-07-09T14:15:20.366Z] getConId: requesting contract details for GOOGL, reqId 6908
[2026-07-09T14:15:20.502Z] ConId for GOOGL: 208813719
[2026-07-09T14:15:21.055Z] getExpirations: skipping alternate trading class "2GOOGL" for GOOGL
[2026-07-09T14:15:21.056Z] getExpirations: skipping alternate trading class "2GOOGL" for GOOGL
[2026-07-09T14:15:21.057Z] Order placed: GOOGL P strike:355 exp:20260710
[2026-07-09T14:15:21.476Z] IBKR [10091]: Part of requested market data requires additional subscription for API. See link in 'Market Data Connections' dialog for more details.TSLA NASDAQ.NMS/TOP/ALL
[2026-07-09T14:15:21.477Z] IBKR [10091]: Part of requested market data requires additional subscription for API. See link in 'Market Data Connections' dialog for more details.TSLA NASDAQ.NMS/TOP/ALL
[2026-07-09T14:15:37.716Z] Fill @ $5.35 → TP:$33.60 SL:$0.50
[2026-07-09T14:15:37.717Z] Tracking AVGO_P_390_20260710 for trailing stop (entry $5.35, underlying 391.88)
[2026-07-09T14:15:37.720Z] IBKR [103]: Duplicate order id
[2026-07-09T14:15:37.819Z] IBKR [103]: Duplicate order id
[2026-07-09T14:15:41.478Z] IBKR [10091]: Part of requested market data requires additional subscription for API. See link in 'Market Data Connections' dialog for more details.AVGO NASDAQ.NMS/TOP/ALL
[2026-07-09T14:15:41.479Z] IBKR [10091]: Part of requested market data requires additional subscription for API. See link in 'Market Data Connections' dialog for more details.AVGO NASDAQ.NMS/TOP/ALL
[2026-07-09T14:15:51.057Z] No fill for 27 after 30s
[2026-07-09T14:21:17.247Z] Trail ARMED AVGO_P_390_20260710 at +25% premium (peak $6.7)
[2026-07-09T14:22:04.696Z] Trail HIT AVGO_P_390_20260710: $5.85 <= trail $5.90 (peak $6.7) — closing
[2026-07-09T14:22:04.698Z] IBKR [10147]: OrderId 25 that needs to be cancelled is not found.
[2026-07-09T14:22:04.798Z] IBKR [10147]: OrderId 26 that needs to be cancelled is not found.
[2026-07-09T14:22:05.099Z] IBKR [300]: Can't find EId with tickerId:0
[2026-07-09T14:23:14.505Z] Trail HIT MSFT_P_380_20260710: $5.75 <= trail $5.85 (peak $6.65) — closing
[2026-07-09T14:23:14.551Z] IBKR [202]: Order Canceled - reason:
[2026-07-09T14:23:14.847Z] IBKR [300]: Can't find EId with tickerId:0
[2026-07-09T14:23:15.524Z] IBKR [202]: Order Canceled - reason:
[2026-07-09T14:27:36.590Z] Trail ARMED IWM_C_295_20260709 at +26% premium (peak $2.31)
[2026-07-09T14:29:45.522Z] Trail HIT IWM_C_295_20260709: $2.26 <= trail $2.28 (peak $2.59) — closing
[2026-07-09T14:29:45.570Z] IBKR [202]: Order Canceled - reason:
[2026-07-09T14:29:45.864Z] IBKR [300]: Can't find EId with tickerId:0
[2026-07-09T14:29:45.886Z] IBKR [202]: Order Canceled - reason:
[2026-07-09T14:30:01.524Z] Signal received: buy QQQ call @ 718.73
[2026-07-09T14:30:01.525Z] Queued QQQ — queue length: 1
[2026-07-09T14:30:01.525Z] SKIP: already holding QQQ (QQQ_C_720_20260709) -- one position per ticker
[2026-07-09T15:00:11.693Z] Time-stop HIT QQQ_C_720_20260709: un-armed after 60.1min — closing at market
[2026-07-09T15:00:11.742Z] IBKR [202]: Order Canceled - reason:
[2026-07-09T15:00:11.823Z] IBKR [202]: Order Canceled - reason:
[2026-07-09T15:00:12.022Z] IBKR [300]: Can't find EId with tickerId:0
[2026-07-09T15:15:04.520Z] Signal received: buy QQQ call @ 721.02
[2026-07-09T15:15:04.521Z] Queued QQQ — queue length: 1
[2026-07-09T15:15:04.521Z] Processing QQQ C...
[2026-07-09T15:15:04.522Z] getConId: requesting contract details for QQQ, reqId 5023
[2026-07-09T15:15:04.569Z] ConId for QQQ: 320227571
[2026-07-09T15:15:05.924Z] Order placed: QQQ C strike:720 exp:20260709
[2026-07-09T15:15:06.131Z] Fill @ $2.36 → TP:$5.40 SL:$0.25
[2026-07-09T15:15:06.132Z] Tracking QQQ_C_720_20260709 for trailing stop (entry $2.36, underlying 721.02)
[2026-07-09T15:15:06.809Z] IBKR [10091]: Part of requested market data requires additional subscription for API. See link in 'Market Data Connections' dialog for more details.QQQ NASDAQ.NMS/TOP/ALL
[2026-07-09T15:15:16.764Z] Time-stop HIT NVDA_P_200_20260710: un-armed after 60.0min — closing at market
[2026-07-09T15:15:16.767Z] IBKR [10147]: OrderId 19 that needs to be cancelled is not found.
[2026-07-09T15:15:16.866Z] IBKR [10147]: OrderId 20 that needs to be cancelled is not found.
[2026-07-09T15:15:17.166Z] IBKR [300]: Can't find EId with tickerId:0
[2026-07-09T15:15:21.764Z] Time-stop HIT TSLA_P_395_20260710: un-armed after 60.0min — closing at market
[2026-07-09T15:15:21.767Z] IBKR [10147]: OrderId 22 that needs to be cancelled is not found.
[2026-07-09T15:15:21.767Z] IBKR [10147]: OrderId 23 that needs to be cancelled is not found.
[2026-07-09T15:15:21.968Z] IBKR [300]: Can't find EId with tickerId:0
[2026-07-09T15:30:02.158Z] Signal received: buy IWM call @ 297.07
[2026-07-09T15:30:02.159Z] Queued IWM — queue length: 1
[2026-07-09T15:30:02.159Z] Processing IWM C...
[2026-07-09T15:30:02.159Z] getConId: requesting contract details for IWM, reqId 8792
[2026-07-09T15:30:02.208Z] ConId for IWM: 9579970
[2026-07-09T15:30:02.795Z] Order placed: IWM C strike:295 exp:20260709
[2026-07-09T15:30:03.013Z] Fill @ $2.25 → TP:$5.15 SL:$0.20
[2026-07-09T15:30:03.014Z] Tracking IWM_C_295_20260709 for trailing stop (entry $2.25, underlying 297.07)
[2026-07-09T15:30:10.358Z] Signal received: buy SPY call @ 749.77
[2026-07-09T15:30:10.359Z] Queued SPY — queue length: 1
[2026-07-09T15:30:10.359Z] Processing SPY C...
[2026-07-09T15:30:10.359Z] getConId: requesting contract details for SPY, reqId 4362
[2026-07-09T15:30:10.529Z] ConId for SPY: 756733
[2026-07-09T15:30:12.167Z] Order placed: SPY C strike:750 exp:20260709
[2026-07-09T15:30:12.454Z] Fill @ $0.81 → TP:$1.85 SL:$0.10
[2026-07-09T15:30:12.455Z] Tracking SPY_C_750_20260709 for trailing stop (entry $0.81, underlying 749.77)
[2026-07-09T15:41:44.288Z] Trail ARMED SPY_C_750_20260709 at +26% premium (peak $1.02)
[2026-07-09T15:46:30.144Z] Trail HIT SPY_C_750_20260709: $0.9 <= trail $0.91 (peak $1.03) — closing
[2026-07-09T15:46:30.192Z] IBKR [202]: Order Canceled - reason:
[2026-07-09T15:46:30.272Z] IBKR [202]: Order Canceled - reason:
[2026-07-09T15:46:30.446Z] IBKR [300]: Can't find EId with tickerId:0
[2026-07-09T16:00:14.177Z] Signal received: buy TSLA call @ 399.42
[2026-07-09T16:00:14.178Z] Queued TSLA — queue length: 1
[2026-07-09T16:00:14.179Z] Processing TSLA C...
[2026-07-09T16:00:14.179Z] getConId: requesting contract details for TSLA, reqId 8834
[2026-07-09T16:00:14.228Z] ConId for TSLA: 76792991
[2026-07-09T16:00:14.682Z] getExpirations: skipping alternate trading class "2TSLA" for TSLA
[2026-07-09T16:00:14.682Z] Order placed: TSLA C strike:400 exp:20260710
[2026-07-09T16:00:14.736Z] IBKR [200]: The contract description specified for TSLA is ambiguous.
[2026-07-09T16:00:21.606Z] Signal received: buy SPY call @ 749.86
[2026-07-09T16:00:21.607Z] Queued SPY — queue length: 1
[2026-07-09T16:00:21.608Z] Processing SPY C...
[2026-07-09T16:00:21.608Z] getConId: requesting contract details for SPY, reqId 5127
[2026-07-09T16:00:21.654Z] ConId for SPY: 756733
[2026-07-09T16:00:22.964Z] Order placed: SPY C strike:750 exp:20260709
[2026-07-09T16:00:23.095Z] Fill @ $0.86 → TP:$1.95 SL:$0.10
[2026-07-09T16:00:23.097Z] Tracking SPY_C_750_20260709 for trailing stop (entry $0.86, underlying 749.86)
[2026-07-09T16:00:44.682Z] No fill for 46 after 30s
[2026-07-09T16:01:54.677Z] Trail ARMED QQQ_C_720_20260709 at +25% premium (peak $2.95)
[2026-07-09T16:03:10.759Z] Trail ARMED SPY_C_750_20260709 at +26% premium (peak $1.08)
[2026-07-09T16:12:09.714Z] Trail HIT QQQ_C_720_20260709: $2.73 <= trail $2.74 (peak $3.11) — closing
[2026-07-09T16:12:09.761Z] IBKR [202]: Order Canceled - reason:
[2026-07-09T16:12:09.801Z] IBKR [202]: Order Canceled - reason:
[2026-07-09T16:12:09.816Z] IBKR [10148]: OrderId 36 that needs to be cancelled cannot be cancelled, state: Cancelled.
[2026-07-09T16:12:10.116Z] IBKR [300]: Can't find EId with tickerId:0
[2026-07-09T16:15:13.668Z] Signal received: buy SPY call @ 750.53
[2026-07-09T16:15:13.669Z] Queued SPY — queue length: 1
[2026-07-09T16:15:13.669Z] SKIP: already holding SPY (SPY_C_750_20260709) -- one position per ticker
[2026-07-09T16:27:04.215Z] IBKR [10197]: No market data during competing live session
[2026-07-09T16:27:04.216Z] IBKR [10197]: No market data during competing live session
[2026-07-09T16:27:34.204Z] IBKR [10197]: No market data during competing live session
[2026-07-09T16:27:34.204Z] IBKR [10197]: No market data during competing live session
[2026-07-09T16:28:04.204Z] IBKR [10197]: No market data during competing live session
[2026-07-09T16:28:04.204Z] IBKR [10197]: No market data during competing live session
[2026-07-09T16:30:07.225Z] Time-stop HIT IWM_C_295_20260709: un-armed after 60.1min — closing at market
[2026-07-09T16:30:07.273Z] IBKR [202]: Order Canceled - reason:
[2026-07-09T16:30:07.319Z] IBKR [202]: Order Canceled - reason:
[2026-07-09T16:30:07.568Z] IBKR [300]: Can't find EId with tickerId:0
[2026-07-09T17:00:09.735Z] Trail HIT SPY_C_750_20260709: $0.99 <= trail $1.13 (peak $1.28) — closing
[2026-07-09T17:00:09.781Z] IBKR [202]: Order Canceled - reason:
[2026-07-09T17:00:09.821Z] IBKR [202]: Order Canceled - reason:
[2026-07-09T17:00:10.077Z] IBKR [300]: Can't find EId with tickerId:0
[2026-07-09T17:34:27.732Z] Server on http://localhost:3000
[2026-07-09T17:34:27.735Z] TP: +128% | SL: -100% | DTE: 0-3
[2026-07-09T17:34:27.735Z] EOD-flatten: ON @1550 ET | Trail: ON arm prem+25% trail12% | Time-stop: ON 60min | MFE-log: ON
[2026-07-09T17:34:27.750Z] Connected to TWS
[2026-07-09T19:50:27.833Z] EOD-flatten trigger at 1550 ET
[2026-07-09T19:50:27.843Z] EOD-flatten: no 0DTE option positions to close (exp 20260709)
[2026-07-09T19:57:27.844Z] EOD-flatten PASS 2 (catch-all) at 1557 ET
[2026-07-09T19:57:27.889Z] EOD-flatten: no 0DTE option positions to close (exp 20260709)
[2026-07-10T05:01:03.570Z] Server on http://localhost:3000
[2026-07-10T05:01:03.573Z] TP: +128% | SL: -100% | DTE: 0-3
[2026-07-10T05:01:03.573Z] EOD-flatten: ON @1550 ET | Trail: ON arm prem+25% trail12% | Time-stop: ON 60min | MFE-log: ON
[2026-07-10T05:01:03.588Z] Connected to TWS
[2026-07-10T13:47:00.611Z] [fly] /place_test_fly XSP c755 w13 x1 (acct DUR110649)
[2026-07-10T13:47:01.038Z] [fly] XSP legs resolved: SHORT_CALL=882460194 LONG_CALL=887974991 SHORT_PUT=882460290 LONG_PUT=882460220
[2026-07-10T13:47:02.812Z] IBKR [10090]: Part of requested market data is not subscribed. Subscription-independent ticks are still active.Delayed market data is available.XSP Mini-SPX Index/TOP/ALL
[2026-07-10T13:47:02.812Z] [fly] error code=10090 reqId=904230: Part of requested market data is not subscribed. Subscription-independent ticks are still active.Delayed market data is available.XSP Mini-SPX Index/TOP/ALL
[2026-07-10T13:47:02.888Z] IBKR [10090]: Part of requested market data is not subscribed. Subscription-independent ticks are still active.Delayed market data is available.XSP Mini-SPX Index/TOP/ALL
[2026-07-10T13:47:02.889Z] [fly] error code=10090 reqId=904231: Part of requested market data is not subscribed. Subscription-independent ticks are still active.Delayed market data is available.XSP Mini-SPX Index/TOP/ALL
[2026-07-10T13:47:02.892Z] IBKR [10090]: Part of requested market data is not subscribed. Subscription-independent ticks are still active.Delayed market data is available.XSP Mini-SPX Index/TOP/ALL
[2026-07-10T13:47:02.892Z] [fly] error code=10090 reqId=904229: Part of requested market data is not subscribed. Subscription-independent ticks are still active.Delayed market data is available.XSP Mini-SPX Index/TOP/ALL
[2026-07-10T13:47:02.893Z] IBKR [10090]: Part of requested market data is not subscribed. Subscription-independent ticks are still active.Delayed market data is available.XSP Mini-SPX Index/TOP/ALL
[2026-07-10T13:47:02.893Z] [fly] error code=10090 reqId=904228: Part of requested market data is not subscribed. Subscription-independent ticks are still active.Delayed market data is available.XSP Mini-SPX Index/TOP/ALL
[2026-07-10T13:47:09.040Z] [fly] mids SC=1.41 LC=null SP=1.17 LP=0.025
[2026-07-10T13:47:09.041Z] [fly] result: {"ok":false,"error":"missing quotes — cannot price (market open? data perms?)"}
[2026-07-10T13:51:11.069Z] [fly] /place_test_fly XSP c756 w13 x1 (acct DUR110649)
[2026-07-10T13:51:11.540Z] [fly] XSP legs resolved: SHORT_CALL=887008225 LONG_CALL=887974993 SHORT_PUT=887008483 LONG_PUT=882460225
[2026-07-10T13:51:12.618Z] IBKR [10090]: Part of requested market data is not subscribed. Subscription-independent ticks are still active.Delayed market data is available.XSP Mini-SPX Index/TOP/ALL
[2026-07-10T13:51:12.619Z] [fly] error code=10090 reqId=907914: Part of requested market data is not subscribed. Subscription-independent ticks are still active.Delayed market data is available.XSP Mini-SPX Index/TOP/ALL
[2026-07-10T13:51:12.819Z] IBKR [10090]: Part of requested market data is not subscribed. Subscription-independent ticks are still active.Delayed market data is available.XSP Mini-SPX Index/TOP/ALL
[2026-07-10T13:51:12.820Z] [fly] error code=10090 reqId=907912: Part of requested market data is not subscribed. Subscription-independent ticks are still active.Delayed market data is available.XSP Mini-SPX Index/TOP/ALL
[2026-07-10T13:51:13.022Z] IBKR [10090]: Part of requested market data is not subscribed. Subscription-independent ticks are still active.Delayed market data is available.XSP Mini-SPX Index/TOP/ALL
[2026-07-10T13:51:13.022Z] [fly] error code=10090 reqId=907913: Part of requested market data is not subscribed. Subscription-independent ticks are still active.Delayed market data is available.XSP Mini-SPX Index/TOP/ALL
[2026-07-10T13:51:13.022Z] IBKR [10090]: Part of requested market data is not subscribed. Subscription-independent ticks are still active.Delayed market data is available.XSP Mini-SPX Index/TOP/ALL
[2026-07-10T13:51:13.022Z] [fly] error code=10090 reqId=907915: Part of requested market data is not subscribed. Subscription-independent ticks are still active.Delayed market data is available.XSP Mini-SPX Index/TOP/ALL
[2026-07-10T13:51:19.543Z] [fly] mids SC=0.99 LC=null SP=1.41 LP=0.03
[2026-07-10T13:51:19.543Z] [fly] result: {"ok":false,"error":"missing quotes — cannot price (market open? data perms?)"}
[2026-07-10T14:00:02.891Z] Signal received: buy AMZN put @ 245.83
[2026-07-10T14:00:02.893Z] Queued AMZN — queue length: 1
[2026-07-10T14:00:02.893Z] Processing AMZN P...
[2026-07-10T14:00:02.894Z] getConId: requesting contract details for AMZN, reqId 2349
[2026-07-10T14:00:03.130Z] ConId for AMZN: 3691937
[2026-07-10T14:00:03.646Z] getExpirations: skipping alternate trading class "2AMZN" for AMZN
[2026-07-10T14:00:03.693Z] Order placed: AMZN P strike:245 exp:20260710
[2026-07-10T14:00:05.191Z] Fill @ $0.92 → TP:$2.70 SL:$0.10
[2026-07-10T14:00:05.192Z] Tracking AMZN_P_245_20260710 for trailing stop (entry $0.92, underlying 245.83)
[2026-07-10T14:00:06.589Z] IBKR [10091]: Part of requested market data requires additional subscription for API. See link in 'Market Data Connections' dialog for more details.AMZN NASDAQ.NMS/TOP/ALL
[2026-07-10T14:00:07.229Z] Signal received: buy NVDA call @ 207.33
[2026-07-10T14:00:07.230Z] Queued NVDA — queue length: 1
[2026-07-10T14:00:07.230Z] Processing NVDA C...
[2026-07-10T14:00:07.230Z] getConId: requesting contract details for NVDA, reqId 4713
[2026-07-10T14:00:07.410Z] ConId for NVDA: 4815747
[2026-07-10T14:00:08.279Z] getExpirations: skipping alternate trading class "2NVDA" for NVDA
[2026-07-10T14:00:08.280Z] getExpirations: skipping alternate trading class "2NVDA" for NVDA
[2026-07-10T14:00:08.286Z] Order placed: NVDA C strike:205 exp:20260710
[2026-07-10T14:00:08.393Z] IBKR [200]: The contract description specified for NVDA is ambiguous.
[2026-07-10T14:00:11.748Z] Signal received: buy AMZN call @ 245.83
[2026-07-10T14:00:11.749Z] Queued AMZN — queue length: 1
[2026-07-10T14:00:11.749Z] SKIP: already holding AMZN (AMZN_P_245_20260710) -- one position per ticker
[2026-07-10T14:00:29.031Z] Signal received: buy IWM call @ 296.29
[2026-07-10T14:00:29.032Z] Queued IWM — queue length: 1
[2026-07-10T14:00:29.033Z] Processing IWM C...
[2026-07-10T14:00:29.033Z] getConId: requesting contract details for IWM, reqId 4597
[2026-07-10T14:00:29.257Z] ConId for IWM: 9579970
[2026-07-10T14:00:30.048Z] Order placed: IWM C strike:295 exp:20260710
[2026-07-10T14:00:30.304Z] Fill @ $1.4 → TP:$3.20 SL:$0.15
[2026-07-10T14:00:30.305Z] Tracking IWM_C_295_20260710 for trailing stop (entry $1.4, underlying 296.29)
[2026-07-10T14:00:38.286Z] No fill for 4 after 30s
[2026-07-10T14:01:49.063Z] Trail ARMED IWM_C_295_20260710 at +25% premium (peak $1.75)
[2026-07-10T14:03:09.577Z] Trail HIT IWM_C_295_20260710: $1.54 <= trail $1.55 (peak $1.76) — closing
[2026-07-10T14:03:09.650Z] IBKR [202]: Order Canceled - reason:
[2026-07-10T14:03:09.680Z] IBKR [10148]: OrderId 9 that needs to be cancelled cannot be cancelled, state: Cancelled.
[2026-07-10T14:03:09.721Z] IBKR [202]: Order Canceled - reason:
[2026-07-10T14:03:09.980Z] IBKR [300]: Can't find EId with tickerId:0
[2026-07-10T14:04:14.139Z] Trail ARMED AMZN_P_245_20260710 at +26% premium (peak $1.16)
[2026-07-10T14:04:51.464Z] Trail HIT AMZN_P_245_20260710: $1.1 <= trail $1.10 (peak $1.25) — closing
[2026-07-10T14:04:51.512Z] IBKR [202]: Order Canceled - reason:
[2026-07-10T14:04:51.554Z] IBKR [202]: Order Canceled - reason:
[2026-07-10T14:04:51.806Z] IBKR [300]: Can't find EId with tickerId:0
[2026-07-10T14:45:02.826Z] Signal received: buy QQQ call @ 722.00
[2026-07-10T14:45:02.827Z] Queued QQQ — queue length: 1
[2026-07-10T14:45:02.827Z] Processing QQQ C...
[2026-07-10T14:45:02.827Z] getConId: requesting contract details for QQQ, reqId 7565
[2026-07-10T14:45:03.005Z] ConId for QQQ: 320227571
[2026-07-10T14:45:04.222Z] Signal received: buy AMZN put @ 245.57
[2026-07-10T14:45:04.223Z] Queued AMZN — queue length: 1
[2026-07-10T14:45:04.552Z] Order placed: QQQ C strike:720 exp:20260710
[2026-07-10T14:45:05.593Z] Signal received: buy AMZN call @ 245.57
[2026-07-10T14:45:05.594Z] Queued AMZN — queue length: 2
[2026-07-10T14:45:05.613Z] Signal received: buy GOOGL put @ 354.29
[2026-07-10T14:45:05.613Z] Queued GOOGL — queue length: 3
[2026-07-10T14:45:07.552Z] Processing AMZN P...
[2026-07-10T14:45:07.552Z] getConId: requesting contract details for AMZN, reqId 2039
[2026-07-10T14:45:07.603Z] ConId for AMZN: 3691937
[2026-07-10T14:45:07.740Z] getExpirations: skipping alternate trading class "2AMZN" for AMZN
[2026-07-10T14:45:07.782Z] Order placed: AMZN P strike:245 exp:20260710
[2026-07-10T14:45:08.526Z] Fill @ $0.83 → TP:$2.50 SL:$0.10
[2026-07-10T14:45:08.528Z] Tracking AMZN_P_245_20260710 for trailing stop (entry $0.83, underlying 245.57)
[2026-07-10T14:45:10.781Z] SKIP: already holding AMZN (AMZN_P_245_20260710) -- one position per ticker
[2026-07-10T14:45:10.782Z] Processing GOOGL P...
[2026-07-10T14:45:10.782Z] getConId: requesting contract details for GOOGL, reqId 2758
[2026-07-10T14:45:10.920Z] ConId for GOOGL: 208813719
[2026-07-10T14:45:11.229Z] Signal received: buy MSFT put @ 383.15
[2026-07-10T14:45:11.230Z] Queued MSFT — queue length: 1
[2026-07-10T14:45:11.468Z] getExpirations: skipping alternate trading class "2GOOGL" for GOOGL
[2026-07-10T14:45:11.469Z] getExpirations: skipping alternate trading class "2GOOGL" for GOOGL
[2026-07-10T14:45:11.469Z] Order placed: GOOGL P strike:355 exp:20260710
[2026-07-10T14:45:11.959Z] IBKR [10091]: Part of requested market data requires additional subscription for API. See link in 'Market Data Connections' dialog for more details.AMZN NASDAQ.NMS/TOP/ALL
[2026-07-10T14:45:12.031Z] Fill @ $1.83 → TP:$5.15 SL:$0.20
[2026-07-10T14:45:12.032Z] Tracking GOOGL_P_355_20260710 for trailing stop (entry $1.83, underlying 354.29)
[2026-07-10T14:45:14.471Z] Processing MSFT P...
[2026-07-10T14:45:14.471Z] getConId: requesting contract details for MSFT, reqId 6255
[2026-07-10T14:45:14.614Z] ConId for MSFT: 272093
[2026-07-10T14:45:14.790Z] Fill @ $3.54 → TP:$8.10 SL:$0.40
[2026-07-10T14:45:14.791Z] Tracking QQQ_C_720_20260710 for trailing stop (entry $3.54, underlying 722)
[2026-07-10T14:45:14.834Z] IBKR [103]: Duplicate order id
[2026-07-10T14:45:14.893Z] IBKR [103]: Duplicate order id
[2026-07-10T14:45:15.140Z] getExpirations: skipping alternate trading class "2MSFT" for MSFT
[2026-07-10T14:45:15.141Z] Order placed: MSFT P strike:385 exp:20260710
[2026-07-10T14:45:15.484Z] Fill @ $2.75 → TP:$5.25 SL:$0.25
[2026-07-10T14:45:15.486Z] Tracking MSFT_P_385_20260710 for trailing stop (entry $2.75, underlying 383.15)
[2026-07-10T14:45:16.874Z] IBKR [10091]: Part of requested market data requires additional subscription for API. See link in 'Market Data Connections' dialog for more details.GOOGL NASDAQ.NMS/TOP/ALL
[2026-07-10T14:45:16.973Z] IBKR [10091]: Part of requested market data requires additional subscription for API. See link in 'Market Data Connections' dialog for more details.QQQ NASDAQ.NMS/TOP/ALL
[2026-07-10T14:45:17.074Z] IBKR [10091]: Part of requested market data requires additional subscription for API. See link in 'Market Data Connections' dialog for more details.MSFT NASDAQ.NMS/TOP/ALL
[2026-07-10T14:47:58.927Z] Trail ARMED GOOGL_P_355_20260710 at +25% premium (peak $2.29)
[2026-07-10T14:48:33.753Z] Trail HIT GOOGL_P_355_20260710: $2.06 <= trail $2.07 (peak $2.35) — closing
[2026-07-10T14:48:33.801Z] IBKR [202]: Order Canceled - reason:
[2026-07-10T14:48:33.842Z] IBKR [202]: Order Canceled - reason:
[2026-07-10T14:48:34.094Z] IBKR [300]: Can't find EId with tickerId:0
[2026-07-10T15:00:03.803Z] Signal received: buy QQQ call @ 720.30
[2026-07-10T15:00:03.805Z] Queued QQQ — queue length: 1
[2026-07-10T15:00:03.805Z] SKIP: already holding QQQ (QQQ_C_720_20260710) -- one position per ticker
[2026-07-10T15:01:44.899Z] Trail ARMED MSFT_P_385_20260710 at +25% premium (peak $3.45)
[2026-07-10T15:04:29.582Z] Trail ARMED AMZN_P_245_20260710 at +25% premium (peak $1.04)
[2026-07-10T15:05:04.182Z] Trail HIT MSFT_P_385_20260710: $3.9 <= trail $3.92 (peak $4.45) — closing
[2026-07-10T15:05:04.231Z] IBKR [202]: Order Canceled - reason:
[2026-07-10T15:05:04.284Z] IBKR [10148]: OrderId 23 that needs to be cancelled cannot be cancelled, state: Cancelled.
[2026-07-10T15:05:04.584Z] IBKR [300]: Can't find EId with tickerId:0
[2026-07-10T15:05:05.759Z] IBKR [202]: Order Canceled - reason:
[2026-07-10T15:05:32.063Z] Trail HIT AMZN_P_245_20260710: $1.08 <= trail $1.08 (peak $1.23) — closing
[2026-07-10T15:05:32.112Z] IBKR [202]: Order Canceled - reason:
[2026-07-10T15:05:32.406Z] IBKR [300]: Can't find EId with tickerId:0
[2026-07-10T15:05:32.746Z] IBKR [202]: Order Canceled - reason:
[2026-07-10T15:05:55.593Z] [fly] /place_test_fly XSP c754 w13 x1 (acct DUR110649) model-priced cc=2.37 pc=2.74
[2026-07-10T15:05:55.908Z] [fly] XSP legs resolved: SHORT_CALL=882460180 LONG_CALL=887008411 SHORT_PUT=882460285 LONG_PUT=882460217
[2026-07-10T15:05:55.909Z] [fly] MODEL-PRICED call=$2.37 put=$2.74 (snapshots skipped)
[2026-07-10T15:05:55.909Z] [fly] XSP call-credit $2.37  put-credit $2.74  total $5.11
[2026-07-10T15:05:55.909Z] [fly] SUBMIT XSP CALL vertical id=27 SELL @ $2.37 x1
[2026-07-10T15:05:55.910Z] [fly] SUBMIT XSP PUT  vertical id=28 SELL @ $2.74 x1
[2026-07-10T15:06:20.910Z] [fly] no fills in 25s — cancelling both (model call $2.37 / put $2.74 did not cross)
[2026-07-10T15:06:20.911Z] [fly] result: {"symbol":"XSP","center":754,"wing":13,"contracts":1,"account":"DUR110649","expiry":"20260710","callCredit":2.37,"putCredit":2.74,"fills":{"CALL":null,"PUT":null,"FLATTEN":null},"real_fill_credit":null,"real_fill_dollars":null,"ok":false,"note":"no fills — both orders cancelled; model credits did not cross, shade and retry"}
[2026-07-10T15:06:21.093Z] IBKR [202]: Order Canceled - reason:
[2026-07-10T15:06:21.094Z] IBKR [202]: Order Canceled - reason:
[2026-07-10T15:15:09.011Z] Signal received: buy QQQ call @ 721.62
[2026-07-10T15:15:09.012Z] Queued QQQ — queue length: 1
[2026-07-10T15:15:09.012Z] SKIP: already holding QQQ (QQQ_C_720_20260710) -- one position per ticker
[2026-07-10T15:16:08.225Z] [fly] /place_test_fly XSP c754 w13 x1 (acct DUR110649) model-priced cc=2.41 pc=2.21
[2026-07-10T15:16:08.420Z] [fly] XSP legs resolved: SHORT_CALL=882460180 LONG_CALL=887008411 SHORT_PUT=882460285 LONG_PUT=882460217
[2026-07-10T15:16:08.421Z] [fly] MODEL-PRICED call=$2.41 put=$2.21 (snapshots skipped)
[2026-07-10T15:16:08.421Z] [fly] XSP call-credit $2.41  put-credit $2.21  total $4.62
[2026-07-10T15:16:08.421Z] [fly] SUBMIT XSP CALL vertical id=29 SELL @ $2.41 x1
[2026-07-10T15:16:08.421Z] [fly] SUBMIT XSP PUT  vertical id=30 SELL @ $2.21 x1
[2026-07-10T15:16:33.422Z] [fly] no fills in 25s — cancelling both (model call $2.41 / put $2.21 did not cross)
[2026-07-10T15:16:33.424Z] [fly] result: {"symbol":"XSP","center":754,"wing":13,"contracts":1,"account":"DUR110649","expiry":"20260710","callCredit":2.41,"putCredit":2.21,"fills":{"CALL":null,"PUT":null,"FLATTEN":null},"real_fill_credit":null,"real_fill_dollars":null,"ok":false,"note":"no fills — both orders cancelled; model credits did not cross, shade and retry"}
[2026-07-10T15:16:33.489Z] IBKR [202]: Order Canceled - reason:
[2026-07-10T15:16:33.531Z] IBKR [202]: Order Canceled - reason:
[2026-07-10T15:19:59.935Z] [fly] /place_test_fly XSP c754 w13 x1 (acct DUR110649) model-priced cc=1.02 pc=1.24
[2026-07-10T15:20:00.284Z] [fly] XSP legs resolved: SHORT_CALL=882460180 LONG_CALL=887008411 SHORT_PUT=882460285 LONG_PUT=882460217
[2026-07-10T15:20:00.284Z] [fly] MODEL-PRICED call=$1.02 put=$1.24 (snapshots skipped)
[2026-07-10T15:20:00.284Z] [fly] XSP call-credit $1.02  put-credit $1.24  total $2.26
[2026-07-10T15:20:00.284Z] [fly] SUBMIT XSP CALL vertical id=31 SELL @ $1.02 x1
[2026-07-10T15:20:00.285Z] [fly] SUBMIT XSP PUT  vertical id=32 SELL @ $1.24 x1
[2026-07-10T15:20:02.221Z] IBKR [202]: Order Canceled - reason:We cannot accept an order at a limit price at or more aggressive than -1.385. Please submit your order using a<br> limit price that is closer to the current market price of -1.71.
[2026-07-10T15:20:02.221Z] [fly] error code=202 reqId=31: Order Canceled - reason:We cannot accept an order at a limit price at or more aggressive than -1.385. Please submit your order using a<br> limit price that is closer to the current market price of -1.71.
[2026-07-10T15:20:25.285Z] [fly] no fills in 25s — cancelling both (model call $1.02 / put $1.24 did not cross)
[2026-07-10T15:20:25.286Z] [fly] result: {"symbol":"XSP","center":754,"wing":13,"contracts":1,"account":"DUR110649","expiry":"20260710","callCredit":1.02,"putCredit":1.24,"fills":{"CALL":null,"PUT":null,"FLATTEN":null},"real_fill_credit":null,"real_fill_dollars":null,"ok":false,"note":"no fills — both orders cancelled; model credits did not cross, shade and retry"}
[2026-07-10T15:20:25.288Z] IBKR [10147]: OrderId 31 that needs to be cancelled is not found.
[2026-07-10T15:20:25.729Z] IBKR [202]: Order Canceled - reason:
[2026-07-10T15:25:39.918Z] Trail ARMED QQQ_C_720_20260710 at +26% premium (peak $4.45)
[2026-07-10T15:26:29.432Z] [fly] /place_test_fly XSP c754 w13 x1 (acct DUR110649) model-priced cc=1.58 pc=0.68
[2026-07-10T15:26:29.626Z] [fly] XSP legs resolved: SHORT_CALL=882460180 LONG_CALL=887008411 SHORT_PUT=882460285 LONG_PUT=882460217
[2026-07-10T15:26:29.627Z] [fly] MODEL-PRICED call=$1.58 put=$0.68 (snapshots skipped)
[2026-07-10T15:26:29.627Z] [fly] XSP call-credit $1.58  put-credit $0.68  total $2.26
[2026-07-10T15:26:29.627Z] [fly] SUBMIT XSP CALL vertical id=33 SELL @ $1.58 x1
[2026-07-10T15:26:29.627Z] [fly] SUBMIT XSP PUT  vertical id=34 SELL @ $0.68 x1
[2026-07-10T15:26:29.778Z] IBKR [202]: Order Canceled - reason:We cannot accept an order at a limit price at or more aggressive than -1.67. Please submit your order using a <br>limit price that is closer to the current market price of -2.19.
[2026-07-10T15:26:29.779Z] [fly] error code=202 reqId=33: Order Canceled - reason:We cannot accept an order at a limit price at or more aggressive than -1.67. Please submit your order using a <br>limit price that is closer to the current market price of -2.19.
[2026-07-10T15:26:54.628Z] [fly] no fills in 25s — cancelling both (model call $1.58 / put $0.68 did not cross)
[2026-07-10T15:26:54.629Z] [fly] result: {"symbol":"XSP","center":754,"wing":13,"contracts":1,"account":"DUR110649","expiry":"20260710","callCredit":1.58,"putCredit":0.68,"fills":{"CALL":null,"PUT":null,"FLATTEN":null},"real_fill_credit":null,"real_fill_dollars":null,"ok":false,"note":"no fills — both orders cancelled; model credits did not cross, shade and retry"}
[2026-07-10T15:26:54.632Z] IBKR [10147]: OrderId 33 that needs to be cancelled is not found.
[2026-07-10T15:26:54.795Z] IBKR [202]: Order Canceled - reason:
[2026-07-10T15:35:33.039Z] Trail HIT QQQ_C_720_20260710: $4.2 <= trail $4.22 (peak $4.8) — closing
[2026-07-10T15:35:33.041Z] IBKR [10147]: OrderId 13 that needs to be cancelled is not found.
[2026-07-10T15:35:33.042Z] IBKR [10147]: OrderId 14 that needs to be cancelled is not found.
[2026-07-10T15:35:33.242Z] IBKR [300]: Can't find EId with tickerId:0
[2026-07-10T15:45:03.008Z] Signal received: buy QQQ call @ 721.54
[2026-07-10T15:45:03.009Z] Queued QQQ — queue length: 1
[2026-07-10T15:45:03.009Z] Processing QQQ C...
[2026-07-10T15:45:03.009Z] getConId: requesting contract details for QQQ, reqId 8754
[2026-07-10T15:45:03.057Z] ConId for QQQ: 320227571
[2026-07-10T15:45:04.222Z] Order placed: QQQ C strike:720 exp:20260710
[2026-07-10T15:45:06.765Z] Fill @ $2.59 → TP:$5.90 SL:$0.25
[2026-07-10T15:45:06.768Z] Tracking QQQ_C_720_20260710 for trailing stop (entry $2.59, underlying 721.54)
[2026-07-10T15:45:07.231Z] IBKR [10091]: Part of requested market data requires additional subscription for API. See link in 'Market Data Connections' dialog for more details.QQQ NASDAQ.NMS/TOP/ALL
[2026-07-10T15:49:24.085Z] Trail ARMED QQQ_C_720_20260710 at +25% premium (peak $3.24)
[2026-07-10T15:57:26.859Z] Trail HIT QQQ_C_720_20260710: $3.24 <= trail $3.25 (peak $3.69) — closing
[2026-07-10T15:57:26.908Z] IBKR [202]: Order Canceled - reason:
[2026-07-10T15:57:26.961Z] IBKR [10148]: OrderId 38 that needs to be cancelled cannot be cancelled, state: Cancelled.
[2026-07-10T15:57:27.108Z] IBKR [202]: Order Canceled - reason:
[2026-07-10T15:57:27.261Z] IBKR [300]: Can't find EId with tickerId:0
[2026-07-10T17:00:04.057Z] Signal received: buy IWM call @ 295.79
[2026-07-10T17:00:04.058Z] Queued IWM — queue length: 1
[2026-07-10T17:00:04.058Z] Processing IWM C...
[2026-07-10T17:00:04.058Z] getConId: requesting contract details for IWM, reqId 7661
[2026-07-10T17:00:04.109Z] ConId for IWM: 9579970
[2026-07-10T17:00:04.526Z] Order placed: IWM C strike:295 exp:20260710
[2026-07-10T17:00:04.684Z] Fill @ $0.91 → TP:$2.05 SL:$0.10
[2026-07-10T17:00:04.685Z] Tracking IWM_C_295_20260710 for trailing stop (entry $0.91, underlying 295.79)
[2026-07-10T17:35:53.297Z] Trail ARMED IWM_C_295_20260710 at +25% premium (peak $1.14)
[2026-07-10T17:57:24.530Z] Trail HIT IWM_C_295_20260710: $1.27 <= trail $1.28 (peak $1.45) — closing
[2026-07-10T17:57:24.580Z] IBKR [202]: Order Canceled - reason:
[2026-07-10T17:57:24.632Z] IBKR [10148]: OrderId 42 that needs to be cancelled cannot be cancelled, state: Cancelled.
[2026-07-10T17:57:24.651Z] IBKR [202]: Order Canceled - reason:
[2026-07-10T17:57:24.932Z] IBKR [300]: Can't find EId with tickerId:0
[2026-07-10T18:15:06.639Z] Signal received: buy IWM call @ 296.19
[2026-07-10T18:15:06.640Z] Queued IWM — queue length: 1
[2026-07-10T18:15:06.640Z] Processing IWM C...
[2026-07-10T18:15:06.640Z] getConId: requesting contract details for IWM, reqId 7229
[2026-07-10T18:15:06.689Z] ConId for IWM: 9579970
[2026-07-10T18:15:07.167Z] Order placed: IWM C strike:295 exp:20260710
[2026-07-10T18:15:07.669Z] Fill @ $1.27 → TP:$2.90 SL:$0.15
[2026-07-10T18:15:07.671Z] Tracking IWM_C_295_20260710 for trailing stop (entry $1.27, underlying 296.19)
[2026-07-10T19:15:08.472Z] Time-stop HIT IWM_C_295_20260710: un-armed after 60.0min — closing at market
[2026-07-10T19:15:08.522Z] IBKR [202]: Order Canceled - reason:
[2026-07-10T19:15:08.550Z] IBKR [202]: Order Canceled - reason:
[2026-07-10T19:15:08.575Z] IBKR [10148]: OrderId 46 that needs to be cancelled cannot be cancelled, state: Cancelled.
[2026-07-10T19:15:08.874Z] IBKR [300]: Can't find EId with tickerId:0
[2026-07-10T19:50:04.427Z] EOD-flatten trigger at 1550 ET
[2026-07-10T19:50:04.432Z] EOD-flatten: closing 1 position(s) expiring 20260710
[2026-07-10T19:50:04.433Z] EOD-flatten SELL: GOOGL P 355 qty 1
[2026-07-10T19:57:04.431Z] EOD-flatten PASS 2 (catch-all) at 1557 ET
[2026-07-10T19:57:04.435Z] EOD-flatten: no 0DTE option positions to close (exp 20260710)
[2026-07-11T01:41:19.718Z] Server on http://localhost:3000
[2026-07-11T01:41:19.720Z] TP: +128% | SL: -100% | DTE: 0-3
[2026-07-11T01:41:19.720Z] EOD-flatten: ON @1550 ET | Trail: ON arm prem+25% trail12% | Time-stop: ON 60min | MFE-log: ON
[2026-07-11T01:41:19.733Z] Connected to TWS
[2026-07-11T02:06:02.680Z] Server on http://localhost:3000
[2026-07-11T02:06:02.681Z] TP: +128% | SL: -100% | DTE: 0-3
[2026-07-11T02:06:02.681Z] EOD-flatten: ON @1550 ET | Trail: ON arm prem+25% trail12% | Time-stop: ON 60min | MFE-log: ON
[2026-07-11T02:06:02.691Z] Connected to TWS
[2026-07-11T16:26:17.825Z] Server on http://localhost:3000
[2026-07-11T16:26:17.828Z] TP: +128% | SL: -100% | DTE: 0-3
[2026-07-11T16:26:17.828Z] EOD-flatten: ON @1550 ET | Trail: ON arm prem+25% trail12% | Time-stop: ON 60min | MFE-log: ON
[2026-07-11T16:26:17.834Z] IBKR [502]: connect ECONNREFUSED 127.0.0.1:4002
[2026-07-11T16:29:05.695Z] Server on http://localhost:3000
[2026-07-11T16:29:05.697Z] TP: +128% | SL: -100% | DTE: 0-3
[2026-07-11T16:29:05.697Z] EOD-flatten: ON @1550 ET | Trail: ON arm prem+25% trail12% | Time-stop: ON 60min | MFE-log: ON
[2026-07-11T16:29:05.711Z] Connected to TWS
[2026-07-11T16:35:50.836Z] Server on http://localhost:3000
[2026-07-11T16:35:50.839Z] TP: +128% | SL: -100% | DTE: 0-3
[2026-07-11T16:35:50.839Z] EOD-flatten: ON @1550 ET | Trail: ON arm prem+25% trail12% | Time-stop: ON 60min | MFE-log: ON
[2026-07-11T16:35:50.850Z] Connected to TWS
[2026-07-11T16:36:31.021Z] TWS unavailable (connection dropped) — retrying in 15s
[2026-07-11T16:36:46.028Z] Connected to TWS
[2026-07-11T19:50:21.007Z] EOD-flatten trigger at 1550 ET
[2026-07-11T19:50:21.013Z] EOD-flatten: no 0DTE option positions to close (exp 20260711)
[2026-07-11T19:57:21.018Z] EOD-flatten PASS 2 (catch-all) at 1557 ET
[2026-07-11T19:57:21.063Z] EOD-flatten: no 0DTE option positions to close (exp 20260711)
[2026-07-11T23:59:00.660Z] TWS unavailable (connection dropped) — retrying in 15s
[2026-07-11T23:59:15.750Z] Connected to TWS
[2026-07-12T00:37:04.462Z] Server on http://localhost:3000
[2026-07-12T00:37:04.464Z] TP: +128% | SL: -100% | DTE: 0-3
[2026-07-12T00:37:04.464Z] EOD-flatten: ON @1550 ET | Trail: ON arm underlying+0.3% trail25% | Time-stop: ON 60min | MFE-log: ON
[2026-07-12T00:37:04.478Z] Connected to TWS
[2026-07-12T19:50:22.355Z] EOD-flatten trigger at 1550 ET
[2026-07-12T19:50:22.360Z] EOD-flatten: no 0DTE option positions to close (exp 20260712)
[2026-07-12T19:57:22.361Z] EOD-flatten PASS 2 (catch-all) at 1557 ET
[2026-07-12T19:57:22.405Z] EOD-flatten: no 0DTE option positions to close (exp 20260712)
[2026-07-12T23:59:00.477Z] TWS unavailable (connection dropped) — retrying in 15s
[2026-07-12T23:59:15.479Z] TWS unavailable (connection dropped) — retrying in 15s
[2026-07-12T23:59:30.482Z] TWS unavailable (connection dropped) — retrying in 15s
[2026-07-12T23:59:45.484Z] TWS unavailable (connection dropped) — retrying in 15s
[2026-07-13T00:00:00.488Z] TWS unavailable (connection dropped) — retrying in 15s
[2026-07-13T00:00:15.491Z] TWS unavailable (connection dropped) — retrying in 15s
[2026-07-13T00:00:30.493Z] TWS unavailable (connection dropped) — retrying in 15s
[2026-07-13T00:00:45.496Z] TWS unavailable (connection dropped) — retrying in 15s
[2026-07-13T00:01:00.499Z] TWS unavailable (connection dropped) — retrying in 15s
[2026-07-13T00:01:15.503Z] TWS unavailable (connection dropped) — retrying in 15s
[2026-07-13T00:01:30.505Z] TWS unavailable (connection dropped) — retrying in 15s
[2026-07-13T00:01:45.508Z] TWS unavailable (connection dropped) — retrying in 15s
[2026-07-13T00:02:00.511Z] TWS unavailable (connection dropped) — retrying in 15s
[2026-07-13T00:02:15.515Z] TWS unavailable (connection dropped) — retrying in 15s
[2026-07-13T00:02:30.517Z] TWS unavailable (connection dropped) — retrying in 15s
[2026-07-13T00:02:45.519Z] TWS unavailable (connection dropped) — retrying in 15s
[2026-07-13T00:03:00.521Z] TWS unavailable (connection dropped) — retrying in 15s
[2026-07-13T00:03:15.522Z] TWS unavailable (connection dropped) — retrying in 15s
[2026-07-13T00:03:30.524Z] TWS unavailable (connection dropped) — retrying in 15s
[2026-07-13T00:03:45.526Z] TWS unavailable (connection dropped) — retrying in 15s
[2026-07-13T00:04:00.528Z] TWS unavailable (connection dropped) — retrying in 15s
[2026-07-13T00:04:15.531Z] TWS unavailable (connection dropped) — retrying in 15s
[2026-07-13T00:04:30.535Z] TWS unavailable (connection dropped) — retrying in 15s
[2026-07-13T00:04:45.538Z] TWS unavailable (connection dropped) — retrying in 15s
[2026-07-13T00:05:00.540Z] TWS unavailable (connection dropped) — retrying in 15s
[2026-07-13T00:05:15.541Z] TWS unavailable (connection dropped) — retrying in 15s
[2026-07-13T00:05:30.544Z] TWS unavailable (connection dropped) — retrying in 15s
[2026-07-13T00:05:45.545Z] TWS unavailable (connection dropped) — retrying in 15s
[2026-07-13T00:06:00.548Z] TWS unavailable (connection dropped) — retrying in 15s
[2026-07-13T00:06:15.550Z] TWS unavailable (connection dropped) — retrying in 15s
[2026-07-13T00:06:30.552Z] TWS unavailable (connection dropped) — retrying in 15s
[2026-07-13T00:06:45.556Z] TWS unavailable (connection dropped) — retrying in 15s
[2026-07-13T00:07:00.558Z] TWS unavailable (connection dropped) — retrying in 15s
[2026-07-13T00:07:15.561Z] TWS unavailable (connection dropped) — retrying in 15s
[2026-07-13T00:07:30.563Z] TWS unavailable (connection dropped) — retrying in 15s
[2026-07-13T00:07:45.565Z] TWS unavailable (connection dropped) — retrying in 15s
[2026-07-13T00:08:00.568Z] TWS unavailable (connection dropped) — retrying in 15s
[2026-07-13T00:08:15.570Z] TWS unavailable (connection dropped) — retrying in 15s
[2026-07-13T00:08:30.573Z] TWS unavailable (connection dropped) — retrying in 15s
[2026-07-13T00:08:45.576Z] TWS unavailable (connection dropped) — retrying in 15s
[2026-07-13T00:09:00.578Z] TWS unavailable (connection dropped) — retrying in 15s
[2026-07-13T00:09:15.581Z] TWS unavailable (connection dropped) — retrying in 15s
[2026-07-13T00:09:30.583Z] TWS unavailable (connection dropped) — retrying in 15s
[2026-07-13T00:09:45.586Z] TWS unavailable (connection dropped) — retrying in 15s
[2026-07-13T00:10:00.587Z] TWS unavailable (connection dropped) — retrying in 15s
[2026-07-13T00:10:15.590Z] TWS unavailable (connection dropped) — retrying in 15s
[2026-07-13T00:10:30.592Z] TWS unavailable (connection dropped) — retrying in 15s
[2026-07-13T00:10:45.595Z] TWS unavailable (connection dropped) — retrying in 15s
[2026-07-13T00:11:00.597Z] TWS unavailable (connection dropped) — retrying in 15s
[2026-07-13T00:11:15.599Z] TWS unavailable (connection dropped) — retrying in 15s
[2026-07-13T00:11:30.602Z] TWS unavailable (connection dropped) — retrying in 15s
[2026-07-13T00:11:45.603Z] TWS unavailable (connection dropped) — retrying in 15s
[2026-07-13T00:12:00.605Z] TWS unavailable (connection dropped) — retrying in 15s
[2026-07-13T00:12:15.607Z] TWS unavailable (connection dropped) — retrying in 15s
[2026-07-13T00:12:30.610Z] TWS unavailable (connection dropped) — retrying in 15s
[2026-07-13T00:12:45.612Z] TWS unavailable (connection dropped) — retrying in 15s
[2026-07-13T00:13:00.614Z] TWS unavailable (connection dropped) — retrying in 15s
[2026-07-13T00:13:15.616Z] TWS unavailable (connection dropped) — retrying in 15s
[2026-07-13T00:13:30.619Z] TWS unavailable (connection dropped) — retrying in 15s
[2026-07-13T00:13:45.621Z] TWS unavailable (connection dropped) — retrying in 15s
[2026-07-13T00:14:00.623Z] TWS unavailable (connection dropped) — retrying in 15s
[2026-07-13T00:14:15.627Z] TWS unavailable (connection dropped) — retrying in 15s
[2026-07-13T00:14:30.628Z] TWS unavailable (connection dropped) — retrying in 15s
[2026-07-13T00:14:45.631Z] TWS unavailable (connection dropped) — retrying in 15s
[2026-07-13T00:15:00.634Z] TWS unavailable (connection dropped) — retrying in 15s
[2026-07-13T00:15:15.636Z] TWS unavailable (connection dropped) — retrying in 15s
[2026-07-13T00:15:30.638Z] TWS unavailable (connection dropped) — retrying in 15s
[2026-07-13T00:15:45.641Z] TWS unavailable (connection dropped) — retrying in 15s
[2026-07-13T00:16:00.643Z] TWS unavailable (connection dropped) — retrying in 15s
[2026-07-13T00:16:15.644Z] TWS unavailable (connection dropped) — retrying in 15s
[2026-07-13T00:16:30.646Z] TWS unavailable (connection dropped) — retrying in 15s
[2026-07-13T00:16:45.649Z] TWS unavailable (connection dropped) — retrying in 15s
[2026-07-13T00:17:00.652Z] TWS unavailable (connection dropped) — retrying in 15s
[2026-07-13T00:17:15.655Z] TWS unavailable (connection dropped) — retrying in 15s
[2026-07-13T00:17:30.657Z] TWS unavailable (connection dropped) — retrying in 15s
[2026-07-13T00:17:45.658Z] TWS unavailable (connection dropped) — retrying in 15s
[2026-07-13T00:18:00.662Z] TWS unavailable (connection dropped) — retrying in 15s
[2026-07-13T00:18:15.664Z] TWS unavailable (connection dropped) — retrying in 15s
[2026-07-13T00:18:30.668Z] TWS unavailable (connection dropped) — retrying in 15s
[2026-07-13T00:18:45.669Z] TWS unavailable (connection dropped) — retrying in 15s
[2026-07-13T00:19:00.672Z] TWS unavailable (connection dropped) — retrying in 15s
[2026-07-13T00:19:15.676Z] TWS unavailable (connection dropped) — retrying in 15s
[2026-07-13T00:19:30.678Z] TWS unavailable (connection dropped) — retrying in 15s
[2026-07-13T00:19:45.680Z] TWS unavailable (connection dropped) — retrying in 15s
[2026-07-13T00:20:00.683Z] TWS unavailable (connection dropped) — retrying in 15s
[2026-07-13T00:20:15.685Z] TWS unavailable (connection dropped) — retrying in 15s
[2026-07-13T00:20:30.687Z] TWS unavailable (connection dropped) — retrying in 15s
[2026-07-13T00:20:45.689Z] TWS unavailable (connection dropped) — retrying in 15s
[2026-07-13T00:21:00.692Z] TWS unavailable (connection dropped) — retrying in 15s
[2026-07-13T00:21:15.695Z] TWS unavailable (connection dropped) — retrying in 15s
[2026-07-13T00:21:30.697Z] TWS unavailable (connection dropped) — retrying in 15s
[2026-07-13T00:21:45.700Z] TWS unavailable (connection dropped) — retrying in 15s
[2026-07-13T00:22:00.703Z] TWS unavailable (connection dropped) — retrying in 15s
[2026-07-13T00:22:15.704Z] TWS unavailable (connection dropped) — retrying in 15s
[2026-07-13T00:22:30.708Z] TWS unavailable (connection dropped) — retrying in 15s
[2026-07-13T00:22:45.709Z] TWS unavailable (connection dropped) — retrying in 15s
[2026-07-13T00:23:00.712Z] TWS unavailable (connection dropped) — retrying in 15s
[2026-07-13T00:23:15.715Z] TWS unavailable (connection dropped) — retrying in 15s
[2026-07-13T00:23:30.717Z] TWS unavailable (connection dropped) — retrying in 15s
[2026-07-13T00:23:45.719Z] TWS unavailable (connection dropped) — retrying in 15s
[2026-07-13T00:24:00.722Z] TWS unavailable (connection dropped) — retrying in 15s
[2026-07-13T00:24:15.724Z] TWS unavailable (connection dropped) — retrying in 15s
[2026-07-13T00:24:30.726Z] TWS unavailable (connection dropped) — retrying in 15s
[2026-07-13T00:24:45.727Z] TWS unavailable (connection dropped) — retrying in 15s
[2026-07-13T00:25:00.730Z] TWS unavailable (connection dropped) — retrying in 15s
[2026-07-13T00:25:15.731Z] TWS unavailable (connection dropped) — retrying in 15s
[2026-07-13T00:25:30.734Z] TWS unavailable (connection dropped) — retrying in 15s
[2026-07-13T00:25:45.735Z] TWS unavailable (connection dropped) — retrying in 15s
[2026-07-13T00:26:00.738Z] TWS unavailable (connection dropped) — retrying in 15s
[2026-07-13T00:26:15.741Z] TWS unavailable (connection dropped) — retrying in 15s
[2026-07-13T00:26:30.744Z] TWS unavailable (connection dropped) — retrying in 15s
[2026-07-13T00:26:45.747Z] TWS unavailable (connection dropped) — retrying in 15s
[2026-07-13T00:27:00.751Z] TWS unavailable (connection dropped) — retrying in 15s
[2026-07-13T00:27:15.753Z] TWS unavailable (connection dropped) — retrying in 15s
[2026-07-13T00:27:30.756Z] TWS unavailable (connection dropped) — retrying in 15s
[2026-07-13T00:27:45.759Z] TWS unavailable (connection dropped) — retrying in 15s
[2026-07-13T00:28:00.761Z] TWS unavailable (connection dropped) — retrying in 15s
[2026-07-13T00:28:15.764Z] TWS unavailable (connection dropped) — retrying in 15s
[2026-07-13T00:28:30.766Z] TWS unavailable (connection dropped) — retrying in 15s
[2026-07-13T00:28:45.769Z] TWS unavailable (connection dropped) — retrying in 15s
[2026-07-13T00:29:00.770Z] TWS unavailable (connection dropped) — retrying in 15s
[2026-07-13T00:29:15.772Z] TWS unavailable (connection dropped) — retrying in 15s
[2026-07-13T00:29:30.775Z] TWS unavailable (connection dropped) — retrying in 15s
[2026-07-13T00:29:45.776Z] TWS unavailable (connection dropped) — retrying in 15s
[2026-07-13T00:30:00.779Z] TWS unavailable (connection dropped) — retrying in 15s
[2026-07-13T00:30:15.782Z] TWS unavailable (connection dropped) — retrying in 15s
[2026-07-13T00:30:30.784Z] TWS unavailable (connection dropped) — retrying in 15s
[2026-07-13T00:30:45.786Z] TWS unavailable (connection dropped) — retrying in 15s
[2026-07-13T00:31:00.790Z] TWS unavailable (connection dropped) — retrying in 15s
[2026-07-13T00:31:15.792Z] TWS unavailable (connection dropped) — retrying in 15s
[2026-07-13T00:31:30.795Z] TWS unavailable (connection dropped) — retrying in 15s
[2026-07-13T00:31:45.796Z] TWS unavailable (connection dropped) — retrying in 15s
[2026-07-13T00:32:00.799Z] TWS unavailable (connection dropped) — retrying in 15s
[2026-07-13T00:32:15.801Z] TWS unavailable (connection dropped) — retrying in 15s
[2026-07-13T00:32:30.802Z] TWS unavailable (connection dropped) — retrying in 15s
[2026-07-13T00:32:45.805Z] TWS unavailable (connection dropped) — retrying in 15s
[2026-07-13T00:33:00.809Z] TWS unavailable (connection dropped) — retrying in 15s
[2026-07-13T00:33:15.811Z] TWS unavailable (connection dropped) — retrying in 15s
[2026-07-13T00:33:30.814Z] TWS unavailable (connection dropped) — retrying in 15s
[2026-07-13T00:33:45.815Z] TWS unavailable (connection dropped) — retrying in 15s
[2026-07-13T00:34:00.818Z] TWS unavailable (connection dropped) — retrying in 15s
[2026-07-13T00:34:15.819Z] TWS unavailable (connection dropped) — retrying in 15s
[2026-07-13T00:34:30.822Z] TWS unavailable (connection dropped) — retrying in 15s
[2026-07-13T00:34:45.825Z] TWS unavailable (connection dropped) — retrying in 15s
[2026-07-13T00:35:00.827Z] TWS unavailable (connection dropped) — retrying in 15s
[2026-07-13T00:35:15.830Z] TWS unavailable (connection dropped) — retrying in 15s
[2026-07-13T00:35:30.832Z] TWS unavailable (connection dropped) — retrying in 15s
[2026-07-13T00:35:45.836Z] TWS unavailable (connection dropped) — retrying in 15s
[2026-07-13T00:36:00.839Z] TWS unavailable (connection dropped) — retrying in 15s
[2026-07-13T00:36:15.842Z] TWS unavailable (connection dropped) — retrying in 15s
[2026-07-13T00:36:30.844Z] TWS unavailable (connection dropped) — retrying in 15s
[2026-07-13T00:36:45.846Z] TWS unavailable (connection dropped) — retrying in 15s
[2026-07-13T00:37:00.849Z] TWS unavailable (connection dropped) — retrying in 15s
[2026-07-13T00:37:15.851Z] TWS unavailable (connection dropped) — retrying in 15s
[2026-07-13T00:37:30.854Z] TWS unavailable (connection dropped) — retrying in 15s
[2026-07-13T00:37:45.856Z] TWS unavailable (connection dropped) — retrying in 15s
[2026-07-13T00:38:00.859Z] TWS unavailable (connection dropped) — retrying in 15s
[2026-07-13T00:38:15.861Z] TWS unavailable (connection dropped) — retrying in 15s
[2026-07-13T00:38:30.867Z] TWS unavailable (connection dropped) — retrying in 15s
[2026-07-13T00:38:45.869Z] TWS unavailable (connection dropped) — retrying in 15s
[2026-07-13T00:39:00.872Z] TWS unavailable (connection dropped) — retrying in 15s
[2026-07-13T00:39:15.875Z] TWS unavailable (connection dropped) — retrying in 15s
[2026-07-13T00:39:30.878Z] TWS unavailable (connection dropped) — retrying in 15s
[2026-07-13T00:39:45.881Z] TWS unavailable (connection dropped) — retrying in 15s
[2026-07-13T00:40:00.884Z] TWS unavailable (connection dropped) — retrying in 15s
[2026-07-13T00:40:15.886Z] TWS unavailable (connection dropped) — retrying in 15s
[2026-07-13T00:40:30.888Z] TWS unavailable (connection dropped) — retrying in 15s
[2026-07-13T00:40:45.891Z] TWS unavailable (connection dropped) — retrying in 15s
[2026-07-13T00:41:00.893Z] TWS unavailable (connection dropped) — retrying in 15s
[2026-07-13T00:41:15.895Z] TWS unavailable (connection dropped) — retrying in 15s
[2026-07-13T00:41:30.898Z] TWS unavailable (connection dropped) — retrying in 15s
[2026-07-13T00:41:45.901Z] TWS unavailable (connection dropped) — retrying in 15s
[2026-07-13T00:42:00.903Z] TWS unavailable (connection dropped) — retrying in 15s
[2026-07-13T00:42:15.906Z] TWS unavailable (connection dropped) — retrying in 15s
[2026-07-13T00:42:30.908Z] TWS unavailable (connection dropped) — retrying in 15s
[2026-07-13T00:42:45.911Z] TWS unavailable (connection dropped) — retrying in 15s
[2026-07-13T00:43:00.914Z] TWS unavailable (connection dropped) — retrying in 15s
[2026-07-13T00:43:15.916Z] TWS unavailable (connection dropped) — retrying in 15s
[2026-07-13T00:43:30.919Z] TWS unavailable (connection dropped) — retrying in 15s
[2026-07-13T00:43:45.921Z] TWS unavailable (connection dropped) — retrying in 15s
[2026-07-13T00:44:00.925Z] TWS unavailable (connection dropped) — retrying in 15s
[2026-07-13T00:44:15.926Z] TWS unavailable (connection dropped) — retrying in 15s
[2026-07-13T00:44:30.930Z] TWS unavailable (connection dropped) — retrying in 15s
[2026-07-13T00:44:45.932Z] TWS unavailable (connection dropped) — retrying in 15s
[2026-07-13T00:45:00.935Z] TWS unavailable (connection dropped) — retrying in 15s
[2026-07-13T00:45:15.938Z] TWS unavailable (connection dropped) — retrying in 15s
[2026-07-13T00:45:30.940Z] TWS unavailable (connection dropped) — retrying in 15s
[2026-07-13T00:45:45.943Z] TWS unavailable (connection dropped) — retrying in 15s
[2026-07-13T00:46:00.947Z] TWS unavailable (connection dropped) — retrying in 15s
[2026-07-13T00:46:15.949Z] TWS unavailable (connection dropped) — retrying in 15s
[2026-07-13T00:46:30.951Z] TWS unavailable (connection dropped) — retrying in 15s
[2026-07-13T00:46:45.954Z] TWS unavailable (connection dropped) — retrying in 15s
[2026-07-13T00:47:00.957Z] TWS unavailable (connection dropped) — retrying in 15s
[2026-07-13T00:47:15.961Z] TWS unavailable (connection dropped) — retrying in 15s
[2026-07-13T00:47:30.963Z] TWS unavailable (connection dropped) — retrying in 15s
[2026-07-13T00:47:45.965Z] TWS unavailable (connection dropped) — retrying in 15s
[2026-07-13T00:48:00.967Z] TWS unavailable (connection dropped) — retrying in 15s
[2026-07-13T00:48:15.969Z] TWS unavailable (connection dropped) — retrying in 15s
[2026-07-13T00:48:30.972Z] TWS unavailable (connection dropped) — retrying in 15s
[2026-07-13T00:48:45.975Z] TWS unavailable (connection dropped) — retrying in 15s
[2026-07-13T00:49:00.977Z] TWS unavailable (connection dropped) — retrying in 15s
[2026-07-13T00:49:15.980Z] TWS unavailable (connection dropped) — retrying in 15s
[2026-07-13T00:49:30.984Z] TWS unavailable (connection dropped) — retrying in 15s
[2026-07-13T00:49:45.986Z] TWS unavailable (connection dropped) — retrying in 15s
[2026-07-13T00:50:00.989Z] TWS unavailable (connection dropped) — retrying in 15s
[2026-07-13T00:50:15.991Z] TWS unavailable (connection dropped) — retrying in 15s
[2026-07-13T00:50:30.993Z] TWS unavailable (connection dropped) — retrying in 15s
[2026-07-13T00:50:45.994Z] TWS unavailable (connection dropped) — retrying in 15s
[2026-07-13T00:51:00.997Z] TWS unavailable (connection dropped) — retrying in 15s
[2026-07-13T00:51:15.999Z] TWS unavailable (connection dropped) — retrying in 15s
[2026-07-13T00:51:31.002Z] TWS unavailable (connection dropped) — retrying in 15s
[2026-07-13T00:51:46.005Z] TWS unavailable (connection dropped) — retrying in 15s
[2026-07-13T00:52:01.008Z] TWS unavailable (connection dropped) — retrying in 15s
[2026-07-13T00:52:16.011Z] TWS unavailable (connection dropped) — retrying in 15s
[2026-07-13T00:52:31.013Z] TWS unavailable (connection dropped) — retrying in 15s
[2026-07-13T00:52:46.016Z] TWS unavailable (connection dropped) — retrying in 15s
[2026-07-13T00:53:01.019Z] TWS unavailable (connection dropped) — retrying in 15s
[2026-07-13T00:53:16.021Z] TWS unavailable (connection dropped) — retrying in 15s
[2026-07-13T00:53:31.023Z] TWS unavailable (connection dropped) — retrying in 15s
[2026-07-13T00:53:46.026Z] TWS unavailable (connection dropped) — retrying in 15s
[2026-07-13T00:54:01.029Z] TWS unavailable (connection dropped) — retrying in 15s
[2026-07-13T00:54:16.032Z] TWS unavailable (connection dropped) — retrying in 15s
[2026-07-13T00:54:31.034Z] TWS unavailable (connection dropped) — retrying in 15s
[2026-07-13T00:54:46.038Z] TWS unavailable (connection dropped) — retrying in 15s
[2026-07-13T00:55:01.040Z] TWS unavailable (connection dropped) — retrying in 15s
[2026-07-13T00:55:16.041Z] TWS unavailable (connection dropped) — retrying in 15s
[2026-07-13T00:55:31.044Z] TWS unavailable (connection dropped) — retrying in 15s
[2026-07-13T00:55:46.046Z] TWS unavailable (connection dropped) — retrying in 15s
[2026-07-13T00:56:01.049Z] TWS unavailable (connection dropped) — retrying in 15s
[2026-07-13T00:56:16.051Z] TWS unavailable (connection dropped) — retrying in 15s
[2026-07-13T00:56:31.053Z] TWS unavailable (connection dropped) — retrying in 15s
[2026-07-13T00:56:46.056Z] TWS unavailable (connection dropped) — retrying in 15s
[2026-07-13T00:57:01.058Z] TWS unavailable (connection dropped) — retrying in 15s
[2026-07-13T00:57:16.059Z] TWS unavailable (connection dropped) — retrying in 15s
[2026-07-13T00:57:31.063Z] TWS unavailable (connection dropped) — retrying in 15s
[2026-07-13T00:57:46.064Z] TWS unavailable (connection dropped) — retrying in 15s
[2026-07-13T00:58:01.068Z] TWS unavailable (connection dropped) — retrying in 15s
[2026-07-13T00:58:16.070Z] TWS unavailable (connection dropped) — retrying in 15s
[2026-07-13T00:58:31.072Z] TWS unavailable (connection dropped) — retrying in 15s
[2026-07-13T00:58:46.074Z] TWS unavailable (connection dropped) — retrying in 15s
[2026-07-13T00:59:01.076Z] TWS unavailable (connection dropped) — retrying in 15s
[2026-07-13T00:59:16.078Z] TWS unavailable (connection dropped) — retrying in 15s
[2026-07-13T00:59:31.080Z] TWS unavailable (connection dropped) — retrying in 15s
[2026-07-13T00:59:46.084Z] TWS unavailable (connection dropped) — retrying in 15s
[2026-07-13T01:00:01.086Z] TWS unavailable (connection dropped) — retrying in 15s
[2026-07-13T01:00:16.088Z] TWS unavailable (connection dropped) — retrying in 15s
[2026-07-13T01:00:31.090Z] TWS unavailable (connection dropped) — retrying in 15s
[2026-07-13T01:00:46.093Z] TWS unavailable (connection dropped) — retrying in 15s
[2026-07-13T01:01:01.096Z] TWS unavailable (connection dropped) — retrying in 15s
[2026-07-13T01:01:16.099Z] TWS unavailable (connection dropped) — retrying in 15s
[2026-07-13T01:01:31.102Z] TWS unavailable (connection dropped) — retrying in 15s
[2026-07-13T01:01:46.104Z] TWS unavailable (connection dropped) — retrying in 15s
[2026-07-13T01:02:01.107Z] TWS unavailable (connection dropped) — retrying in 15s
[2026-07-13T01:02:16.109Z] TWS unavailable (connection dropped) — retrying in 15s
[2026-07-13T01:02:31.110Z] TWS unavailable (connection dropped) — retrying in 15s
[2026-07-13T01:02:46.112Z] TWS unavailable (connection dropped) — retrying in 15s
[2026-07-13T01:03:01.114Z] TWS unavailable (connection dropped) — retrying in 15s
[2026-07-13T01:03:16.116Z] TWS unavailable (connection dropped) — retrying in 15s
[2026-07-13T01:03:31.118Z] TWS unavailable (connection dropped) — retrying in 15s
[2026-07-13T01:03:46.121Z] TWS unavailable (connection dropped) — retrying in 15s
[2026-07-13T01:04:01.123Z] TWS unavailable (connection dropped) — retrying in 15s
[2026-07-13T01:04:16.125Z] TWS unavailable (connection dropped) — retrying in 15s
[2026-07-13T01:04:31.128Z] TWS unavailable (connection dropped) — retrying in 15s
[2026-07-13T01:04:46.131Z] TWS unavailable (connection dropped) — retrying in 15s
[2026-07-13T01:05:01.135Z] TWS unavailable (connection dropped) — retrying in 15s
[2026-07-13T01:05:16.136Z] TWS unavailable (connection dropped) — retrying in 15s
[2026-07-13T01:05:31.138Z] TWS unavailable (connection dropped) — retrying in 15s
[2026-07-13T01:05:46.141Z] TWS unavailable (connection dropped) — retrying in 15s
[2026-07-13T01:06:01.143Z] TWS unavailable (connection dropped) — retrying in 15s
[2026-07-13T01:06:16.145Z] TWS unavailable (connection dropped) — retrying in 15s
[2026-07-13T01:06:31.148Z] TWS unavailable (connection dropped) — retrying in 15s
[2026-07-13T01:06:46.150Z] TWS unavailable (connection dropped) — retrying in 15s
[2026-07-13T01:07:01.152Z] TWS unavailable (connection dropped) — retrying in 15s
[2026-07-13T01:07:16.154Z] TWS unavailable (connection dropped) — retrying in 15s
[2026-07-13T01:07:31.156Z] TWS unavailable (connection dropped) — retrying in 15s
[2026-07-13T01:07:46.158Z] TWS unavailable (connection dropped) — retrying in 15s
[2026-07-13T01:08:01.160Z] TWS unavailable (connection dropped) — retrying in 15s
[2026-07-13T01:08:16.162Z] TWS unavailable (connection dropped) — retrying in 15s
[2026-07-13T01:08:31.164Z] TWS unavailable (connection dropped) — retrying in 15s
[2026-07-13T01:08:46.165Z] TWS unavailable (connection dropped) — retrying in 15s
[2026-07-13T01:09:01.169Z] TWS unavailable (connection dropped) — retrying in 15s
[2026-07-13T01:09:16.172Z] TWS unavailable (connection dropped) — retrying in 15s
[2026-07-13T01:09:31.174Z] TWS unavailable (connection dropped) — retrying in 15s
[2026-07-13T01:09:46.176Z] TWS unavailable (connection dropped) — retrying in 15s
[2026-07-13T01:10:01.177Z] TWS unavailable (connection dropped) — retrying in 15s
[2026-07-13T01:10:16.180Z] TWS unavailable (connection dropped) — retrying in 15s
[2026-07-13T01:10:31.183Z] TWS unavailable (connection dropped) — retrying in 15s
[2026-07-13T01:10:46.186Z] TWS unavailable (connection dropped) — retrying in 15s
[2026-07-13T01:11:01.188Z] TWS unavailable (connection dropped) — retrying in 15s
[2026-07-13T01:11:16.190Z] TWS unavailable (connection dropped) — retrying in 15s
[2026-07-13T01:11:31.192Z] TWS unavailable (connection dropped) — retrying in 15s
[2026-07-13T01:11:46.194Z] TWS unavailable (connection dropped) — retrying in 15s
[2026-07-13T01:12:01.196Z] TWS unavailable (connection dropped) — retrying in 15s
[2026-07-13T01:12:16.197Z] TWS unavailable (connection dropped) — retrying in 15s
[2026-07-13T01:12:31.199Z] TWS unavailable (connection dropped) — retrying in 15s
[2026-07-13T01:12:46.201Z] TWS unavailable (connection dropped) — retrying in 15s
[2026-07-13T01:13:01.203Z] TWS unavailable (connection dropped) — retrying in 15s
[2026-07-13T01:13:16.207Z] TWS unavailable (connection dropped) — retrying in 15s
[2026-07-13T01:13:31.209Z] TWS unavailable (connection dropped) — retrying in 15s
[2026-07-13T01:13:46.212Z] TWS unavailable (connection dropped) — retrying in 15s
[2026-07-13T01:14:01.214Z] TWS unavailable (connection dropped) — retrying in 15s
[2026-07-13T01:14:16.217Z] TWS unavailable (connection dropped) — retrying in 15s
[2026-07-13T01:14:31.219Z] TWS unavailable (connection dropped) — retrying in 15s
[2026-07-13T01:14:46.222Z] TWS unavailable (connection dropped) — retrying in 15s
[2026-07-13T01:15:01.224Z] TWS unavailable (connection dropped) — retrying in 15s
[2026-07-13T01:15:16.226Z] TWS unavailable (connection dropped) — retrying in 15s
[2026-07-13T01:15:31.229Z] TWS unavailable (connection dropped) — retrying in 15s
[2026-07-13T01:15:46.231Z] TWS unavailable (connection dropped) — retrying in 15s
[2026-07-13T01:16:01.232Z] TWS unavailable (connection dropped) — retrying in 15s
[2026-07-13T01:16:16.235Z] TWS unavailable (connection dropped) — retrying in 15s
[2026-07-13T01:16:31.238Z] TWS unavailable (connection dropped) — retrying in 15s
[2026-07-13T01:16:46.240Z] TWS unavailable (connection dropped) — retrying in 15s
[2026-07-13T01:17:01.243Z] TWS unavailable (connection dropped) — retrying in 15s
[2026-07-13T01:17:16.246Z] TWS unavailable (connection dropped) — retrying in 15s
[2026-07-13T01:17:31.249Z] TWS unavailable (connection dropped) — retrying in 15s
[2026-07-13T01:17:46.252Z] TWS unavailable (connection dropped) — retrying in 15s
[2026-07-13T01:18:01.254Z] TWS unavailable (connection dropped) — retrying in 15s
[2026-07-13T01:18:16.256Z] TWS unavailable (connection dropped) — retrying in 15s
[2026-07-13T01:18:31.259Z] TWS unavailable (connection dropped) — retrying in 15s
[2026-07-13T01:18:46.260Z] TWS unavailable (connection dropped) — retrying in 15s
[2026-07-13T01:19:01.263Z] TWS unavailable (connection dropped) — retrying in 15s
[2026-07-13T01:19:16.264Z] TWS unavailable (connection dropped) — retrying in 15s
[2026-07-13T01:19:31.266Z] TWS unavailable (connection dropped) — retrying in 15s
[2026-07-13T01:19:46.268Z] TWS unavailable (connection dropped) — retrying in 15s
[2026-07-13T01:20:01.270Z] TWS unavailable (connection dropped) — retrying in 15s
[2026-07-13T01:20:16.273Z] TWS unavailable (connection dropped) — retrying in 15s
[2026-07-13T01:20:31.275Z] TWS unavailable (connection dropped) — retrying in 15s
[2026-07-13T01:20:46.277Z] TWS unavailable (connection dropped) — retrying in 15s
[2026-07-13T01:21:01.279Z] TWS unavailable (connection dropped) — retrying in 15s
[2026-07-13T01:21:16.282Z] TWS unavailable (connection dropped) — retrying in 15s
[2026-07-13T01:21:31.284Z] TWS unavailable (connection dropped) — retrying in 15s
[2026-07-13T01:21:46.286Z] TWS unavailable (connection dropped) — retrying in 15s
[2026-07-13T01:22:01.287Z] TWS unavailable (connection dropped) — retrying in 15s
[2026-07-13T01:22:16.289Z] TWS unavailable (connection dropped) — retrying in 15s
[2026-07-13T01:22:31.292Z] TWS unavailable (connection dropped) — retrying in 15s
[2026-07-13T01:22:46.294Z] TWS unavailable (connection dropped) — retrying in 15s
[2026-07-13T01:23:01.297Z] TWS unavailable (connection dropped) — retrying in 15s
[2026-07-13T01:23:16.299Z] TWS unavailable (connection dropped) — retrying in 15s
[2026-07-13T01:23:31.301Z] TWS unavailable (connection dropped) — retrying in 15s
[2026-07-13T01:23:46.303Z] TWS unavailable (connection dropped) — retrying in 15s
[2026-07-13T01:24:01.305Z] TWS unavailable (connection dropped) — retrying in 15s
[2026-07-13T01:24:16.307Z] TWS unavailable (connection dropped) — retrying in 15s
[2026-07-13T01:24:31.310Z] TWS unavailable (connection dropped) — retrying in 15s
[2026-07-13T01:24:46.313Z] TWS unavailable (connection dropped) — retrying in 15s
[2026-07-13T01:25:01.315Z] TWS unavailable (connection dropped) — retrying in 15s
[2026-07-13T01:25:16.317Z] TWS unavailable (connection dropped) — retrying in 15s
[2026-07-13T01:25:31.320Z] TWS unavailable (connection dropped) — retrying in 15s
[2026-07-13T01:25:46.321Z] TWS unavailable (connection dropped) — retrying in 15s
[2026-07-13T01:26:01.325Z] TWS unavailable (connection dropped) — retrying in 15s
[2026-07-13T01:26:16.327Z] TWS unavailable (connection dropped) — retrying in 15s
[2026-07-13T01:26:31.329Z] TWS unavailable (connection dropped) — retrying in 15s
[2026-07-13T01:26:46.331Z] TWS unavailable (connection dropped) — retrying in 15s
[2026-07-13T01:27:01.334Z] TWS unavailable (connection dropped) — retrying in 15s
[2026-07-13T01:27:16.336Z] TWS unavailable (connection dropped) — retrying in 15s
[2026-07-13T01:27:31.337Z] TWS unavailable (connection dropped) — retrying in 15s
[2026-07-13T01:27:46.341Z] TWS unavailable (connection dropped) — retrying in 15s
[2026-07-13T01:28:01.349Z] TWS unavailable (connection dropped) — retrying in 15s
[2026-07-13T01:28:16.351Z] TWS unavailable (connection dropped) — retrying in 15s
[2026-07-13T01:28:31.354Z] TWS unavailable (connection dropped) — retrying in 15s
[2026-07-13T01:28:46.356Z] TWS unavailable (connection dropped) — retrying in 15s
[2026-07-13T01:29:01.359Z] TWS unavailable (connection dropped) — retrying in 15s
[2026-07-13T01:29:16.361Z] TWS unavailable (connection dropped) — retrying in 15s
[2026-07-13T01:29:31.363Z] TWS unavailable (connection dropped) — retrying in 15s
[2026-07-13T01:29:46.366Z] TWS unavailable (connection dropped) — retrying in 15s
[2026-07-13T01:30:01.368Z] TWS unavailable (connection dropped) — retrying in 15s
[2026-07-13T01:30:16.370Z] TWS unavailable (connection dropped) — retrying in 15s
[2026-07-13T01:30:31.373Z] TWS unavailable (connection dropped) — retrying in 15s
[2026-07-13T01:30:46.374Z] TWS unavailable (connection dropped) — retrying in 15s
[2026-07-13T01:31:01.377Z] TWS unavailable (connection dropped) — retrying in 15s
[2026-07-13T01:31:16.380Z] TWS unavailable (connection dropped) — retrying in 15s
[2026-07-13T01:31:31.384Z] TWS unavailable (connection dropped) — retrying in 15s
[2026-07-13T01:31:46.386Z] TWS unavailable (connection dropped) — retrying in 15s
[2026-07-13T01:32:01.389Z] TWS unavailable (connection dropped) — retrying in 15s
[2026-07-13T01:32:16.392Z] TWS unavailable (connection dropped) — retrying in 15s
[2026-07-13T01:32:31.393Z] TWS unavailable (connection dropped) — retrying in 15s
[2026-07-13T01:32:46.395Z] TWS unavailable (connection dropped) — retrying in 15s
[2026-07-13T01:33:01.398Z] TWS unavailable (connection dropped) — retrying in 15s
[2026-07-13T01:33:16.400Z] TWS unavailable (connection dropped) — retrying in 15s
[2026-07-13T01:33:31.404Z] TWS unavailable (connection dropped) — retrying in 15s
[2026-07-13T01:33:46.405Z] TWS unavailable (connection dropped) — retrying in 15s
[2026-07-13T01:34:01.407Z] TWS unavailable (connection dropped) — retrying in 15s
[2026-07-13T01:34:16.410Z] TWS unavailable (connection dropped) — retrying in 15s
[2026-07-13T01:34:31.411Z] TWS unavailable (connection dropped) — retrying in 15s
[2026-07-13T01:34:46.414Z] TWS unavailable (connection dropped) — retrying in 15s
[2026-07-13T01:35:01.418Z] TWS unavailable (connection dropped) — retrying in 15s
[2026-07-13T01:35:16.420Z] TWS unavailable (connection dropped) — retrying in 15s
[2026-07-13T01:35:31.423Z] TWS unavailable (connection dropped) — retrying in 15s
[2026-07-13T01:35:46.426Z] TWS unavailable (connection dropped) — retrying in 15s
[2026-07-13T01:36:01.428Z] TWS unavailable (connection dropped) — retrying in 15s
[2026-07-13T01:36:16.430Z] TWS unavailable (connection dropped) — retrying in 15s
[2026-07-13T01:36:31.431Z] TWS unavailable (connection dropped) — retrying in 15s
[2026-07-13T01:36:46.433Z] TWS unavailable (connection dropped) — retrying in 15s
[2026-07-13T01:37:01.436Z] TWS unavailable (connection dropped) — retrying in 15s
[2026-07-13T01:37:16.439Z] TWS unavailable (connection dropped) — retrying in 15s
[2026-07-13T01:37:31.441Z] TWS unavailable (connection dropped) — retrying in 15s
[2026-07-13T01:37:46.443Z] TWS unavailable (connection dropped) — retrying in 15s
[2026-07-13T01:38:01.447Z] TWS unavailable (connection dropped) — retrying in 15s
[2026-07-13T01:38:16.449Z] TWS unavailable (connection dropped) — retrying in 15s
[2026-07-13T01:38:31.452Z] TWS unavailable (connection dropped) — retrying in 15s
[2026-07-13T01:38:46.456Z] TWS unavailable (connection dropped) — retrying in 15s
[2026-07-13T01:39:01.459Z] TWS unavailable (connection dropped) — retrying in 15s
[2026-07-13T01:39:16.461Z] TWS unavailable (connection dropped) — retrying in 15s
[2026-07-13T01:39:31.464Z] TWS unavailable (connection dropped) — retrying in 15s
[2026-07-13T01:39:46.466Z] TWS unavailable (connection dropped) — retrying in 15s
[2026-07-13T01:40:01.469Z] TWS unavailable (connection dropped) — retrying in 15s
[2026-07-13T01:40:16.472Z] TWS unavailable (connection dropped) — retrying in 15s
[2026-07-13T01:40:31.474Z] TWS unavailable (connection dropped) — retrying in 15s
[2026-07-13T01:40:46.476Z] TWS unavailable (connection dropped) — retrying in 15s
[2026-07-13T01:41:01.479Z] TWS unavailable (connection dropped) — retrying in 15s
[2026-07-13T01:41:16.482Z] TWS unavailable (connection dropped) — retrying in 15s
[2026-07-13T01:41:31.484Z] TWS unavailable (connection dropped) — retrying in 15s
[2026-07-13T01:41:46.486Z] TWS unavailable (connection dropped) — retrying in 15s
[2026-07-13T01:42:01.488Z] TWS unavailable (connection dropped) — retrying in 15s
[2026-07-13T01:42:16.491Z] TWS unavailable (connection dropped) — retrying in 15s
[2026-07-13T01:42:31.493Z] TWS unavailable (connection dropped) — retrying in 15s
[2026-07-13T01:42:46.496Z] TWS unavailable (connection dropped) — retrying in 15s
[2026-07-13T01:43:01.498Z] TWS unavailable (connection dropped) — retrying in 15s
[2026-07-13T01:43:16.500Z] TWS unavailable (connection dropped) — retrying in 15s
[2026-07-13T01:43:31.503Z] TWS unavailable (connection dropped) — retrying in 15s
[2026-07-13T01:43:46.505Z] TWS unavailable (connection dropped) — retrying in 15s
[2026-07-13T01:44:01.508Z] TWS unavailable (connection dropped) — retrying in 15s
[2026-07-13T01:44:16.510Z] TWS unavailable (connection dropped) — retrying in 15s
[2026-07-13T01:44:31.512Z] TWS unavailable (connection dropped) — retrying in 15s
[2026-07-13T01:44:46.514Z] TWS unavailable (connection dropped) — retrying in 15s
[2026-07-13T01:45:01.517Z] TWS unavailable (connection dropped) — retrying in 15s
[2026-07-13T01:45:16.519Z] TWS unavailable (connection dropped) — retrying in 15s
[2026-07-13T01:45:31.522Z] TWS unavailable (connection dropped) — retrying in 15s
[2026-07-13T01:45:46.525Z] TWS unavailable (connection dropped) — retrying in 15s
[2026-07-13T01:46:01.527Z] TWS unavailable (connection dropped) — retrying in 15s
[2026-07-13T01:46:16.529Z] TWS unavailable (connection dropped) — retrying in 15s
[2026-07-13T01:46:31.531Z] TWS unavailable (connection dropped) — retrying in 15s
[2026-07-13T01:46:46.534Z] TWS unavailable (connection dropped) — retrying in 15s
[2026-07-13T01:47:01.536Z] TWS unavailable (connection dropped) — retrying in 15s
[2026-07-13T01:47:16.538Z] TWS unavailable (connection dropped) — retrying in 15s
[2026-07-13T01:47:31.541Z] TWS unavailable (connection dropped) — retrying in 15s
[2026-07-13T01:47:46.542Z] TWS unavailable (connection dropped) — retrying in 15s
[2026-07-13T01:48:01.545Z] TWS unavailable (connection dropped) — retrying in 15s
[2026-07-13T01:48:16.548Z] TWS unavailable (connection dropped) — retrying in 15s
[2026-07-13T01:48:31.551Z] TWS unavailable (connection dropped) — retrying in 15s
[2026-07-13T01:48:46.553Z] TWS unavailable (connection dropped) — retrying in 15s
[2026-07-13T01:49:01.555Z] TWS unavailable (connection dropped) — retrying in 15s
[2026-07-13T01:49:16.557Z] TWS unavailable (connection dropped) — retrying in 15s
[2026-07-13T01:49:31.559Z] TWS unavailable (connection dropped) — retrying in 15s
[2026-07-13T01:49:46.561Z] TWS unavailable (connection dropped) — retrying in 15s
[2026-07-13T01:50:01.564Z] TWS unavailable (connection dropped) — retrying in 15s
[2026-07-13T01:50:16.567Z] TWS unavailable (connection dropped) — retrying in 15s
[2026-07-13T01:50:31.569Z] TWS unavailable (connection dropped) — retrying in 15s
[2026-07-13T01:50:46.571Z] TWS unavailable (connection dropped) — retrying in 15s
[2026-07-13T01:51:01.572Z] TWS unavailable (connection dropped) — retrying in 15s
[2026-07-13T01:51:16.575Z] TWS unavailable (connection dropped) — retrying in 15s
[2026-07-13T01:51:31.578Z] TWS unavailable (connection dropped) — retrying in 15s
[2026-07-13T01:51:46.580Z] TWS unavailable (connection dropped) — retrying in 15s
[2026-07-13T01:52:01.583Z] TWS unavailable (connection dropped) — retrying in 15s
[2026-07-13T01:52:16.586Z] TWS unavailable (connection dropped) — retrying in 15s
[2026-07-13T01:52:31.588Z] TWS unavailable (connection dropped) — retrying in 15s
[2026-07-13T01:52:46.589Z] TWS unavailable (connection dropped) — retrying in 15s
[2026-07-13T01:53:01.592Z] TWS unavailable (connection dropped) — retrying in 15s
[2026-07-13T01:53:16.595Z] TWS unavailable (connection dropped) — retrying in 15s
[2026-07-13T01:53:31.597Z] TWS unavailable (connection dropped) — retrying in 15s
[2026-07-13T01:53:46.600Z] TWS unavailable (connection dropped) — retrying in 15s
[2026-07-13T01:54:01.603Z] TWS unavailable (connection dropped) — retrying in 15s
[2026-07-13T01:54:16.605Z] TWS unavailable (connection dropped) — retrying in 15s
[2026-07-13T01:54:31.607Z] TWS unavailable (connection dropped) — retrying in 15s
[2026-07-13T01:54:46.610Z] TWS unavailable (connection dropped) — retrying in 15s
[2026-07-13T01:55:01.614Z] TWS unavailable (connection dropped) — retrying in 15s
[2026-07-13T01:55:16.616Z] TWS unavailable (connection dropped) — retrying in 15s
[2026-07-13T01:55:31.619Z] TWS unavailable (connection dropped) — retrying in 15s
[2026-07-13T01:55:46.621Z] TWS unavailable (connection dropped) — retrying in 15s
[2026-07-13T01:56:01.625Z] TWS unavailable (connection dropped) — retrying in 15s
[2026-07-13T01:56:16.627Z] TWS unavailable (connection dropped) — retrying in 15s
[2026-07-13T01:56:31.629Z] TWS unavailable (connection dropped) — retrying in 15s
[2026-07-13T01:56:46.631Z] TWS unavailable (connection dropped) — retrying in 15s
[2026-07-13T01:57:01.633Z] TWS unavailable (connection dropped) — retrying in 15s
[2026-07-13T01:57:16.635Z] TWS unavailable (connection dropped) — retrying in 15s
[2026-07-13T01:57:31.637Z] TWS unavailable (connection dropped) — retrying in 15s
[2026-07-13T01:57:46.640Z] TWS unavailable (connection dropped) — retrying in 15s
[2026-07-13T01:58:01.642Z] TWS unavailable (connection dropped) — retrying in 15s
[2026-07-13T01:58:16.646Z] TWS unavailable (connection dropped) — retrying in 15s
[2026-07-13T01:58:31.649Z] TWS unavailable (connection dropped) — retrying in 15s
[2026-07-13T01:58:46.652Z] TWS unavailable (connection dropped) — retrying in 15s
[2026-07-13T01:59:01.656Z] TWS unavailable (connection dropped) — retrying in 15s
[2026-07-13T01:59:16.659Z] TWS unavailable (connection dropped) — retrying in 15s
[2026-07-13T01:59:31.661Z] TWS unavailable (connection dropped) — retrying in 15s
[2026-07-13T01:59:46.663Z] TWS unavailable (connection dropped) — retrying in 15s
[2026-07-13T02:00:01.666Z] TWS unavailable (connection dropped) — retrying in 15s
[2026-07-13T02:00:16.670Z] TWS unavailable (connection dropped) — retrying in 15s
[2026-07-13T02:00:31.672Z] TWS unavailable (connection dropped) — retrying in 15s
[2026-07-13T02:00:46.675Z] TWS unavailable (connection dropped) — retrying in 15s
[2026-07-13T02:01:01.677Z] TWS unavailable (connection dropped) — retrying in 15s
[2026-07-13T02:01:16.679Z] TWS unavailable (connection dropped) — retrying in 15s
[2026-07-13T02:01:31.681Z] TWS unavailable (connection dropped) — retrying in 15s
[2026-07-13T02:01:46.684Z] TWS unavailable (connection dropped) — retrying in 15s
[2026-07-13T02:02:01.687Z] TWS unavailable (connection dropped) — retrying in 15s
[2026-07-13T02:02:16.689Z] TWS unavailable (connection dropped) — retrying in 15s
[2026-07-13T02:02:31.691Z] TWS unavailable (connection dropped) — retrying in 15s
[2026-07-13T02:02:46.694Z] TWS unavailable (connection dropped) — retrying in 15s
[2026-07-13T02:03:01.697Z] TWS unavailable (connection dropped) — retrying in 15s
[2026-07-13T02:03:16.699Z] TWS unavailable (connection dropped) — retrying in 15s
[2026-07-13T02:03:31.702Z] TWS unavailable (connection dropped) — retrying in 15s
[2026-07-13T02:03:46.704Z] TWS unavailable (connection dropped) — retrying in 15s
[2026-07-13T02:04:01.707Z] TWS unavailable (connection dropped) — retrying in 15s
[2026-07-13T02:04:16.709Z] TWS unavailable (connection dropped) — retrying in 15s
[2026-07-13T02:04:31.710Z] TWS unavailable (connection dropped) — retrying in 15s
[2026-07-13T02:04:46.712Z] TWS unavailable (connection dropped) — retrying in 15s
[2026-07-13T02:05:01.715Z] TWS unavailable (connection dropped) — retrying in 15s
[2026-07-13T02:05:16.718Z] TWS unavailable (connection dropped) — retrying in 15s
[2026-07-13T02:05:31.720Z] TWS unavailable (connection dropped) — retrying in 15s
[2026-07-13T02:05:46.723Z] TWS unavailable (connection dropped) — retrying in 15s
[2026-07-13T02:06:01.726Z] TWS unavailable (connection dropped) — retrying in 15s
[2026-07-13T02:06:16.727Z] TWS unavailable (connection dropped) — retrying in 15s
[2026-07-13T02:06:31.731Z] TWS unavailable (connection dropped) — retrying in 15s
[2026-07-13T02:06:46.732Z] TWS unavailable (connection dropped) — retrying in 15s
[2026-07-13T02:07:01.736Z] TWS unavailable (connection dropped) — retrying in 15s
[2026-07-13T02:07:16.738Z] TWS unavailable (connection dropped) — retrying in 15s
[2026-07-13T02:07:31.742Z] TWS unavailable (connection dropped) — retrying in 15s
[2026-07-13T02:07:46.743Z] TWS unavailable (connection dropped) — retrying in 15s
[2026-07-13T02:08:01.746Z] TWS unavailable (connection dropped) — retrying in 15s
[2026-07-13T02:08:16.748Z] TWS unavailable (connection dropped) — retrying in 15s
[2026-07-13T02:08:31.751Z] TWS unavailable (connection dropped) — retrying in 15s
[2026-07-13T02:08:46.754Z] TWS unavailable (connection dropped) — retrying in 15s
[2026-07-13T02:09:01.757Z] TWS unavailable (connection dropped) — retrying in 15s
[2026-07-13T02:09:16.760Z] TWS unavailable (connection dropped) — retrying in 15s
[2026-07-13T02:09:31.761Z] TWS unavailable (connection dropped) — retrying in 15s
[2026-07-13T02:09:46.764Z] TWS unavailable (connection dropped) — retrying in 15s
[2026-07-13T02:10:01.767Z] TWS unavailable (connection dropped) — retrying in 15s
[2026-07-13T02:10:16.770Z] TWS unavailable (connection dropped) — retrying in 15s
[2026-07-13T02:10:31.771Z] TWS unavailable (connection dropped) — retrying in 15s
[2026-07-13T02:10:46.773Z] TWS unavailable (connection dropped) — retrying in 15s
[2026-07-13T02:11:01.775Z] TWS unavailable (connection dropped) — retrying in 15s
[2026-07-13T02:11:16.777Z] TWS unavailable (connection dropped) — retrying in 15s
[2026-07-13T02:11:31.779Z] TWS unavailable (connection dropped) — retrying in 15s
[2026-07-13T02:11:46.781Z] TWS unavailable (connection dropped) — retrying in 15s
[2026-07-13T02:12:01.783Z] TWS unavailable (connection dropped) — retrying in 15s
[2026-07-13T02:12:16.786Z] TWS unavailable (connection dropped) — retrying in 15s
[2026-07-13T02:12:31.788Z] TWS unavailable (connection dropped) — retrying in 15s
[2026-07-13T02:12:46.790Z] TWS unavailable (connection dropped) — retrying in 15s
[2026-07-13T02:13:01.793Z] TWS unavailable (connection dropped) — retrying in 15s
[2026-07-13T02:13:16.795Z] TWS unavailable (connection dropped) — retrying in 15s
[2026-07-13T02:13:31.797Z] TWS unavailable (connection dropped) — retrying in 15s
[2026-07-13T02:13:46.799Z] TWS unavailable (connection dropped) — retrying in 15s
[2026-07-13T02:14:01.802Z] TWS unavailable (connection dropped) — retrying in 15s
[2026-07-13T02:14:16.804Z] TWS unavailable (connection dropped) — retrying in 15s
[2026-07-13T02:14:31.807Z] TWS unavailable (connection dropped) — retrying in 15s
[2026-07-13T02:14:46.810Z] TWS unavailable (connection dropped) — retrying in 15s
[2026-07-13T02:15:01.812Z] TWS unavailable (connection dropped) — retrying in 15s
[2026-07-13T02:15:16.815Z] TWS unavailable (connection dropped) — retrying in 15s
[2026-07-13T02:15:31.817Z] TWS unavailable (connection dropped) — retrying in 15s
[2026-07-13T02:15:46.819Z] TWS unavailable (connection dropped) — retrying in 15s
[2026-07-13T02:16:01.821Z] TWS unavailable (connection dropped) — retrying in 15s
[2026-07-13T02:16:16.824Z] TWS unavailable (connection dropped) — retrying in 15s
[2026-07-13T02:16:31.827Z] TWS unavailable (connection dropped) — retrying in 15s
[2026-07-13T02:16:46.829Z] TWS unavailable (connection dropped) — retrying in 15s
[2026-07-13T02:17:01.832Z] TWS unavailable (connection dropped) — retrying in 15s
[2026-07-13T02:17:16.834Z] TWS unavailable (connection dropped) — retrying in 15s
[2026-07-13T02:17:31.837Z] TWS unavailable (connection dropped) — retrying in 15s
[2026-07-13T02:17:46.840Z] TWS unavailable (connection dropped) — retrying in 15s
[2026-07-13T02:18:01.842Z] TWS unavailable (connection dropped) — retrying in 15s
[2026-07-13T02:18:16.844Z] TWS unavailable (connection dropped) — retrying in 15s
[2026-07-13T02:18:31.845Z] TWS unavailable (connection dropped) — retrying in 15s
[2026-07-13T02:18:46.848Z] TWS unavailable (connection dropped) — retrying in 15s
[2026-07-13T02:19:01.851Z] TWS unavailable (connection dropped) — retrying in 15s
[2026-07-13T02:19:16.854Z] TWS unavailable (connection dropped) — retrying in 15s
[2026-07-13T02:19:31.857Z] TWS unavailable (connection dropped) — retrying in 15s
[2026-07-13T02:19:46.859Z] TWS unavailable (connection dropped) — retrying in 15s
[2026-07-13T02:20:01.863Z] TWS unavailable (connection dropped) — retrying in 15s
[2026-07-13T02:20:16.864Z] TWS unavailable (connection dropped) — retrying in 15s
[2026-07-13T02:20:31.867Z] TWS unavailable (connection dropped) — retrying in 15s
[2026-07-13T02:20:46.869Z] TWS unavailable (connection dropped) — retrying in 15s
[2026-07-13T02:21:01.872Z] TWS unavailable (connection dropped) — retrying in 15s
[2026-07-13T02:21:16.874Z] TWS unavailable (connection dropped) — retrying in 15s
[2026-07-13T02:21:31.877Z] TWS unavailable (connection dropped) — retrying in 15s
[2026-07-13T02:21:46.879Z] TWS unavailable (connection dropped) — retrying in 15s
[2026-07-13T02:22:01.881Z] TWS unavailable (connection dropped) — retrying in 15s
[2026-07-13T02:22:16.884Z] TWS unavailable (connection dropped) — retrying in 15s
[2026-07-13T02:22:31.886Z] TWS unavailable (connection dropped) — retrying in 15s
[2026-07-13T02:22:46.889Z] TWS unavailable (connection dropped) — retrying in 15s
[2026-07-13T02:23:01.891Z] TWS unavailable (connection dropped) — retrying in 15s
[2026-07-13T02:23:16.893Z] TWS unavailable (connection dropped) — retrying in 15s
[2026-07-13T02:23:31.894Z] TWS unavailable (connection dropped) — retrying in 15s
[2026-07-13T02:23:46.897Z] TWS unavailable (connection dropped) — retrying in 15s
[2026-07-13T02:24:01.900Z] TWS unavailable (connection dropped) — retrying in 15s
[2026-07-13T02:24:16.902Z] TWS unavailable (connection dropped) — retrying in 15s
[2026-07-13T02:24:31.906Z] TWS unavailable (connection dropped) — retrying in 15s
[2026-07-13T02:24:46.908Z] TWS unavailable (connection dropped) — retrying in 15s
[2026-07-13T02:25:01.911Z] TWS unavailable (connection dropped) — retrying in 15s
[2026-07-13T02:25:16.913Z] TWS unavailable (connection dropped) — retrying in 15s
[2026-07-13T02:25:31.915Z] TWS unavailable (connection dropped) — retrying in 15s
[2026-07-13T02:25:46.917Z] TWS unavailable (connection dropped) — retrying in 15s
[2026-07-13T02:26:01.920Z] TWS unavailable (connection dropped) — retrying in 15s
[2026-07-13T02:26:16.922Z] TWS unavailable (connection dropped) — retrying in 15s
[2026-07-13T02:26:31.926Z] TWS unavailable (connection dropped) — retrying in 15s
[2026-07-13T02:26:46.928Z] TWS unavailable (connection dropped) — retrying in 15s
[2026-07-13T02:27:01.930Z] TWS unavailable (connection dropped) — retrying in 15s
[2026-07-13T02:27:16.932Z] TWS unavailable (connection dropped) — retrying in 15s
[2026-07-13T02:27:31.935Z] TWS unavailable (connection dropped) — retrying in 15s
[2026-07-13T02:27:46.937Z] TWS unavailable (connection dropped) — retrying in 15s
[2026-07-13T02:28:01.940Z] TWS unavailable (connection dropped) — retrying in 15s
[2026-07-13T02:28:16.943Z] TWS unavailable (connection dropped) — retrying in 15s
[2026-07-13T02:28:31.945Z] TWS unavailable (connection dropped) — retrying in 15s
[2026-07-13T02:28:46.945Z] TWS unavailable (connection dropped) — retrying in 15s
[2026-07-13T02:29:01.950Z] TWS unavailable (connection dropped) — retrying in 15s
[2026-07-13T02:29:16.952Z] TWS unavailable (connection dropped) — retrying in 15s
[2026-07-13T02:29:31.954Z] TWS unavailable (connection dropped) — retrying in 15s
[2026-07-13T02:29:46.957Z] TWS unavailable (connection dropped) — retrying in 15s
[2026-07-13T02:30:01.960Z] TWS unavailable (connection dropped) — retrying in 15s
[2026-07-13T02:30:16.963Z] TWS unavailable (connection dropped) — retrying in 15s
[2026-07-13T02:30:31.965Z] TWS unavailable (connection dropped) — retrying in 15s
[2026-07-13T02:30:46.968Z] TWS unavailable (connection dropped) — retrying in 15s
[2026-07-13T02:31:01.970Z] TWS unavailable (connection dropped) — retrying in 15s
[2026-07-13T02:31:16.972Z] TWS unavailable (connection dropped) — retrying in 15s
[2026-07-13T02:31:31.974Z] TWS unavailable (connection dropped) — retrying in 15s
[2026-07-13T02:31:46.976Z] TWS unavailable (connection dropped) — retrying in 15s
[2026-07-13T02:32:01.978Z] TWS unavailable (connection dropped) — retrying in 15s
[2026-07-13T02:32:16.980Z] TWS unavailable (connection dropped) — retrying in 15s
[2026-07-13T02:32:31.983Z] TWS unavailable (connection dropped) — retrying in 15s
[2026-07-13T02:32:46.986Z] TWS unavailable (connection dropped) — retrying in 15s
[2026-07-13T02:33:01.988Z] TWS unavailable (connection dropped) — retrying in 15s
[2026-07-13T02:33:16.991Z] TWS unavailable (connection dropped) — retrying in 15s
[2026-07-13T02:33:31.993Z] TWS unavailable (connection dropped) — retrying in 15s
[2026-07-13T02:33:46.996Z] TWS unavailable (connection dropped) — retrying in 15s
[2026-07-13T02:34:01.999Z] TWS unavailable (connection dropped) — retrying in 15s
[2026-07-13T02:34:17.001Z] TWS unavailable (connection dropped) — retrying in 15s
[2026-07-13T02:34:32.003Z] TWS unavailable (connection dropped) — retrying in 15s
[2026-07-13T02:34:47.006Z] TWS unavailable (connection dropped) — retrying in 15s
[2026-07-13T02:35:02.009Z] TWS unavailable (connection dropped) — retrying in 15s
[2026-07-13T02:35:17.012Z] TWS unavailable (connection dropped) — retrying in 15s
[2026-07-13T02:35:32.015Z] TWS unavailable (connection dropped) — retrying in 15s
[2026-07-13T02:35:47.017Z] TWS unavailable (connection dropped) — retrying in 15s
[2026-07-13T02:36:02.019Z] TWS unavailable (connection dropped) — retrying in 15s
[2026-07-13T02:36:17.021Z] TWS unavailable (connection dropped) — retrying in 15s
[2026-07-13T02:36:32.024Z] TWS unavailable (connection dropped) — retrying in 15s
[2026-07-13T02:36:47.027Z] TWS unavailable (connection dropped) — retrying in 15s
[2026-07-13T02:37:02.029Z] TWS unavailable (connection dropped) — retrying in 15s
[2026-07-13T02:37:17.031Z] TWS unavailable (connection dropped) — retrying in 15s
[2026-07-13T02:37:32.035Z] TWS unavailable (connection dropped) — retrying in 15s
[2026-07-13T02:37:47.037Z] TWS unavailable (connection dropped) — retrying in 15s
[2026-07-13T02:38:02.040Z] TWS unavailable (connection dropped) — retrying in 15s
[2026-07-13T02:38:17.042Z] TWS unavailable (connection dropped) — retrying in 15s
[2026-07-13T02:38:32.045Z] TWS unavailable (connection dropped) — retrying in 15s
[2026-07-13T02:38:47.047Z] TWS unavailable (connection dropped) — retrying in 15s
[2026-07-13T02:39:02.049Z] TWS unavailable (connection dropped) — retrying in 15s
[2026-07-13T02:39:17.052Z] TWS unavailable (connection dropped) — retrying in 15s
[2026-07-13T02:39:32.054Z] TWS unavailable (connection dropped) — retrying in 15s
[2026-07-13T02:39:47.056Z] TWS unavailable (connection dropped) — retrying in 15s
[2026-07-13T02:40:02.058Z] TWS unavailable (connection dropped) — retrying in 15s
[2026-07-13T02:40:17.060Z] TWS unavailable (connection dropped) — retrying in 15s
[2026-07-13T02:40:32.063Z] TWS unavailable (connection dropped) — retrying in 15s
[2026-07-13T02:40:47.066Z] TWS unavailable (connection dropped) — retrying in 15s
[2026-07-13T02:41:02.068Z] TWS unavailable (connection dropped) — retrying in 15s
[2026-07-13T02:41:17.071Z] TWS unavailable (connection dropped) — retrying in 15s
[2026-07-13T02:41:32.073Z] TWS unavailable (connection dropped) — retrying in 15s
[2026-07-13T02:41:47.075Z] TWS unavailable (connection dropped) — retrying in 15s
[2026-07-13T02:42:02.078Z] TWS unavailable (connection dropped) — retrying in 15s
[2026-07-13T02:42:17.080Z] TWS unavailable (connection dropped) — retrying in 15s
[2026-07-13T02:42:32.082Z] TWS unavailable (connection dropped) — retrying in 15s
[2026-07-13T02:42:47.084Z] TWS unavailable (connection dropped) — retrying in 15s
[2026-07-13T02:43:02.086Z] TWS unavailable (connection dropped) — retrying in 15s
[2026-07-13T02:43:17.089Z] TWS unavailable (connection dropped) — retrying in 15s
[2026-07-13T02:43:32.090Z] TWS unavailable (connection dropped) — retrying in 15s
[2026-07-13T02:43:47.093Z] TWS unavailable (connection dropped) — retrying in 15s
[2026-07-13T02:44:02.094Z] TWS unavailable (connection dropped) — retrying in 15s
[2026-07-13T02:44:17.098Z] TWS unavailable (connection dropped) — retrying in 15s
[2026-07-13T02:44:32.101Z] TWS unavailable (connection dropped) — retrying in 15s
[2026-07-13T02:44:47.103Z] TWS unavailable (connection dropped) — retrying in 15s
[2026-07-13T02:45:02.105Z] TWS unavailable (connection dropped) — retrying in 15s
[2026-07-13T02:45:17.107Z] TWS unavailable (connection dropped) — retrying in 15s
[2026-07-13T02:45:32.111Z] TWS unavailable (connection dropped) — retrying in 15s
[2026-07-13T02:45:47.112Z] TWS unavailable (connection dropped) — retrying in 15s
[2026-07-13T02:46:02.116Z] TWS unavailable (connection dropped) — retrying in 15s
[2026-07-13T02:46:17.117Z] TWS unavailable (connection dropped) — retrying in 15s
[2026-07-13T02:46:32.119Z] TWS unavailable (connection dropped) — retrying in 15s
[2026-07-13T02:46:47.124Z] TWS unavailable (connection dropped) — retrying in 15s
[2026-07-13T02:47:02.127Z] TWS unavailable (connection dropped) — retrying in 15s
[2026-07-13T02:47:17.129Z] TWS unavailable (connection dropped) — retrying in 15s
[2026-07-13T02:47:32.131Z] TWS unavailable (connection dropped) — retrying in 15s
[2026-07-13T02:47:47.134Z] TWS unavailable (connection dropped) — retrying in 15s
[2026-07-13T02:48:02.137Z] TWS unavailable (connection dropped) — retrying in 15s
[2026-07-13T02:48:17.139Z] TWS unavailable (connection dropped) — retrying in 15s
[2026-07-13T02:48:32.142Z] TWS unavailable (connection dropped) — retrying in 15s
[2026-07-13T02:48:47.145Z] TWS unavailable (connection dropped) — retrying in 15s
[2026-07-13T02:49:02.146Z] TWS unavailable (connection dropped) — retrying in 15s
[2026-07-13T02:49:17.149Z] TWS unavailable (connection dropped) — retrying in 15s
[2026-07-13T02:49:32.150Z] TWS unavailable (connection dropped) — retrying in 15s
[2026-07-13T02:49:47.153Z] TWS unavailable (connection dropped) — retrying in 15s
[2026-07-13T02:50:02.155Z] TWS unavailable (connection dropped) — retrying in 15s
[2026-07-13T02:50:17.157Z] TWS unavailable (connection dropped) — retrying in 15s
[2026-07-13T02:50:32.160Z] TWS unavailable (connection dropped) — retrying in 15s
[2026-07-13T02:50:47.162Z] TWS unavailable (connection dropped) — retrying in 15s
[2026-07-13T02:51:02.166Z] TWS unavailable (connection dropped) — retrying in 15s
[2026-07-13T02:51:17.168Z] TWS unavailable (connection dropped) — retrying in 15s
[2026-07-13T02:51:32.171Z] TWS unavailable (connection dropped) — retrying in 15s
[2026-07-13T02:51:47.173Z] TWS unavailable (connection dropped) — retrying in 15s
[2026-07-13T02:52:02.176Z] TWS unavailable (connection dropped) — retrying in 15s
[2026-07-13T02:52:17.178Z] TWS unavailable (connection dropped) — retrying in 15s
[2026-07-13T02:52:32.181Z] TWS unavailable (connection dropped) — retrying in 15s
[2026-07-13T02:52:47.182Z] TWS unavailable (connection dropped) — retrying in 15s
[2026-07-13T02:53:02.185Z] TWS unavailable (connection dropped) — retrying in 15s
[2026-07-13T02:53:17.186Z] TWS unavailable (connection dropped) — retrying in 15s
[2026-07-13T02:53:32.189Z] TWS unavailable (connection dropped) — retrying in 15s
[2026-07-13T02:53:47.191Z] TWS unavailable (connection dropped) — retrying in 15s
[2026-07-13T02:54:02.193Z] TWS unavailable (connection dropped) — retrying in 15s
[2026-07-13T02:54:17.196Z] TWS unavailable (connection dropped) — retrying in 15s
[2026-07-13T02:54:32.199Z] TWS unavailable (connection dropped) — retrying in 15s
[2026-07-13T02:54:47.201Z] TWS unavailable (connection dropped) — retrying in 15s
[2026-07-13T02:55:02.204Z] TWS unavailable (connection dropped) — retrying in 15s
[2026-07-13T02:55:17.208Z] TWS unavailable (connection dropped) — retrying in 15s
[2026-07-13T02:55:32.210Z] TWS unavailable (connection dropped) — retrying in 15s
[2026-07-13T02:55:47.211Z] TWS unavailable (connection dropped) — retrying in 15s
[2026-07-13T02:56:02.214Z] TWS unavailable (connection dropped) — retrying in 15s
[2026-07-13T02:56:17.215Z] TWS unavailable (connection dropped) — retrying in 15s
[2026-07-13T02:56:32.217Z] TWS unavailable (connection dropped) — retrying in 15s
[2026-07-13T02:56:47.220Z] TWS unavailable (connection dropped) — retrying in 15s
[2026-07-13T02:57:02.223Z] TWS unavailable (connection dropped) — retrying in 15s
[2026-07-13T02:57:17.225Z] TWS unavailable (connection dropped) — retrying in 15s
[2026-07-13T02:57:32.228Z] TWS unavailable (connection dropped) — retrying in 15s
[2026-07-13T02:57:47.230Z] TWS unavailable (connection dropped) — retrying in 15s
[2026-07-13T02:58:02.234Z] TWS unavailable (connection dropped) — retrying in 15s
[2026-07-13T02:58:17.236Z] TWS unavailable (connection dropped) — retrying in 15s
[2026-07-13T02:58:32.238Z] TWS unavailable (connection dropped) — retrying in 15s
[2026-07-13T02:58:47.240Z] TWS unavailable (connection dropped) — retrying in 15s
[2026-07-13T02:59:02.242Z] TWS unavailable (connection dropped) — retrying in 15s
[2026-07-13T02:59:17.243Z] TWS unavailable (connection dropped) — retrying in 15s
[2026-07-13T02:59:32.245Z] TWS unavailable (connection dropped) — retrying in 15s
[2026-07-13T02:59:47.246Z] TWS unavailable (connection dropped) — retrying in 15s
[2026-07-13T03:00:02.249Z] TWS unavailable (connection dropped) — retrying in 15s
[2026-07-13T03:00:17.251Z] TWS unavailable (connection dropped) — retrying in 15s
[2026-07-13T03:00:32.253Z] TWS unavailable (connection dropped) — retrying in 15s
[2026-07-13T03:00:47.256Z] TWS unavailable (connection dropped) — retrying in 15s
[2026-07-13T03:01:02.258Z] TWS unavailable (connection dropped) — retrying in 15s
[2026-07-13T03:01:17.260Z] TWS unavailable (connection dropped) — retrying in 15s
[2026-07-13T03:01:32.262Z] TWS unavailable (connection dropped) — retrying in 15s
[2026-07-13T03:01:47.264Z] TWS unavailable (connection dropped) — retrying in 15s
[2026-07-13T03:02:02.267Z] TWS unavailable (connection dropped) — retrying in 15s
[2026-07-13T03:02:17.269Z] TWS unavailable (connection dropped) — retrying in 15s
[2026-07-13T03:02:32.271Z] TWS unavailable (connection dropped) — retrying in 15s
[2026-07-13T03:02:47.273Z] TWS unavailable (connection dropped) — retrying in 15s
[2026-07-13T03:03:02.275Z] TWS unavailable (connection dropped) — retrying in 15s
[2026-07-13T03:03:17.277Z] TWS unavailable (connection dropped) — retrying in 15s
[2026-07-13T03:03:32.279Z] TWS unavailable (connection dropped) — retrying in 15s
[2026-07-13T03:03:47.282Z] TWS unavailable (connection dropped) — retrying in 15s
[2026-07-13T03:04:02.285Z] TWS unavailable (connection dropped) — retrying in 15s
[2026-07-13T03:04:17.288Z] TWS unavailable (connection dropped) — retrying in 15s
[2026-07-13T03:04:32.291Z] TWS unavailable (connection dropped) — retrying in 15s
[2026-07-13T03:04:47.293Z] TWS unavailable (connection dropped) — retrying in 15s
[2026-07-13T03:05:02.295Z] TWS unavailable (connection dropped) — retrying in 15s
[2026-07-13T03:05:17.297Z] TWS unavailable (connection dropped) — retrying in 15s
[2026-07-13T03:05:32.299Z] TWS unavailable (connection dropped) — retrying in 15s
[2026-07-13T03:05:47.301Z] TWS unavailable (connection dropped) — retrying in 15s
[2026-07-13T03:06:02.304Z] TWS unavailable (connection dropped) — retrying in 15s
[2026-07-13T03:06:17.307Z] TWS unavailable (connection dropped) — retrying in 15s
[2026-07-13T03:06:32.308Z] TWS unavailable (connection dropped) — retrying in 15s
[2026-07-13T03:06:47.315Z] TWS unavailable (connection dropped) — retrying in 15s
[2026-07-13T03:07:02.318Z] TWS unavailable (connection dropped) — retrying in 15s
[2026-07-13T03:07:17.320Z] TWS unavailable (connection dropped) — retrying in 15s
[2026-07-13T03:07:32.324Z] TWS unavailable (connection dropped) — retrying in 15s
[2026-07-13T03:07:47.326Z] TWS unavailable (connection dropped) — retrying in 15s
[2026-07-13T03:08:02.329Z] TWS unavailable (connection dropped) — retrying in 15s
[2026-07-13T03:08:17.332Z] TWS unavailable (connection dropped) — retrying in 15s
[2026-07-13T03:08:32.334Z] TWS unavailable (connection dropped) — retrying in 15s
[2026-07-13T03:08:47.336Z] TWS unavailable (connection dropped) — retrying in 15s
[2026-07-13T03:09:02.339Z] TWS unavailable (connection dropped) — retrying in 15s
[2026-07-13T03:09:17.341Z] TWS unavailable (connection dropped) — retrying in 15s
[2026-07-13T03:09:32.342Z] TWS unavailable (connection dropped) — retrying in 15s
[2026-07-13T03:09:47.345Z] TWS unavailable (connection dropped) — retrying in 15s
[2026-07-13T03:10:02.348Z] TWS unavailable (connection dropped) — retrying in 15s
[2026-07-13T03:10:17.351Z] TWS unavailable (connection dropped) — retrying in 15s
[2026-07-13T03:10:32.354Z] TWS unavailable (connection dropped) — retrying in 15s
[2026-07-13T03:10:47.355Z] TWS unavailable (connection dropped) — retrying in 15s
[2026-07-13T03:11:02.358Z] TWS unavailable (connection dropped) — retrying in 15s
[2026-07-13T03:11:17.361Z] TWS unavailable (connection dropped) — retrying in 15s
[2026-07-13T03:11:32.364Z] TWS unavailable (connection dropped) — retrying in 15s
[2026-07-13T03:11:47.365Z] TWS unavailable (connection dropped) — retrying in 15s
[2026-07-13T03:12:02.368Z] TWS unavailable (connection dropped) — retrying in 15s
[2026-07-13T03:12:17.369Z] TWS unavailable (connection dropped) — retrying in 15s
[2026-07-13T03:12:32.372Z] TWS unavailable (connection dropped) — retrying in 15s
[2026-07-13T03:12:47.375Z] TWS unavailable (connection dropped) — retrying in 15s
[2026-07-13T03:13:02.377Z] TWS unavailable (connection dropped) — retrying in 15s
[2026-07-13T03:13:17.380Z] TWS unavailable (connection dropped) — retrying in 15s
[2026-07-13T03:13:32.381Z] TWS unavailable (connection dropped) — retrying in 15s
[2026-07-13T03:13:47.384Z] TWS unavailable (connection dropped) — retrying in 15s
[2026-07-13T03:14:02.386Z] TWS unavailable (connection dropped) — retrying in 15s
[2026-07-13T03:14:17.390Z] TWS unavailable (connection dropped) — retrying in 15s
[2026-07-13T03:14:32.392Z] TWS unavailable (connection dropped) — retrying in 15s
[2026-07-13T03:14:47.394Z] TWS unavailable (connection dropped) — retrying in 15s
[2026-07-13T03:15:02.395Z] TWS unavailable (connection dropped) — retrying in 15s
[2026-07-13T03:15:17.398Z] TWS unavailable (connection dropped) — retrying in 15s
[2026-07-13T03:15:32.400Z] TWS unavailable (connection dropped) — retrying in 15s
[2026-07-13T03:15:47.402Z] TWS unavailable (connection dropped) — retrying in 15s
[2026-07-13T03:16:02.405Z] TWS unavailable (connection dropped) — retrying in 15s
[2026-07-13T03:16:17.407Z] TWS unavailable (connection dropped) — retrying in 15s
[2026-07-13T03:16:32.409Z] TWS unavailable (connection dropped) — retrying in 15s
[2026-07-13T03:16:47.410Z] TWS unavailable (connection dropped) — retrying in 15s
[2026-07-13T03:17:02.415Z] TWS unavailable (connection dropped) — retrying in 15s
[2026-07-13T03:17:17.416Z] TWS unavailable (connection dropped) — retrying in 15s
[2026-07-13T03:17:32.419Z] TWS unavailable (connection dropped) — retrying in 15s
[2026-07-13T03:17:47.422Z] TWS unavailable (connection dropped) — retrying in 15s
[2026-07-13T03:18:02.424Z] TWS unavailable (connection dropped) — retrying in 15s
[2026-07-13T03:18:17.426Z] TWS unavailable (connection dropped) — retrying in 15s
[2026-07-13T03:18:32.427Z] TWS unavailable (connection dropped) — retrying in 15s
[2026-07-13T03:18:47.430Z] TWS unavailable (connection dropped) — retrying in 15s
[2026-07-13T03:19:02.433Z] TWS unavailable (connection dropped) — retrying in 15s
[2026-07-13T03:19:17.435Z] TWS unavailable (connection dropped) — retrying in 15s
[2026-07-13T03:19:32.436Z] TWS unavailable (connection dropped) — retrying in 15s
[2026-07-13T03:19:47.439Z] TWS unavailable (connection dropped) — retrying in 15s
[2026-07-13T03:20:02.441Z] TWS unavailable (connection dropped) — retrying in 15s
[2026-07-13T03:20:17.444Z] TWS unavailable (connection dropped) — retrying in 15s
[2026-07-13T03:20:32.446Z] TWS unavailable (connection dropped) — retrying in 15s
[2026-07-13T03:20:47.448Z] TWS unavailable (connection dropped) — retrying in 15s
[2026-07-13T03:21:02.451Z] TWS unavailable (connection dropped) — retrying in 15s
[2026-07-13T03:21:17.454Z] TWS unavailable (connection dropped) — retrying in 15s
[2026-07-13T03:21:32.456Z] TWS unavailable (connection dropped) — retrying in 15s
[2026-07-13T03:21:47.459Z] TWS unavailable (connection dropped) — retrying in 15s
[2026-07-13T03:22:02.462Z] TWS unavailable (connection dropped) — retrying in 15s
[2026-07-13T03:22:17.463Z] TWS unavailable (connection dropped) — retrying in 15s
[2026-07-13T03:22:32.466Z] TWS unavailable (connection dropped) — retrying in 15s
[2026-07-13T03:22:47.469Z] TWS unavailable (connection dropped) — retrying in 15s
[2026-07-13T03:23:02.471Z] TWS unavailable (connection dropped) — retrying in 15s
[2026-07-13T03:23:17.473Z] TWS unavailable (connection dropped) — retrying in 15s
[2026-07-13T03:23:32.475Z] TWS unavailable (connection dropped) — retrying in 15s
[2026-07-13T03:23:47.477Z] TWS unavailable (connection dropped) — retrying in 15s
[2026-07-13T03:24:02.480Z] TWS unavailable (connection dropped) — retrying in 15s
[2026-07-13T03:24:17.483Z] TWS unavailable (connection dropped) — retrying in 15s
[2026-07-13T03:24:32.487Z] TWS unavailable (connection dropped) — retrying in 15s
[2026-07-13T03:24:47.490Z] TWS unavailable (connection dropped) — retrying in 15s
[2026-07-13T03:25:02.492Z] TWS unavailable (connection dropped) — retrying in 15s
[2026-07-13T03:25:17.496Z] TWS unavailable (connection dropped) — retrying in 15s
[2026-07-13T03:25:32.498Z] TWS unavailable (connection dropped) — retrying in 15s
[2026-07-13T03:25:47.500Z] TWS unavailable (connection dropped) — retrying in 15s
[2026-07-13T03:26:02.502Z] TWS unavailable (connection dropped) — retrying in 15s
[2026-07-13T03:26:17.504Z] TWS unavailable (connection dropped) — retrying in 15s
[2026-07-13T03:26:32.506Z] TWS unavailable (connection dropped) — retrying in 15s
[2026-07-13T03:26:47.509Z] TWS unavailable (connection dropped) — retrying in 15s
[2026-07-13T03:27:02.510Z] TWS unavailable (connection dropped) — retrying in 15s
[2026-07-13T03:27:17.512Z] TWS unavailable (connection dropped) — retrying in 15s
[2026-07-13T03:27:32.515Z] TWS unavailable (connection dropped) — retrying in 15s
[2026-07-13T03:27:47.517Z] TWS unavailable (connection dropped) — retrying in 15s
[2026-07-13T03:28:02.520Z] TWS unavailable (connection dropped) — retrying in 15s
[2026-07-13T03:28:17.522Z] TWS unavailable (connection dropped) — retrying in 15s
[2026-07-13T03:28:32.525Z] TWS unavailable (connection dropped) — retrying in 15s
[2026-07-13T03:28:47.527Z] TWS unavailable (connection dropped) — retrying in 15s
[2026-07-13T03:29:02.529Z] TWS unavailable (connection dropped) — retrying in 15s
[2026-07-13T03:29:17.531Z] TWS unavailable (connection dropped) — retrying in 15s
[2026-07-13T03:29:32.534Z] TWS unavailable (connection dropped) — retrying in 15s
[2026-07-13T03:29:47.535Z] TWS unavailable (connection dropped) — retrying in 15s
[2026-07-13T03:30:02.538Z] TWS unavailable (connection dropped) — retrying in 15s
[2026-07-13T03:30:17.541Z] TWS unavailable (connection dropped) — retrying in 15s
[2026-07-13T03:30:32.543Z] TWS unavailable (connection dropped) — retrying in 15s
[2026-07-13T03:30:47.545Z] TWS unavailable (connection dropped) — retrying in 15s
[2026-07-13T03:31:02.548Z] TWS unavailable (connection dropped) — retrying in 15s
[2026-07-13T03:31:17.551Z] TWS unavailable (connection dropped) — retrying in 15s
[2026-07-13T03:31:32.555Z] TWS unavailable (connection dropped) — retrying in 15s
[2026-07-13T03:31:47.557Z] TWS unavailable (connection dropped) — retrying in 15s
[2026-07-13T03:32:02.561Z] TWS unavailable (connection dropped) — retrying in 15s
[2026-07-13T03:32:17.563Z] TWS unavailable (connection dropped) — retrying in 15s
[2026-07-13T03:32:32.566Z] TWS unavailable (connection dropped) — retrying in 15s
[2026-07-13T03:32:47.568Z] TWS unavailable (connection dropped) — retrying in 15s
[2026-07-13T03:33:02.571Z] TWS unavailable (connection dropped) — retrying in 15s
[2026-07-13T03:33:17.574Z] TWS unavailable (connection dropped) — retrying in 15s
[2026-07-13T03:33:32.575Z] TWS unavailable (connection dropped) — retrying in 15s
[2026-07-13T03:33:47.578Z] TWS unavailable (connection dropped) — retrying in 15s
[2026-07-13T03:34:02.580Z] TWS unavailable (connection dropped) — retrying in 15s
[2026-07-13T03:34:17.583Z] TWS unavailable (connection dropped) — retrying in 15s
[2026-07-13T03:34:32.586Z] TWS unavailable (connection dropped) — retrying in 15s
[2026-07-13T03:34:47.589Z] TWS unavailable (connection dropped) — retrying in 15s
[2026-07-13T03:35:02.593Z] TWS unavailable (connection dropped) — retrying in 15s
[2026-07-13T03:35:17.596Z] TWS unavailable (connection dropped) — retrying in 15s
[2026-07-13T03:35:32.599Z] TWS unavailable (connection dropped) — retrying in 15s
[2026-07-13T03:35:47.603Z] TWS unavailable (connection dropped) — retrying in 15s
[2026-07-13T03:36:02.605Z] TWS unavailable (connection dropped) — retrying in 15s
[2026-07-13T03:36:17.607Z] TWS unavailable (connection dropped) — retrying in 15s
[2026-07-13T03:36:32.609Z] TWS unavailable (connection dropped) — retrying in 15s
[2026-07-13T03:36:47.611Z] TWS unavailable (connection dropped) — retrying in 15s
[2026-07-13T03:37:02.613Z] TWS unavailable (connection dropped) — retrying in 15s
[2026-07-13T03:37:17.615Z] TWS unavailable (connection dropped) — retrying in 15s
[2026-07-13T03:37:32.617Z] TWS unavailable (connection dropped) — retrying in 15s
[2026-07-13T03:37:47.620Z] TWS unavailable (connection dropped) — retrying in 15s
[2026-07-13T03:38:02.623Z] TWS unavailable (connection dropped) — retrying in 15s
[2026-07-13T03:38:17.626Z] TWS unavailable (connection dropped) — retrying in 15s
[2026-07-13T03:38:32.627Z] TWS unavailable (connection dropped) — retrying in 15s
[2026-07-13T03:38:47.629Z] TWS unavailable (connection dropped) — retrying in 15s
[2026-07-13T03:39:02.632Z] TWS unavailable (connection dropped) — retrying in 15s
[2026-07-13T03:39:17.634Z] TWS unavailable (connection dropped) — retrying in 15s
[2026-07-13T03:39:32.635Z] TWS unavailable (connection dropped) — retrying in 15s
[2026-07-13T03:39:47.639Z] TWS unavailable (connection dropped) — retrying in 15s
[2026-07-13T03:40:02.641Z] TWS unavailable (connection dropped) — retrying in 15s
[2026-07-13T03:40:17.644Z] TWS unavailable (connection dropped) — retrying in 15s
[2026-07-13T03:40:32.647Z] TWS unavailable (connection dropped) — retrying in 15s
[2026-07-13T03:40:47.650Z] TWS unavailable (connection dropped) — retrying in 15s
[2026-07-13T03:41:02.653Z] TWS unavailable (connection dropped) — retrying in 15s
[2026-07-13T03:41:17.655Z] TWS unavailable (connection dropped) — retrying in 15s
[2026-07-13T03:41:32.657Z] TWS unavailable (connection dropped) — retrying in 15s
[2026-07-13T03:41:47.660Z] TWS unavailable (connection dropped) — retrying in 15s
[2026-07-13T03:42:02.662Z] TWS unavailable (connection dropped) — retrying in 15s
[2026-07-13T03:42:17.665Z] TWS unavailable (connection dropped) — retrying in 15s
[2026-07-13T03:42:32.668Z] TWS unavailable (connection dropped) — retrying in 15s
[2026-07-13T03:42:47.669Z] TWS unavailable (connection dropped) — retrying in 15s
[2026-07-13T03:43:02.673Z] TWS unavailable (connection dropped) — retrying in 15s
[2026-07-13T03:43:17.675Z] TWS unavailable (connection dropped) — retrying in 15s
[2026-07-13T03:43:32.677Z] TWS unavailable (connection dropped) — retrying in 15s
[2026-07-13T03:43:47.679Z] TWS unavailable (connection dropped) — retrying in 15s
[2026-07-13T03:44:02.681Z] TWS unavailable (connection dropped) — retrying in 15s
[2026-07-13T03:44:17.684Z] TWS unavailable (connection dropped) — retrying in 15s
[2026-07-13T03:44:32.687Z] TWS unavailable (connection dropped) — retrying in 15s
[2026-07-13T03:44:47.689Z] TWS unavailable (connection dropped) — retrying in 15s
[2026-07-13T03:45:02.691Z] TWS unavailable (connection dropped) — retrying in 15s
[2026-07-13T03:45:17.694Z] TWS unavailable (connection dropped) — retrying in 15s
[2026-07-13T03:45:32.698Z] TWS unavailable (connection dropped) — retrying in 15s
[2026-07-13T03:45:47.700Z] TWS unavailable (connection dropped) — retrying in 15s
[2026-07-13T03:46:02.702Z] TWS unavailable (connection dropped) — retrying in 15s
[2026-07-13T03:46:17.704Z] TWS unavailable (connection dropped) — retrying in 15s
[2026-07-13T03:46:32.705Z] TWS unavailable (connection dropped) — retrying in 15s
[2026-07-13T03:46:47.708Z] TWS unavailable (connection dropped) — retrying in 15s
[2026-07-13T03:47:02.711Z] TWS unavailable (connection dropped) — retrying in 15s
[2026-07-13T03:47:17.712Z] TWS unavailable (connection dropped) — retrying in 15s
[2026-07-13T03:47:32.715Z] TWS unavailable (connection dropped) — retrying in 15s
[2026-07-13T03:47:47.718Z] TWS unavailable (connection dropped) — retrying in 15s
[2026-07-13T03:48:02.722Z] TWS unavailable (connection dropped) — retrying in 15s
[2026-07-13T03:48:17.723Z] TWS unavailable (connection dropped) — retrying in 15s
[2026-07-13T03:48:32.726Z] TWS unavailable (connection dropped) — retrying in 15s
[2026-07-13T03:48:47.727Z] TWS unavailable (connection dropped) — retrying in 15s
[2026-07-13T03:49:02.730Z] TWS unavailable (connection dropped) — retrying in 15s
[2026-07-13T03:49:17.732Z] TWS unavailable (connection dropped) — retrying in 15s
[2026-07-13T03:49:32.734Z] TWS unavailable (connection dropped) — retrying in 15s
[2026-07-13T03:49:47.736Z] TWS unavailable (connection dropped) — retrying in 15s
[2026-07-13T03:50:02.739Z] TWS unavailable (connection dropped) — retrying in 15s
[2026-07-13T03:50:17.741Z] TWS unavailable (connection dropped) — retrying in 15s
[2026-07-13T03:50:32.743Z] TWS unavailable (connection dropped) — retrying in 15s
[2026-07-13T03:50:47.746Z] TWS unavailable (connection dropped) — retrying in 15s
[2026-07-13T03:51:02.749Z] TWS unavailable (connection dropped) — retrying in 15s
[2026-07-13T03:51:17.752Z] TWS unavailable (connection dropped) — retrying in 15s
[2026-07-13T03:51:32.753Z] TWS unavailable (connection dropped) — retrying in 15s
[2026-07-13T03:51:47.756Z] TWS unavailable (connection dropped) — retrying in 15s
[2026-07-13T03:52:02.758Z] TWS unavailable (connection dropped) — retrying in 15s
[2026-07-13T03:52:17.760Z] TWS unavailable (connection dropped) — retrying in 15s
[2026-07-13T03:52:32.762Z] TWS unavailable (connection dropped) — retrying in 15s
[2026-07-13T03:52:47.765Z] TWS unavailable (connection dropped) — retrying in 15s
[2026-07-13T03:53:02.766Z] TWS unavailable (connection dropped) — retrying in 15s
[2026-07-13T03:53:17.769Z] TWS unavailable (connection dropped) — retrying in 15s
[2026-07-13T03:53:32.771Z] TWS unavailable (connection dropped) — retrying in 15s
[2026-07-13T03:53:47.773Z] TWS unavailable (connection dropped) — retrying in 15s
[2026-07-13T03:54:02.775Z] TWS unavailable (connection dropped) — retrying in 15s
[2026-07-13T03:54:17.777Z] TWS unavailable (connection dropped) — retrying in 15s
[2026-07-13T03:54:32.780Z] TWS unavailable (connection dropped) — retrying in 15s
[2026-07-13T03:54:47.782Z] TWS unavailable (connection dropped) — retrying in 15s
[2026-07-13T03:55:02.786Z] TWS unavailable (connection dropped) — retrying in 15s
[2026-07-13T03:55:17.788Z] TWS unavailable (connection dropped) — retrying in 15s
[2026-07-13T03:55:32.790Z] TWS unavailable (connection dropped) — retrying in 15s
[2026-07-13T03:55:47.792Z] TWS unavailable (connection dropped) — retrying in 15s
[2026-07-13T03:56:02.795Z] TWS unavailable (connection dropped) — retrying in 15s
[2026-07-13T03:56:17.798Z] TWS unavailable (connection dropped) — retrying in 15s
[2026-07-13T03:56:32.800Z] TWS unavailable (connection dropped) — retrying in 15s
[2026-07-13T03:56:47.801Z] TWS unavailable (connection dropped) — retrying in 15s
[2026-07-13T03:57:02.804Z] TWS unavailable (connection dropped) — retrying in 15s
[2026-07-13T03:57:17.806Z] TWS unavailable (connection dropped) — retrying in 15s
[2026-07-13T03:57:32.809Z] TWS unavailable (connection dropped) — retrying in 15s
[2026-07-13T03:57:47.812Z] TWS unavailable (connection dropped) — retrying in 15s
[2026-07-13T03:58:02.814Z] TWS unavailable (connection dropped) — retrying in 15s
[2026-07-13T03:58:17.816Z] TWS unavailable (connection dropped) — retrying in 15s
[2026-07-13T03:58:32.818Z] TWS unavailable (connection dropped) — retrying in 15s
[2026-07-13T03:58:47.821Z] TWS unavailable (connection dropped) — retrying in 15s
[2026-07-13T03:59:02.823Z] TWS unavailable (connection dropped) — retrying in 15s
[2026-07-13T03:59:17.825Z] TWS unavailable (connection dropped) — retrying in 15s
[2026-07-13T03:59:32.828Z] TWS unavailable (connection dropped) — retrying in 15s
[2026-07-13T03:59:47.830Z] TWS unavailable (connection dropped) — retrying in 15s
[2026-07-13T04:00:02.832Z] TWS unavailable (connection dropped) — retrying in 15s
[2026-07-13T04:00:17.834Z] TWS unavailable (connection dropped) — retrying in 15s
[2026-07-13T04:00:32.836Z] TWS unavailable (connection dropped) — retrying in 15s
[2026-07-13T04:00:47.839Z] TWS unavailable (connection dropped) — retrying in 15s
[2026-07-13T04:01:02.841Z] TWS unavailable (connection dropped) — retrying in 15s
[2026-07-13T04:01:17.843Z] TWS unavailable (connection dropped) — retrying in 15s
[2026-07-13T04:01:32.846Z] TWS unavailable (connection dropped) — retrying in 15s
[2026-07-13T04:01:47.848Z] TWS unavailable (connection dropped) — retrying in 15s
[2026-07-13T04:02:02.851Z] TWS unavailable (connection dropped) — retrying in 15s
[2026-07-13T04:02:17.854Z] TWS unavailable (connection dropped) — retrying in 15s
[2026-07-13T04:02:32.856Z] TWS unavailable (connection dropped) — retrying in 15s
[2026-07-13T04:02:47.857Z] TWS unavailable (connection dropped) — retrying in 15s
[2026-07-13T04:03:02.859Z] TWS unavailable (connection dropped) — retrying in 15s
[2026-07-13T04:03:17.860Z] TWS unavailable (connection dropped) — retrying in 15s
[2026-07-13T04:03:32.862Z] TWS unavailable (connection dropped) — retrying in 15s
[2026-07-13T04:03:47.864Z] TWS unavailable (connection dropped) — retrying in 15s
[2026-07-13T04:04:02.867Z] TWS unavailable (connection dropped) — retrying in 15s
[2026-07-13T04:04:17.869Z] TWS unavailable (connection dropped) — retrying in 15s
[2026-07-13T04:04:32.871Z] TWS unavailable (connection dropped) — retrying in 15s
[2026-07-13T04:04:47.873Z] TWS unavailable (connection dropped) — retrying in 15s
[2026-07-13T04:05:02.876Z] TWS unavailable (connection dropped) — retrying in 15s
[2026-07-13T04:05:17.879Z] TWS unavailable (connection dropped) — retrying in 15s
[2026-07-13T04:05:32.882Z] TWS unavailable (connection dropped) — retrying in 15s
[2026-07-13T04:05:47.884Z] TWS unavailable (connection dropped) — retrying in 15s
[2026-07-13T04:06:02.886Z] TWS unavailable (connection dropped) — retrying in 15s
[2026-07-13T04:06:17.888Z] TWS unavailable (connection dropped) — retrying in 15s
[2026-07-13T04:06:32.889Z] TWS unavailable (connection dropped) — retrying in 15s
[2026-07-13T04:06:47.892Z] TWS unavailable (connection dropped) — retrying in 15s
[2026-07-13T04:07:02.894Z] TWS unavailable (connection dropped) — retrying in 15s
[2026-07-13T04:07:17.897Z] TWS unavailable (connection dropped) — retrying in 15s
[2026-07-13T04:07:32.899Z] TWS unavailable (connection dropped) — retrying in 15s
[2026-07-13T04:07:47.902Z] TWS unavailable (connection dropped) — retrying in 15s
[2026-07-13T04:08:02.904Z] TWS unavailable (connection dropped) — retrying in 15s
[2026-07-13T04:08:17.905Z] TWS unavailable (connection dropped) — retrying in 15s
[2026-07-13T04:08:32.908Z] TWS unavailable (connection dropped) — retrying in 15s
[2026-07-13T04:08:47.909Z] TWS unavailable (connection dropped) — retrying in 15s
[2026-07-13T04:09:02.913Z] TWS unavailable (connection dropped) — retrying in 15s
[2026-07-13T04:09:17.915Z] TWS unavailable (connection dropped) — retrying in 15s
[2026-07-13T04:09:32.918Z] TWS unavailable (connection dropped) — retrying in 15s
[2026-07-13T04:09:47.919Z] TWS unavailable (connection dropped) — retrying in 15s
[2026-07-13T04:10:02.923Z] TWS unavailable (connection dropped) — retrying in 15s
[2026-07-13T04:10:17.926Z] TWS unavailable (connection dropped) — retrying in 15s
[2026-07-13T04:10:32.929Z] TWS unavailable (connection dropped) — retrying in 15s
[2026-07-13T04:10:47.933Z] TWS unavailable (connection dropped) — retrying in 15s
[2026-07-13T04:11:02.935Z] TWS unavailable (connection dropped) — retrying in 15s
[2026-07-13T04:11:17.937Z] TWS unavailable (connection dropped) — retrying in 15s
[2026-07-13T04:11:32.939Z] TWS unavailable (connection dropped) — retrying in 15s
[2026-07-13T04:11:47.942Z] TWS unavailable (connection dropped) — retrying in 15s
[2026-07-13T04:12:02.945Z] TWS unavailable (connection dropped) — retrying in 15s
[2026-07-13T04:12:17.947Z] TWS unavailable (connection dropped) — retrying in 15s
[2026-07-13T04:12:32.948Z] TWS unavailable (connection dropped) — retrying in 15s
[2026-07-13T04:12:47.951Z] TWS unavailable (connection dropped) — retrying in 15s
[2026-07-13T04:13:02.954Z] TWS unavailable (connection dropped) — retrying in 15s
[2026-07-13T04:13:17.955Z] TWS unavailable (connection dropped) — retrying in 15s
[2026-07-13T04:13:32.957Z] TWS unavailable (connection dropped) — retrying in 15s
[2026-07-13T04:13:47.960Z] TWS unavailable (connection dropped) — retrying in 15s
[2026-07-13T04:14:02.962Z] TWS unavailable (connection dropped) — retrying in 15s
[2026-07-13T04:14:17.964Z] TWS unavailable (connection dropped) — retrying in 15s
[2026-07-13T04:14:32.969Z] TWS unavailable (connection dropped) — retrying in 15s
[2026-07-13T04:14:47.971Z] TWS unavailable (connection dropped) — retrying in 15s
[2026-07-13T04:15:02.974Z] TWS unavailable (connection dropped) — retrying in 15s
[2026-07-13T04:15:17.975Z] TWS unavailable (connection dropped) — retrying in 15s
[2026-07-13T04:15:32.978Z] TWS unavailable (connection dropped) — retrying in 15s
[2026-07-13T04:15:47.981Z] TWS unavailable (connection dropped) — retrying in 15s
[2026-07-13T04:16:02.984Z] TWS unavailable (connection dropped) — retrying in 15s
[2026-07-13T04:16:17.986Z] TWS unavailable (connection dropped) — retrying in 15s
[2026-07-13T04:16:32.988Z] TWS unavailable (connection dropped) — retrying in 15s
[2026-07-13T04:16:47.990Z] TWS unavailable (connection dropped) — retrying in 15s
[2026-07-13T04:17:02.994Z] TWS unavailable (connection dropped) — retrying in 15s
[2026-07-13T04:17:17.996Z] TWS unavailable (connection dropped) — retrying in 15s
[2026-07-13T04:17:32.997Z] TWS unavailable (connection dropped) — retrying in 15s
[2026-07-13T04:17:48.000Z] TWS unavailable (connection dropped) — retrying in 15s
[2026-07-13T04:18:03.004Z] TWS unavailable (connection dropped) — retrying in 15s
[2026-07-13T04:18:18.007Z] TWS unavailable (connection dropped) — retrying in 15s
[2026-07-13T04:18:33.009Z] TWS unavailable (connection dropped) — retrying in 15s
[2026-07-13T04:18:48.012Z] TWS unavailable (connection dropped) — retrying in 15s
[2026-07-13T04:19:03.015Z] TWS unavailable (connection dropped) — retrying in 15s
[2026-07-13T04:19:18.018Z] TWS unavailable (connection dropped) — retrying in 15s
[2026-07-13T04:19:33.020Z] TWS unavailable (connection dropped) — retrying in 15s
[2026-07-13T04:19:48.023Z] TWS unavailable (connection dropped) — retrying in 15s
[2026-07-13T04:20:03.026Z] TWS unavailable (connection dropped) — retrying in 15s
[2026-07-13T04:20:18.028Z] TWS unavailable (connection dropped) — retrying in 15s
[2026-07-13T04:20:33.032Z] TWS unavailable (connection dropped) — retrying in 15s
[2026-07-13T04:20:48.038Z] TWS unavailable (connection dropped) — retrying in 15s
[2026-07-13T04:21:03.042Z] TWS unavailable (connection dropped) — retrying in 15s
[2026-07-13T04:21:18.045Z] TWS unavailable (connection dropped) — retrying in 15s
[2026-07-13T04:21:33.047Z] TWS unavailable (connection dropped) — retrying in 15s
[2026-07-13T04:21:48.050Z] TWS unavailable (connection dropped) — retrying in 15s
[2026-07-13T04:22:03.054Z] TWS unavailable (connection dropped) — retrying in 15s
[2026-07-13T04:22:18.056Z] TWS unavailable (connection dropped) — retrying in 15s
[2026-07-13T04:22:33.059Z] TWS unavailable (connection dropped) — retrying in 15s
[2026-07-13T04:22:48.060Z] TWS unavailable (connection dropped) — retrying in 15s
[2026-07-13T04:23:03.064Z] TWS unavailable (connection dropped) — retrying in 15s
[2026-07-13T04:23:18.065Z] TWS unavailable (connection dropped) — retrying in 15s
[2026-07-13T04:23:33.066Z] TWS unavailable (connection dropped) — retrying in 15s
[2026-07-13T04:23:48.069Z] TWS unavailable (connection dropped) — retrying in 15s
[2026-07-13T04:24:03.077Z] TWS unavailable (connection dropped) — retrying in 15s
[2026-07-13T04:24:18.079Z] TWS unavailable (connection dropped) — retrying in 15s
[2026-07-13T04:24:33.083Z] TWS unavailable (connection dropped) — retrying in 15s
[2026-07-13T04:24:48.085Z] TWS unavailable (connection dropped) — retrying in 15s
[2026-07-13T04:25:03.089Z] TWS unavailable (connection dropped) — retrying in 15s
[2026-07-13T04:25:18.091Z] TWS unavailable (connection dropped) — retrying in 15s
[2026-07-13T04:25:33.095Z] TWS unavailable (connection dropped) — retrying in 15s
[2026-07-13T04:25:48.098Z] TWS unavailable (connection dropped) — retrying in 15s
[2026-07-13T04:26:03.100Z] TWS unavailable (connection dropped) — retrying in 15s
[2026-07-13T04:26:18.102Z] TWS unavailable (connection dropped) — retrying in 15s
[2026-07-13T04:26:33.104Z] TWS unavailable (connection dropped) — retrying in 15s
[2026-07-13T04:26:48.106Z] TWS unavailable (connection dropped) — retrying in 15s
[2026-07-13T04:27:03.109Z] TWS unavailable (connection dropped) — retrying in 15s
[2026-07-13T04:27:18.111Z] TWS unavailable (connection dropped) — retrying in 15s
[2026-07-13T04:27:33.113Z] TWS unavailable (connection dropped) — retrying in 15s
[2026-07-13T04:27:48.115Z] TWS unavailable (connection dropped) — retrying in 15s
[2026-07-13T04:28:03.118Z] TWS unavailable (connection dropped) — retrying in 15s
[2026-07-13T04:28:18.119Z] TWS unavailable (connection dropped) — retrying in 15s
[2026-07-13T04:28:33.122Z] TWS unavailable (connection dropped) — retrying in 15s
[2026-07-13T04:28:48.124Z] TWS unavailable (connection dropped) — retrying in 15s
[2026-07-13T04:29:03.127Z] TWS unavailable (connection dropped) — retrying in 15s
[2026-07-13T04:29:18.130Z] TWS unavailable (connection dropped) — retrying in 15s
[2026-07-13T04:29:33.133Z] TWS unavailable (connection dropped) — retrying in 15s
[2026-07-13T04:29:48.136Z] TWS unavailable (connection dropped) — retrying in 15s
[2026-07-13T04:30:03.139Z] TWS unavailable (connection dropped) — retrying in 15s
[2026-07-13T04:30:18.141Z] TWS unavailable (connection dropped) — retrying in 15s
[2026-07-13T04:30:33.144Z] TWS unavailable (connection dropped) — retrying in 15s
[2026-07-13T04:30:48.146Z] TWS unavailable (connection dropped) — retrying in 15s
[2026-07-13T04:31:03.150Z] TWS unavailable (connection dropped) — retrying in 15s
[2026-07-13T04:31:18.153Z] TWS unavailable (connection dropped) — retrying in 15s
[2026-07-13T04:31:33.155Z] TWS unavailable (connection dropped) — retrying in 15s
[2026-07-13T04:31:48.158Z] TWS unavailable (connection dropped) — retrying in 15s
[2026-07-13T04:32:03.160Z] TWS unavailable (connection dropped) — retrying in 15s
[2026-07-13T04:32:18.164Z] TWS unavailable (connection dropped) — retrying in 15s
[2026-07-13T04:32:33.167Z] TWS unavailable (connection dropped) — retrying in 15s
[2026-07-13T04:32:48.170Z] TWS unavailable (connection dropped) — retrying in 15s
[2026-07-13T04:33:03.172Z] TWS unavailable (connection dropped) — retrying in 15s
[2026-07-13T04:33:18.175Z] TWS unavailable (connection dropped) — retrying in 15s
[2026-07-13T04:33:33.178Z] TWS unavailable (connection dropped) — retrying in 15s
[2026-07-13T04:33:48.180Z] TWS unavailable (connection dropped) — retrying in 15s
[2026-07-13T04:34:03.183Z] TWS unavailable (connection dropped) — retrying in 15s
[2026-07-13T04:34:18.186Z] TWS unavailable (connection dropped) — retrying in 15s
[2026-07-13T04:34:33.188Z] TWS unavailable (connection dropped) — retrying in 15s
[2026-07-13T04:34:48.190Z] TWS unavailable (connection dropped) — retrying in 15s
[2026-07-13T04:35:03.193Z] TWS unavailable (connection dropped) — retrying in 15s
[2026-07-13T04:35:18.194Z] TWS unavailable (connection dropped) — retrying in 15s
[2026-07-13T04:35:33.198Z] TWS unavailable (connection dropped) — retrying in 15s
[2026-07-13T04:35:48.200Z] TWS unavailable (connection dropped) — retrying in 15s
[2026-07-13T04:36:03.203Z] TWS unavailable (connection dropped) — retrying in 15s
[2026-07-13T04:36:18.204Z] TWS unavailable (connection dropped) — retrying in 15s
[2026-07-13T04:36:33.207Z] TWS unavailable (connection dropped) — retrying in 15s
[2026-07-13T04:36:48.209Z] TWS unavailable (connection dropped) — retrying in 15s
[2026-07-13T04:37:03.211Z] TWS unavailable (connection dropped) — retrying in 15s
[2026-07-13T04:37:18.213Z] TWS unavailable (connection dropped) — retrying in 15s
[2026-07-13T04:37:33.215Z] TWS unavailable (connection dropped) — retrying in 15s
[2026-07-13T04:37:48.218Z] TWS unavailable (connection dropped) — retrying in 15s
[2026-07-13T04:38:03.220Z] TWS unavailable (connection dropped) — retrying in 15s
[2026-07-13T04:38:18.224Z] TWS unavailable (connection dropped) — retrying in 15s
[2026-07-13T04:38:33.226Z] TWS unavailable (connection dropped) — retrying in 15s
[2026-07-13T04:38:48.229Z] TWS unavailable (connection dropped) — retrying in 15s
[2026-07-13T04:39:03.232Z] TWS unavailable (connection dropped) — retrying in 15s
[2026-07-13T04:39:18.234Z] TWS unavailable (connection dropped) — retrying in 15s
[2026-07-13T04:39:33.236Z] TWS unavailable (connection dropped) — retrying in 15s
[2026-07-13T04:39:48.238Z] TWS unavailable (connection dropped) — retrying in 15s
[2026-07-13T04:40:03.240Z] TWS unavailable (connection dropped) — retrying in 15s
[2026-07-13T04:40:18.242Z] TWS unavailable (connection dropped) — retrying in 15s
[2026-07-13T04:40:33.243Z] TWS unavailable (connection dropped) — retrying in 15s
[2026-07-13T04:40:48.245Z] TWS unavailable (connection dropped) — retrying in 15s
[2026-07-13T04:41:03.249Z] TWS unavailable (connection dropped) — retrying in 15s
[2026-07-13T04:41:18.250Z] TWS unavailable (connection dropped) — retrying in 15s
[2026-07-13T04:41:33.252Z] TWS unavailable (connection dropped) — retrying in 15s
[2026-07-13T04:41:48.254Z] TWS unavailable (connection dropped) — retrying in 15s
[2026-07-13T04:42:03.257Z] TWS unavailable (connection dropped) — retrying in 15s
[2026-07-13T04:42:18.260Z] TWS unavailable (connection dropped) — retrying in 15s
[2026-07-13T04:42:33.262Z] TWS unavailable (connection dropped) — retrying in 15s
[2026-07-13T04:42:48.263Z] TWS unavailable (connection dropped) — retrying in 15s
[2026-07-13T04:43:03.267Z] TWS unavailable (connection dropped) — retrying in 15s
[2026-07-13T04:43:18.269Z] TWS unavailable (connection dropped) — retrying in 15s
[2026-07-13T04:43:33.272Z] TWS unavailable (connection dropped) — retrying in 15s
[2026-07-13T04:43:48.274Z] TWS unavailable (connection dropped) — retrying in 15s
[2026-07-13T04:44:03.276Z] TWS unavailable (connection dropped) — retrying in 15s
[2026-07-13T04:44:18.278Z] TWS unavailable (connection dropped) — retrying in 15s
[2026-07-13T04:44:33.281Z] TWS unavailable (connection dropped) — retrying in 15s
[2026-07-13T04:44:48.283Z] TWS unavailable (connection dropped) — retrying in 15s
[2026-07-13T04:45:03.285Z] TWS unavailable (connection dropped) — retrying in 15s
[2026-07-13T04:45:18.288Z] TWS unavailable (connection dropped) — retrying in 15s
[2026-07-13T04:45:33.291Z] TWS unavailable (connection dropped) — retrying in 15s
[2026-07-13T04:45:48.294Z] TWS unavailable (connection dropped) — retrying in 15s
[2026-07-13T04:46:03.296Z] TWS unavailable (connection dropped) — retrying in 15s
[2026-07-13T04:46:18.299Z] TWS unavailable (connection dropped) — retrying in 15s
[2026-07-13T04:46:33.301Z] TWS unavailable (connection dropped) — retrying in 15s
[2026-07-13T04:46:48.304Z] TWS unavailable (connection dropped) — retrying in 15s
[2026-07-13T04:47:03.306Z] TWS unavailable (connection dropped) — retrying in 15s
[2026-07-13T04:47:18.309Z] TWS unavailable (connection dropped) — retrying in 15s
[2026-07-13T04:47:33.310Z] TWS unavailable (connection dropped) — retrying in 15s
[2026-07-13T04:47:48.313Z] TWS unavailable (connection dropped) — retrying in 15s
[2026-07-13T04:48:03.316Z] TWS unavailable (connection dropped) — retrying in 15s
[2026-07-13T04:48:18.318Z] TWS unavailable (connection dropped) — retrying in 15s
[2026-07-13T04:48:33.320Z] TWS unavailable (connection dropped) — retrying in 15s
[2026-07-13T04:48:48.323Z] TWS unavailable (connection dropped) — retrying in 15s
[2026-07-13T04:49:03.326Z] TWS unavailable (connection dropped) — retrying in 15s
[2026-07-13T04:49:18.327Z] TWS unavailable (connection dropped) — retrying in 15s
[2026-07-13T04:49:33.330Z] TWS unavailable (connection dropped) — retrying in 15s
[2026-07-13T04:49:48.332Z] TWS unavailable (connection dropped) — retrying in 15s
[2026-07-13T04:50:03.335Z] TWS unavailable (connection dropped) — retrying in 15s
[2026-07-13T04:50:18.336Z] TWS unavailable (connection dropped) — retrying in 15s
[2026-07-13T04:50:33.339Z] TWS unavailable (connection dropped) — retrying in 15s
[2026-07-13T04:50:48.341Z] TWS unavailable (connection dropped) — retrying in 15s
[2026-07-13T04:51:03.344Z] TWS unavailable (connection dropped) — retrying in 15s
[2026-07-13T04:51:18.347Z] TWS unavailable (connection dropped) — retrying in 15s
[2026-07-13T04:51:33.349Z] TWS unavailable (connection dropped) — retrying in 15s
[2026-07-13T04:51:48.352Z] TWS unavailable (connection dropped) — retrying in 15s
[2026-07-13T04:52:03.354Z] TWS unavailable (connection dropped) — retrying in 15s
[2026-07-13T04:52:18.356Z] TWS unavailable (connection dropped) — retrying in 15s
[2026-07-13T04:52:33.358Z] TWS unavailable (connection dropped) — retrying in 15s
[2026-07-13T04:52:48.360Z] TWS unavailable (connection dropped) — retrying in 15s
[2026-07-13T04:53:03.361Z] TWS unavailable (connection dropped) — retrying in 15s
[2026-07-13T04:53:18.364Z] TWS unavailable (connection dropped) — retrying in 15s
[2026-07-13T04:53:33.365Z] TWS unavailable (connection dropped) — retrying in 15s
[2026-07-13T04:53:48.367Z] TWS unavailable (connection dropped) — retrying in 15s
[2026-07-13T04:54:03.370Z] TWS unavailable (connection dropped) — retrying in 15s
[2026-07-13T04:54:18.373Z] TWS unavailable (connection dropped) — retrying in 15s
[2026-07-13T04:54:33.377Z] TWS unavailable (connection dropped) — retrying in 15s
[2026-07-13T04:54:48.379Z] TWS unavailable (connection dropped) — retrying in 15s
[2026-07-13T04:55:03.381Z] TWS unavailable (connection dropped) — retrying in 15s
[2026-07-13T04:55:18.384Z] TWS unavailable (connection dropped) — retrying in 15s
[2026-07-13T04:55:33.387Z] TWS unavailable (connection dropped) — retrying in 15s
[2026-07-13T04:55:48.390Z] TWS unavailable (connection dropped) — retrying in 15s
[2026-07-13T04:56:03.392Z] TWS unavailable (connection dropped) — retrying in 15s
[2026-07-13T04:56:18.395Z] TWS unavailable (connection dropped) — retrying in 15s
[2026-07-13T04:56:33.397Z] TWS unavailable (connection dropped) — retrying in 15s
[2026-07-13T04:56:48.399Z] TWS unavailable (connection dropped) — retrying in 15s
[2026-07-13T04:57:03.400Z] TWS unavailable (connection dropped) — retrying in 15s
[2026-07-13T04:57:18.403Z] TWS unavailable (connection dropped) — retrying in 15s
[2026-07-13T04:57:33.405Z] TWS unavailable (connection dropped) — retrying in 15s
[2026-07-13T04:57:48.408Z] TWS unavailable (connection dropped) — retrying in 15s
[2026-07-13T04:58:03.410Z] TWS unavailable (connection dropped) — retrying in 15s
[2026-07-13T04:58:18.412Z] TWS unavailable (connection dropped) — retrying in 15s
[2026-07-13T04:58:33.413Z] TWS unavailable (connection dropped) — retrying in 15s
[2026-07-13T04:58:48.416Z] TWS unavailable (connection dropped) — retrying in 15s
[2026-07-13T04:59:03.417Z] TWS unavailable (connection dropped) — retrying in 15s
[2026-07-13T04:59:18.419Z] TWS unavailable (connection dropped) — retrying in 15s
[2026-07-13T04:59:33.420Z] TWS unavailable (connection dropped) — retrying in 15s
[2026-07-13T04:59:48.423Z] TWS unavailable (connection dropped) — retrying in 15s
[2026-07-13T05:00:03.425Z] TWS unavailable (connection dropped) — retrying in 15s
[2026-07-13T05:00:18.432Z] Connected to TWS
[2026-07-13T05:01:03.353Z] Server on http://localhost:3000
[2026-07-13T05:01:03.355Z] TP: +128% | SL: -100% | DTE: 0-3
[2026-07-13T05:01:03.355Z] EOD-flatten: ON @1550 ET | Trail: ON arm prem+25% trail12% | Time-stop: ON 60min | MFE-log: ON
[2026-07-13T05:01:03.371Z] Connected to TWS
[2026-07-13T13:47:00.569Z] [fly] /place_test_fly XSP c755 w14 x1 (acct DUN460366)
[2026-07-13T13:47:00.854Z] [fly] XSP legs resolved: SHORT_CALL=891281390 LONG_CALL=892696099 SHORT_PUT=891283255 LONG_PUT=892696168
[2026-07-13T13:47:02.123Z] IBKR [10090]: Part of requested market data is not subscribed. Subscription-independent ticks are still active.Delayed market data is available.XSP Mini-SPX Index/TOP/ALL
[2026-07-13T13:47:02.123Z] [fly] error code=10090 reqId=905718: Part of requested market data is not subscribed. Subscription-independent ticks are still active.Delayed market data is available.XSP Mini-SPX Index/TOP/ALL
[2026-07-13T13:47:02.124Z] IBKR [10090]: Part of requested market data is not subscribed. Subscription-independent ticks are still active.Delayed market data is available.XSP Mini-SPX Index/TOP/ALL
[2026-07-13T13:47:02.124Z] [fly] error code=10090 reqId=905718: Part of requested market data is not subscribed. Subscription-independent ticks are still active.Delayed market data is available.XSP Mini-SPX Index/TOP/ALL
[2026-07-13T13:47:02.124Z] IBKR [10090]: Part of requested market data is not subscribed. Subscription-independent ticks are still active.Delayed market data is available.XSP Mini-SPX Index/TOP/ALL
[2026-07-13T13:47:02.124Z] [fly] error code=10090 reqId=905720: Part of requested market data is not subscribed. Subscription-independent ticks are still active.Delayed market data is available.XSP Mini-SPX Index/TOP/ALL
[2026-07-13T13:47:02.124Z] IBKR [10090]: Part of requested market data is not subscribed. Subscription-independent ticks are still active.Delayed market data is available.XSP Mini-SPX Index/TOP/ALL
[2026-07-13T13:47:02.124Z] [fly] error code=10090 reqId=905720: Part of requested market data is not subscribed. Subscription-independent ticks are still active.Delayed market data is available.XSP Mini-SPX Index/TOP/ALL
[2026-07-13T13:47:02.125Z] IBKR [10090]: Part of requested market data is not subscribed. Subscription-independent ticks are still active.Delayed market data is available.XSP Mini-SPX Index/TOP/ALL
[2026-07-13T13:47:02.125Z] [fly] error code=10090 reqId=905719: Part of requested market data is not subscribed. Subscription-independent ticks are still active.Delayed market data is available.XSP Mini-SPX Index/TOP/ALL
[2026-07-13T13:47:02.125Z] IBKR [10090]: Part of requested market data is not subscribed. Subscription-independent ticks are still active.Delayed market data is available.XSP Mini-SPX Index/TOP/ALL
[2026-07-13T13:47:02.125Z] [fly] error code=10090 reqId=905721: Part of requested market data is not subscribed. Subscription-independent ticks are still active.Delayed market data is available.XSP Mini-SPX Index/TOP/ALL
[2026-07-13T13:47:08.858Z] [fly] mids SC=1.6600000000000001 LC=null SP=1.105 LP=0.035
[2026-07-13T13:47:08.859Z] [fly] result: {"ok":false,"error":"missing quotes — cannot price (market open? data perms?)"}
[2026-07-13T13:47:10.601Z] [fly] /place_test_fly XSP c755 w14 x1 (acct DUN460366) model-priced cc=9.99 pc=9.99
[2026-07-13T13:47:10.874Z] [fly] XSP legs resolved: SHORT_CALL=891281390 LONG_CALL=892696099 SHORT_PUT=891283255 LONG_PUT=892696168
[2026-07-13T13:47:10.875Z] [fly] MODEL-PRICED call=$9.99 put=$9.99 (snapshots skipped)
[2026-07-13T13:47:10.875Z] [fly] XSP call-credit $9.99  put-credit $9.99  total $19.98
[2026-07-13T13:47:10.875Z] [fly] SUBMIT XSP CALL vertical id=1 SELL @ $9.99 x1
[2026-07-13T13:47:10.877Z] [fly] SUBMIT XSP PUT  vertical id=2 SELL @ $9.99 x1
[2026-07-13T13:47:35.879Z] [fly] no fills in 25s — cancelling both (model call $9.99 / put $9.99 did not cross)
[2026-07-13T13:47:35.880Z] [fly] result: {"symbol":"XSP","center":755,"wing":14,"contracts":1,"account":"DUN460366","expiry":"20260713","callCredit":9.99,"putCredit":9.99,"fills":{"CALL":null,"PUT":null,"FLATTEN":null},"real_fill_credit":null,"real_fill_dollars":null,"ok":false,"note":"no fills — both orders cancelled; model credits did not cross, shade and retry"}
[2026-07-13T13:47:35.980Z] IBKR [202]: Order Canceled - reason:
[2026-07-13T13:47:36.034Z] IBKR [202]: Order Canceled - reason:
[2026-07-13T14:00:07.365Z] Signal received: buy MSFT call @ 387.33
[2026-07-13T14:00:07.366Z] Queued MSFT — queue length: 1
[2026-07-13T14:00:07.366Z] Processing MSFT C...
[2026-07-13T14:00:07.367Z] getConId: requesting contract details for MSFT, reqId 6992
[2026-07-13T14:00:07.516Z] Signal received: buy AAPL call @ 321.22
[2026-07-13T14:00:07.517Z] Queued AAPL — queue length: 1
[2026-07-13T14:00:07.545Z] ConId for MSFT: 272093
[2026-07-13T14:00:08.309Z] getExpirations: skipping alternate trading class "2MSFT" for MSFT
[2026-07-13T14:00:08.352Z] Order placed: MSFT C strike:385 exp:20260713
[2026-07-13T14:00:09.678Z] Fill @ $5.4 → TP:$9.80 SL:$0.50
[2026-07-13T14:00:09.680Z] Tracking MSFT_C_385_20260713 for trailing stop (entry $5.4, underlying 387.33)
[2026-07-13T14:00:11.353Z] Processing AAPL C...
[2026-07-13T14:00:11.354Z] getConId: requesting contract details for AAPL, reqId 7037
[2026-07-13T14:00:11.500Z] ConId for AAPL: 265598
[2026-07-13T14:00:11.977Z] Order placed: AAPL C strike:320 exp:20260713
[2026-07-13T14:00:12.173Z] Fill @ $3.05 → TP:$5.70 SL:$0.30
[2026-07-13T14:00:12.176Z] Tracking AAPL_C_320_20260713 for trailing stop (entry $3.05, underlying 321.22)
[2026-07-13T14:00:20.659Z] Signal received: buy META call @ 664.38
[2026-07-13T14:00:20.660Z] Queued META — queue length: 1
[2026-07-13T14:00:20.660Z] Processing META C...
[2026-07-13T14:00:20.660Z] getConId: requesting contract details for META, reqId 3440
[2026-07-13T14:00:20.806Z] ConId for META: 107113386
[2026-07-13T14:00:21.730Z] Order placed: META C strike:665 exp:20260713
[2026-07-13T14:00:21.926Z] Fill @ $12.1 → TP:$54.80 SL:$1.20
[2026-07-13T14:00:21.927Z] Tracking META_C_665_20260713 for trailing stop (entry $12.1, underlying 664.38)
[2026-07-13T14:00:22.153Z] Signal received: buy IWM put @ 295.35
[2026-07-13T14:00:22.154Z] Queued IWM — queue length: 1
[2026-07-13T14:00:24.730Z] Processing IWM P...
[2026-07-13T14:00:24.730Z] getConId: requesting contract details for IWM, reqId 3108
[2026-07-13T14:00:24.874Z] ConId for IWM: 9579970
[2026-07-13T14:00:25.514Z] Order placed: IWM P strike:295 exp:20260713
[2026-07-13T14:00:25.692Z] Fill @ $0.83 → TP:$1.90 SL:$0.10
[2026-07-13T14:00:25.693Z] Tracking IWM_P_295_20260713 for trailing stop (entry $0.83, underlying 295.35)
[2026-07-13T14:00:28.713Z] Signal received: buy META put @ 664.38
[2026-07-13T14:00:28.713Z] Queued META — queue length: 1
[2026-07-13T14:00:28.714Z] SKIP: already holding META (META_C_665_20260713) -- one position per ticker
[2026-07-13T14:02:32.277Z] Trail ARMED IWM_P_295_20260713 at +28% premium (peak $1.06)
[2026-07-13T14:03:21.845Z] Trail HIT IWM_P_295_20260713: $1.04 <= trail $1.05 (peak $1.19) — closing
[2026-07-13T14:03:21.884Z] IBKR [202]: Order Canceled - reason:
[2026-07-13T14:03:21.885Z] IBKR [10148]: OrderId 14 that needs to be cancelled cannot be cancelled, state: Cancelled.
[2026-07-13T14:03:21.928Z] IBKR [202]: Order Canceled - reason:
[2026-07-13T14:03:22.085Z] IBKR [300]: Can't find EId with tickerId:0
[2026-07-13T14:13:15.022Z] [fly] /place_test_fly SPY c756 w13 x1 (acct DUN460366)
[2026-07-13T14:13:15.314Z] [fly] SPY legs resolved: SHORT_CALL=897206063 LONG_CALL=897206485 SHORT_PUT=897210115 LONG_PUT=897209820
[2026-07-13T14:13:23.315Z] [fly] mids SC=0.185 LC=null SP=3.07 LP=0.055
[2026-07-13T14:13:23.316Z] [fly] result: {"ok":false,"error":"missing quotes — cannot price (market open? data perms?)"}
[2026-07-13T14:14:55.521Z] [fly] /place_test_fly SPY c753 w10 x1 (acct DUN460366)
[2026-07-13T14:14:55.698Z] [fly] SPY legs resolved: SHORT_CALL=897205986 LONG_CALL=897206304 SHORT_PUT=897210044 LONG_PUT=897209820
[2026-07-13T14:14:56.216Z] [fly] mids SC=1.255 LC=0.015 SP=1.0150000000000001 LP=0.055
[2026-07-13T14:14:56.217Z] [fly] SPY call-credit $1.24  put-credit $0.96  total $2.2
[2026-07-13T14:14:56.217Z] [fly] SUBMIT SPY CALL vertical id=16 SELL @ $1.24 x1
[2026-07-13T14:14:56.217Z] [fly] SUBMIT SPY PUT  vertical id=17 SELL @ $0.96 x1
[2026-07-13T14:14:58.043Z] [fly] CALL vertical FILLED @ $-1.33
[2026-07-13T14:14:58.061Z] [fly] PUT vertical FILLED @ $-0.98
[2026-07-13T14:15:01.297Z] Signal received: buy MSFT put @ 385.89
[2026-07-13T14:15:01.298Z] Queued MSFT — queue length: 1
[2026-07-13T14:15:01.298Z] SKIP: already holding MSFT (MSFT_C_385_20260713) -- one position per ticker
[2026-07-13T14:15:03.489Z] Signal received: buy IWM put @ 294.46
[2026-07-13T14:15:03.490Z] Queued IWM — queue length: 1
[2026-07-13T14:15:03.491Z] Processing IWM P...
[2026-07-13T14:15:03.491Z] getConId: requesting contract details for IWM, reqId 4248
[2026-07-13T14:15:03.529Z] ConId for IWM: 9579970
[2026-07-13T14:15:03.904Z] Order placed: IWM P strike:295 exp:20260713
[2026-07-13T14:15:04.053Z] Fill @ $0.64 → TP:$1.45 SL:$0.05
[2026-07-13T14:15:04.054Z] Tracking IWM_P_295_20260713 for trailing stop (entry $0.64, underlying 294.46)
[2026-07-13T14:15:06.273Z] Trail ARMED IWM_P_295_20260713 at +58% premium (peak $1.01)
[2026-07-13T14:15:21.220Z] [fly] result: {"symbol":"SPY","center":753,"wing":10,"contracts":1,"account":"DUN460366","expiry":"20260713","callCredit":1.24,"putCredit":0.96,"fills":{"CALL":1.33,"PUT":0.98,"FLATTEN":null},"real_fill_credit":2.31,"real_fill_dollars":231,"ok":true,"note":"both verticals filled — iron fly complete"}
[2026-07-13T14:16:33.423Z] Trail HIT IWM_P_295_20260713: $1.01 <= trail $1.01 (peak $1.15) — closing
[2026-07-13T14:16:33.460Z] IBKR [202]: Order Canceled - reason:
[2026-07-13T14:16:33.461Z] IBKR [10148]: OrderId 20 that needs to be cancelled cannot be cancelled, state: Cancelled.
[2026-07-13T14:16:33.502Z] IBKR [202]: Order Canceled - reason:
[2026-07-13T14:16:33.661Z] IBKR [300]: Can't find EId with tickerId:0
[2026-07-13T14:25:20.909Z] IBKR [10197]: No market data during competing live session
[2026-07-13T14:25:20.909Z] IBKR [10197]: No market data during competing live session
[2026-07-13T14:25:20.910Z] IBKR [10197]: No market data during competing live session
[2026-07-13T14:25:50.905Z] IBKR [10197]: No market data during competing live session
[2026-07-13T14:25:50.905Z] IBKR [10197]: No market data during competing live session
[2026-07-13T14:25:50.906Z] IBKR [10197]: No market data during competing live session
[2026-07-13T14:26:20.905Z] IBKR [10197]: No market data during competing live session
[2026-07-13T14:26:20.905Z] IBKR [10197]: No market data during competing live session
[2026-07-13T14:26:20.905Z] IBKR [10197]: No market data during competing live session
[2026-07-13T14:30:04.009Z] Signal received: buy AAPL call @ 320.23
[2026-07-13T14:30:04.010Z] Queued AAPL — queue length: 1
[2026-07-13T14:30:04.010Z] SKIP: already holding AAPL (AAPL_C_320_20260713) -- one position per ticker
[2026-07-13T14:30:06.303Z] Signal received: buy SPY call @ 753.07
[2026-07-13T14:30:06.304Z] Queued SPY — queue length: 1
[2026-07-13T14:30:06.304Z] Processing SPY C...
[2026-07-13T14:30:06.304Z] getConId: requesting contract details for SPY, reqId 6720
[2026-07-13T14:30:06.400Z] Signal received: buy IWM put @ 294.92
[2026-07-13T14:30:06.401Z] Queued IWM — queue length: 1
[2026-07-13T14:30:06.448Z] ConId for SPY: 756733
[2026-07-13T14:30:08.196Z] Order placed: SPY C strike:755 exp:20260713
[2026-07-13T14:30:08.382Z] Fill @ $0.4 → TP:$0.90 SL:$0.05
[2026-07-13T14:30:08.384Z] Tracking SPY_C_755_20260713 for trailing stop (entry $0.4, underlying 753.07)
[2026-07-13T14:30:11.196Z] Processing IWM P...
[2026-07-13T14:30:11.197Z] getConId: requesting contract details for IWM, reqId 1818
[2026-07-13T14:30:11.235Z] ConId for IWM: 9579970
[2026-07-13T14:30:11.696Z] Order placed: IWM P strike:295 exp:20260713
[2026-07-13T14:30:11.838Z] Fill @ $1.03 → TP:$2.35 SL:$0.10
[2026-07-13T14:30:11.840Z] Tracking IWM_P_295_20260713 for trailing stop (entry $1.03, underlying 294.92)
[2026-07-13T14:30:13.437Z] IBKR [10197]: No market data during competing live session
[2026-07-13T14:30:13.437Z] IBKR [10197]: No market data during competing live session
[2026-07-13T14:30:13.438Z] IBKR [10197]: No market data during competing live session
[2026-07-13T15:00:08.130Z] Signal received: buy MSFT call @ 389.47
[2026-07-13T15:00:08.131Z] Queued MSFT — queue length: 1
[2026-07-13T15:00:08.131Z] SKIP: already holding MSFT (MSFT_C_385_20260713) -- one position per ticker
[2026-07-13T15:00:11.526Z] Time-stop HIT MSFT_C_385_20260713: un-armed after 60.0min — closing at market
[2026-07-13T15:00:11.566Z] IBKR [202]: Order Canceled - reason:
[2026-07-13T15:00:11.607Z] IBKR [202]: Order Canceled - reason:
[2026-07-13T15:00:11.839Z] IBKR [300]: Can't find EId with tickerId:0
[2026-07-13T15:00:16.527Z] Time-stop HIT AAPL_C_320_20260713: un-armed after 60.1min — closing at market
[2026-07-13T15:00:16.565Z] IBKR [202]: Order Canceled - reason:
[2026-07-13T15:00:16.566Z] IBKR [10148]: OrderId 8 that needs to be cancelled cannot be cancelled, state: Cancelled.
[2026-07-13T15:00:16.607Z] IBKR [202]: Order Canceled - reason:
[2026-07-13T15:00:16.865Z] IBKR [300]: Can't find EId with tickerId:0
[2026-07-13T15:00:26.527Z] Time-stop HIT META_C_665_20260713: un-armed after 60.1min — closing at market
[2026-07-13T15:00:26.565Z] IBKR [202]: Order Canceled - reason:
[2026-07-13T15:00:26.566Z] IBKR [10148]: OrderId 11 that needs to be cancelled cannot be cancelled, state: Cancelled.
[2026-07-13T15:00:26.608Z] IBKR [202]: Order Canceled - reason:
[2026-07-13T15:00:26.768Z] IBKR [300]: Can't find EId with tickerId:0
[2026-07-13T15:15:06.441Z] Signal received: buy QQQ put @ 717.04
[2026-07-13T15:15:06.442Z] Queued QQQ — queue length: 1
[2026-07-13T15:15:06.442Z] Processing QQQ P...
[2026-07-13T15:15:06.442Z] getConId: requesting contract details for QQQ, reqId 4856
[2026-07-13T15:15:06.584Z] ConId for QQQ: 320227571
[2026-07-13T15:15:08.867Z] Order placed: QQQ P strike:715 exp:20260713
[2026-07-13T15:15:09.083Z] Fill @ $0.74 → TP:$1.70 SL:$0.05
[2026-07-13T15:15:09.084Z] Tracking QQQ_P_715_20260713 for trailing stop (entry $0.74, underlying 717.04)
[2026-07-13T15:15:11.573Z] Signal received: buy AMZN put @ 248.35
[2026-07-13T15:15:11.574Z] Queued AMZN — queue length: 1
[2026-07-13T15:15:11.748Z] Trail ARMED QQQ_P_715_20260713 at +26% premium (peak $0.93)
[2026-07-13T15:15:11.868Z] Processing AMZN P...
[2026-07-13T15:15:11.868Z] getConId: requesting contract details for AMZN, reqId 4530
[2026-07-13T15:15:12.017Z] ConId for AMZN: 3691937
[2026-07-13T15:15:12.381Z] Signal received: buy AMZN call @ 248.35
[2026-07-13T15:15:12.382Z] Queued AMZN — queue length: 1
[2026-07-13T15:15:12.456Z] getExpirations: skipping alternate trading class "2AMZN" for AMZN
[2026-07-13T15:15:12.458Z] Order placed: AMZN P strike:250 exp:20260713
[2026-07-13T15:15:12.643Z] Fill @ $2.14 → TP:$6.40 SL:$0.20
[2026-07-13T15:15:12.644Z] Tracking AMZN_P_250_20260713 for trailing stop (entry $2.14, underlying 248.35)
[2026-07-13T15:15:15.459Z] SKIP: already holding AMZN (AMZN_P_250_20260713) -- one position per ticker
[2026-07-13T15:16:35.008Z] Trail HIT QQQ_P_715_20260713: $0.91 <= trail $0.92 (peak $1.04) — closing
[2026-07-13T15:16:35.051Z] IBKR [202]: Order Canceled - reason:
[2026-07-13T15:16:35.065Z] IBKR [202]: Order Canceled - reason:
[2026-07-13T15:16:35.310Z] IBKR [300]: Can't find EId with tickerId:0
[2026-07-13T15:30:11.709Z] Time-stop HIT SPY_C_755_20260713: un-armed after 60.1min — closing at market
[2026-07-13T15:30:11.749Z] IBKR [202]: Order Canceled - reason:
[2026-07-13T15:30:11.750Z] IBKR [10148]: OrderId 24 that needs to be cancelled cannot be cancelled, state: Cancelled.
[2026-07-13T15:30:11.791Z] IBKR [202]: Order Canceled - reason:
[2026-07-13T15:30:12.049Z] IBKR [300]: Can't find EId with tickerId:0
[2026-07-13T15:30:15.293Z] Signal received: buy QQQ put @ 717.61
[2026-07-13T15:30:15.293Z] Queued QQQ — queue length: 1
[2026-07-13T15:30:15.294Z] Processing QQQ P...
[2026-07-13T15:30:15.294Z] getConId: requesting contract details for QQQ, reqId 2022
[2026-07-13T15:30:15.334Z] ConId for QQQ: 320227571
[2026-07-13T15:30:16.711Z] Time-stop HIT IWM_P_295_20260713: un-armed after 60.1min — closing at market
[2026-07-13T15:30:16.784Z] IBKR [202]: Order Canceled - reason:
[2026-07-13T15:30:16.802Z] IBKR [202]: Order Canceled - reason:
[2026-07-13T15:30:16.847Z] IBKR [10148]: OrderId 27 that needs to be cancelled cannot be cancelled, state: Cancelled.
[2026-07-13T15:30:16.963Z] Order placed: QQQ P strike:720 exp:20260713
[2026-07-13T15:30:17.147Z] IBKR [300]: Can't find EId with tickerId:0
[2026-07-13T15:30:17.645Z] Fill @ $3.45 → TP:$7.90 SL:$0.30
[2026-07-13T15:30:17.646Z] Tracking QQQ_P_720_20260713 for trailing stop (entry $3.45, underlying 717.61)
[2026-07-13T15:45:08.265Z] Signal received: buy QQQ put @ 716.37
[2026-07-13T15:45:08.266Z] Queued QQQ — queue length: 1
[2026-07-13T15:45:08.266Z] SKIP: already holding QQQ (QQQ_P_720_20260713) -- one position per ticker
[2026-07-13T15:45:21.898Z] Trail ARMED QQQ_P_720_20260713 at +25% premium (peak $4.32)
[2026-07-13T15:50:06.130Z] Trail HIT QQQ_P_720_20260713: $4.13 <= trail $4.15 (peak $4.72) — closing
[2026-07-13T15:50:06.167Z] IBKR [202]: Order Canceled - reason:
[2026-07-13T15:50:06.168Z] IBKR [10148]: OrderId 42 that needs to be cancelled cannot be cancelled, state: Cancelled.
[2026-07-13T15:50:06.209Z] IBKR [202]: Order Canceled - reason:
[2026-07-13T15:50:06.468Z] IBKR [300]: Can't find EId with tickerId:0
[2026-07-13T16:09:50.959Z] Server on http://localhost:3000
[2026-07-13T16:09:50.962Z] TP: +100% | SL: -30% | DTE: 0-3
[2026-07-13T16:09:50.962Z] EOD-flatten: ON @1550 ET | Trail: ON arm prem+25% trail12% | Time-stop: ON 15min | MFE-log: ON
[2026-07-13T16:11:54.055Z] Server on http://localhost:3000
[2026-07-13T16:11:54.057Z] TP: +100% | SL: -30% | DTE: 0-3
[2026-07-13T16:11:54.057Z] EOD-flatten: ON @1550 ET | Trail: ON arm prem+10% trail15% | Time-stop: ON 15min | MFE-log: ON
[2026-07-13T17:30:04.545Z] Signal received: buy SPY put @ 749.80
[2026-07-13T17:30:04.550Z] Skipped: not connected to TWS
[2026-07-13T20:41:23.865Z] TWS unavailable (connection dropped) — retrying in 15s
[2026-07-13T20:41:38.873Z] Connected to TWS
[2026-07-13T23:59:00.815Z] TWS unavailable (connection dropped) — retrying in 15s
[2026-07-13T23:59:15.892Z] Connected to TWS
[2026-07-14T05:00:01.867Z] TWS unavailable (connection dropped) — retrying in 15s
[2026-07-14T05:00:16.944Z] Connected to TWS
[2026-07-14T05:01:03.291Z] Server on http://localhost:3000
[2026-07-14T05:01:03.294Z] TP: +100% | SL: -30% | DTE: 0-3
[2026-07-14T05:01:03.294Z] EOD-flatten: ON @1550 ET | Trail: ON arm prem+10% trail15% | Time-stop: ON 15min | MFE-log: ON
[2026-07-14T05:01:03.308Z] Connected to TWS
[2026-07-14T14:00:13.509Z] Signal received: buy META call @ 660.96
[2026-07-14T14:00:13.513Z] Queued META — queue length: 1
[2026-07-14T14:00:13.514Z] Processing META C...
[2026-07-14T14:00:13.514Z] getConId: requesting contract details for META, reqId 2971
[2026-07-14T14:00:13.742Z] ConId for META: 107113386
[2026-07-14T14:00:14.684Z] Order placed: META C strike:660 exp:20260715
[2026-07-14T14:00:15.316Z] Fill @ $8.5 → TP:$29.20 SL:$0.80
[2026-07-14T14:00:15.318Z] Tracking META_C_660_20260715 for trailing stop (entry $8.5, underlying 660.96)
[2026-07-14T14:00:17.153Z] Signal received: buy AVGO call @ 391.67
[2026-07-14T14:00:17.154Z] Queued AVGO — queue length: 1
[2026-07-14T14:00:17.685Z] Processing AVGO C...
[2026-07-14T14:00:17.685Z] getConId: requesting contract details for AVGO, reqId 5337
[2026-07-14T14:00:17.818Z] ConId for AVGO: 313130367
[2026-07-14T14:00:18.054Z] Signal received: buy QQQ put @ 719.47
[2026-07-14T14:00:18.056Z] Queued QQQ — queue length: 1
[2026-07-14T14:00:18.497Z] Order placed: AVGO C strike:390 exp:20260715
[2026-07-14T14:00:19.799Z] Fill @ $4 → TP:$21.10 SL:$0.40
[2026-07-14T14:00:19.800Z] Tracking AVGO_C_390_20260715 for trailing stop (entry $4, underlying 391.67)
[2026-07-14T14:00:21.190Z] Trail ARMED AVGO_C_390_20260715 at +57% premium (peak $6.3)
[2026-07-14T14:00:21.497Z] Processing QQQ P...
[2026-07-14T14:00:21.498Z] getConId: requesting contract details for QQQ, reqId 2851
[2026-07-14T14:00:21.672Z] ConId for QQQ: 320227571
[2026-07-14T14:00:23.632Z] Order placed: QQQ P strike:720 exp:20260714
[2026-07-14T14:00:23.875Z] Fill @ $3.14 → TP:$7.20 SL:$0.30
[2026-07-14T14:00:23.876Z] Tracking QQQ_P_720_20260714 for trailing stop (entry $3.14, underlying 719.47)
[2026-07-14T14:00:28.610Z] Trail ARMED META_C_660_20260715 at +11% premium (peak $9.4)
[2026-07-14T14:01:23.681Z] Trail HIT AVGO_C_390_20260715: $5.45 <= trail $5.52 (peak $6.5) — closing
[2026-07-14T14:01:23.754Z] IBKR [202]: Order Canceled - reason:
[2026-07-14T14:01:23.783Z] IBKR [202]: Order Canceled - reason:
[2026-07-14T14:01:24.024Z] IBKR [300]: Can't find EId with tickerId:0
[2026-07-14T14:02:05.863Z] Trail ARMED QQQ_P_720_20260714 at +10% premium (peak $3.46)
[2026-07-14T14:02:43.788Z] Trail HIT META_C_660_20260715: $7.75 <= trail $7.99 (peak $9.4) — closing
[2026-07-14T14:02:43.835Z] IBKR [202]: Order Canceled - reason:
[2026-07-14T14:02:43.876Z] IBKR [202]: Order Canceled - reason:
[2026-07-14T14:02:44.132Z] IBKR [300]: Can't find EId with tickerId:0
[2026-07-14T14:03:28.100Z] [fly] /place_test_fly XSP c755 w13 x1 (acct DUN460366)
[2026-07-14T14:03:28.469Z] [fly] XSP legs resolved: SHORT_CALL=889935067 LONG_CALL=897626751 SHORT_PUT=889936617 LONG_PUT=892880161
[2026-07-14T14:03:36.472Z] [fly] mids SC=0.715 LC=null SP=2.77 LP=0.060000000000000005
[2026-07-14T14:03:36.473Z] [fly] result: {"ok":false,"error":"missing quotes — cannot price (market open? data perms?)"}
[2026-07-14T14:03:53.411Z] Trail HIT QQQ_P_720_20260714: $3.38 <= trail $3.38 (peak $3.98) — closing
[2026-07-14T14:03:53.459Z] IBKR [202]: Order Canceled - reason:
[2026-07-14T14:03:53.499Z] IBKR [202]: Order Canceled - reason:
[2026-07-14T14:03:53.754Z] IBKR [300]: Can't find EId with tickerId:0
[2026-07-14T14:07:28.164Z] [fly] /place_test_fly XSP c752 w12 x1 (acct DUN460366)
[2026-07-14T14:07:28.505Z] [fly] XSP legs resolved: SHORT_CALL=892879724 LONG_CALL=892879879 SHORT_PUT=892880297 LONG_PUT=889936532
[2026-07-14T14:07:35.249Z] IBKR [10197]: No market data during competing live session
[2026-07-14T14:07:35.250Z] [fly] error code=10197 reqId=907306: No market data during competing live session
[2026-07-14T14:07:36.506Z] [fly] mids SC=2.1799999999999997 LC=null SP=1.19 LP=0.03
[2026-07-14T14:07:36.507Z] [fly] result: {"ok":false,"error":"missing quotes — cannot price (market open? data perms?)"}
[2026-07-14T14:09:19.414Z] [fly] /place_test_fly XSP c753 w12 x1 (acct DUN460366)
[2026-07-14T14:09:19.744Z] [fly] XSP legs resolved: SHORT_CALL=892879751 LONG_CALL=889935106 SHORT_PUT=892880312 LONG_PUT=892880146
[2026-07-14T14:09:27.745Z] [fly] mids SC=1.385 LC=0.01 SP=1.82 LP=0.045
[2026-07-14T14:09:27.746Z] [fly] XSP call-credit $1.38  put-credit $1.78  total $3.16
[2026-07-14T14:09:27.746Z] [fly] SUBMIT XSP CALL vertical id=13 SELL @ $1.38 x1
[2026-07-14T14:09:27.747Z] [fly] SUBMIT XSP PUT  vertical id=14 SELL @ $1.78 x1
[2026-07-14T14:09:30.055Z] [fly] CALL vertical FILLED @ $-2.03
[2026-07-14T14:09:52.749Z] [fly] ORPHAN: CALL filled, PUT sitting — cancelling sitter, chasing @ $1.51 (85% of model)
[2026-07-14T14:09:52.815Z] IBKR [202]: Order Canceled - reason:
[2026-07-14T14:09:52.815Z] [fly] error code=202 reqId=14: Order Canceled - reason:
[2026-07-14T14:09:54.251Z] [fly] CHASE XSP PUT vertical id=15 SELL @ $1.51 x1
[2026-07-14T14:10:06.750Z] [fly] chase failed — FLATTEN CALL vertical id=16 BUY back @ $3.04 (sold @ $2.03)
[2026-07-14T14:10:06.817Z] IBKR [202]: Order Canceled - reason:
[2026-07-14T14:10:06.817Z] [fly] error code=202 reqId=15: Order Canceled - reason:
[2026-07-14T14:10:18.752Z] [fly] *** ORPHAN UNRESOLVED: CALL vertical OPEN, flatten CANCELLED (no zombie) — external cleanup required ***
[2026-07-14T14:10:18.752Z] [fly] result: {"symbol":"XSP","center":753,"wing":12,"contracts":1,"account":"DUN460366","expiry":"20260714","callCredit":1.38,"putCredit":1.78,"fills":{"CALL":2.03,"PUT":null,"FLATTEN":null},"real_fill_credit":null,"real_fill_dollars":null,"ok":false,"orphan_unresolved":true,"note":"ORPHAN UNRESOLVED — CALL vertical open; flatten cancelled, nothing left working. External cleanup required."}
[2026-07-14T14:10:18.817Z] IBKR [202]: Order Canceled - reason:
[2026-07-14T14:15:05.843Z] Signal received: buy SPY put @ 750.41
[2026-07-14T14:15:05.844Z] Queued SPY — queue length: 1
[2026-07-14T14:15:05.844Z] Processing SPY P...
[2026-07-14T14:15:05.844Z] getConId: requesting contract details for SPY, reqId 2138
[2026-07-14T14:15:06.020Z] ConId for SPY: 756733
[2026-07-14T14:15:07.738Z] Order placed: SPY P strike:750 exp:20260714
[2026-07-14T14:15:07.956Z] Fill @ $1.03 → TP:$2.35 SL:$0.10
[2026-07-14T14:15:07.961Z] Tracking SPY_P_750_20260714 for trailing stop (entry $1.03, underlying 750.41)
[2026-07-14T14:15:11.290Z] Trail ARMED SPY_P_750_20260714 at +51% premium (peak $1.56)
[2026-07-14T14:16:48.481Z] Trail HIT SPY_P_750_20260714: $2.08 <= trail $2.09 (peak $2.46) — closing
[2026-07-14T14:16:48.527Z] IBKR [202]: Order Canceled - reason:
[2026-07-14T14:16:48.568Z] IBKR [202]: Order Canceled - reason:
[2026-07-14T14:16:48.582Z] IBKR [10148]: OrderId 19 that needs to be cancelled cannot be cancelled, state: Cancelled.
[2026-07-14T14:16:48.882Z] IBKR [300]: Can't find EId with tickerId:0
[2026-07-14T14:19:15.335Z] TWS unavailable (connection dropped) — retrying in 15s
[2026-07-14T14:19:30.344Z] Connected to TWS
[2026-07-14T14:28:01.400Z] Server on http://localhost:3000
[2026-07-14T14:28:01.402Z] TP: +100% | SL: -30% | DTE: 0-3
[2026-07-14T14:28:01.403Z] EOD-flatten: ON @1550 ET | Trail: ON arm prem+10% trail15% | Time-stop: ON 15min | MFE-log: ON
[2026-07-14T14:28:01.419Z] Connected to TWS
[2026-07-14T14:30:03.220Z] Signal received: buy SPY put @ 750.70
[2026-07-14T14:30:03.225Z] Queued SPY — queue length: 1
[2026-07-14T14:30:03.226Z] Processing SPY P...
[2026-07-14T14:30:03.227Z] getConId: requesting contract details for SPY, reqId 3086
[2026-07-14T14:30:03.626Z] ConId for SPY: 756733
[2026-07-14T14:30:05.155Z] Signal received: buy SPY call @ 750.70
[2026-07-14T14:30:05.156Z] Queued SPY — queue length: 1
[2026-07-14T14:30:05.512Z] Order placed: SPY P strike:750 exp:20260714
[2026-07-14T14:30:05.672Z] Fill @ $1.35 → TP:$3.10 SL:$0.15
[2026-07-14T14:30:05.673Z] Tracking SPY_P_750_20260714 for trailing stop (entry $1.35, underlying 750.7)
[2026-07-14T14:30:08.514Z] SKIP: already holding SPY (SPY_P_750_20260714) -- one position per ticker
[2026-07-14T14:45:02.202Z] Signal received: buy SPY put @ 751.12
[2026-07-14T14:45:02.203Z] Queued SPY — queue length: 1
[2026-07-14T14:45:02.203Z] SKIP: already holding SPY (SPY_P_750_20260714) -- one position per ticker
[2026-07-14T14:45:03.656Z] Signal received: buy SPY call @ 751.12
[2026-07-14T14:45:03.657Z] Queued SPY — queue length: 1
[2026-07-14T14:45:03.657Z] SKIP: already holding SPY (SPY_P_750_20260714) -- one position per ticker
[2026-07-14T14:45:06.506Z] Time-stop HIT SPY_P_750_20260714: un-armed after 15.0min — closing at market
[2026-07-14T14:45:06.576Z] IBKR [202]: Order Canceled - reason:
[2026-07-14T14:45:06.605Z] IBKR [202]: Order Canceled - reason:
[2026-07-14T14:45:06.608Z] IBKR [10148]: OrderId 3 that needs to be cancelled cannot be cancelled, state: Cancelled.
[2026-07-14T14:45:06.909Z] IBKR [300]: Can't find EId with tickerId:0
[2026-07-14T15:00:03.187Z] Signal received: buy QQQ call @ 719.35
[2026-07-14T15:00:03.188Z] Queued QQQ — queue length: 1
[2026-07-14T15:00:03.189Z] Processing QQQ C...
[2026-07-14T15:00:03.189Z] getConId: requesting contract details for QQQ, reqId 2480
[2026-07-14T15:00:03.381Z] ConId for QQQ: 320227571
[2026-07-14T15:00:05.349Z] Order placed: QQQ C strike:720 exp:20260714
[2026-07-14T15:00:05.556Z] Fill @ $1.2 → TP:$2.75 SL:$0.10
[2026-07-14T15:00:05.557Z] Tracking QQQ_C_720_20260714 for trailing stop (entry $1.2, underlying 719.35)
[2026-07-14T15:00:06.625Z] Trail ARMED QQQ_C_720_20260714 at +40% premium (peak $1.68)
[2026-07-14T15:02:26.244Z] Trail HIT QQQ_C_720_20260714: $1.43 <= trail $1.44 (peak $1.69) — closing
[2026-07-14T15:02:26.296Z] IBKR [202]: Order Canceled - reason:
[2026-07-14T15:02:26.335Z] IBKR [202]: Order Canceled - reason:
[2026-07-14T15:02:26.345Z] IBKR [10148]: OrderId 7 that needs to be cancelled cannot be cancelled, state: Cancelled.
[2026-07-14T15:02:26.645Z] IBKR [300]: Can't find EId with tickerId:0
[2026-07-14T15:15:07.872Z] Signal received: buy TSLA call @ 400.52
[2026-07-14T15:15:07.873Z] Queued TSLA — queue length: 1
[2026-07-14T15:15:07.874Z] Processing TSLA C...
[2026-07-14T15:15:07.874Z] getConId: requesting contract details for TSLA, reqId 6646
[2026-07-14T15:15:08.054Z] ConId for TSLA: 76792991
[2026-07-14T15:15:08.751Z] getExpirations: skipping alternate trading class "2TSLA" for TSLA
[2026-07-14T15:15:08.794Z] Order placed: TSLA C strike:400 exp:20260715
[2026-07-14T15:15:09.088Z] Fill @ $3.95 → TP:$9.00 SL:$0.40
[2026-07-14T15:15:09.090Z] Tracking TSLA_C_400_20260715 for trailing stop (entry $3.95, underlying 400.52)
[2026-07-14T15:15:11.680Z] Trail ARMED TSLA_C_400_20260715 at +22% premium (peak $4.8)
[2026-07-14T15:15:11.848Z] Signal received: buy IWM call @ 295.02
[2026-07-14T15:15:11.849Z] Queued IWM — queue length: 1
[2026-07-14T15:15:11.849Z] Processing IWM C...
[2026-07-14T15:15:11.850Z] getConId: requesting contract details for IWM, reqId 5920
[2026-07-14T15:15:12.029Z] ConId for IWM: 9579970
[2026-07-14T15:15:12.763Z] Order placed: IWM C strike:295 exp:20260714
[2026-07-14T15:15:12.907Z] Fill @ $0.49 → TP:$1.10 SL:$0.05
[2026-07-14T15:15:12.909Z] Tracking IWM_C_295_20260714 for trailing stop (entry $0.49, underlying 295.02)
[2026-07-14T15:15:16.726Z] Trail ARMED IWM_C_295_20260714 at +20% premium (peak $0.59)
[2026-07-14T15:16:56.969Z] Trail HIT IWM_C_295_20260714: $0.54 <= trail $0.54 (peak $0.64) — closing
[2026-07-14T15:16:57.018Z] IBKR [202]: Order Canceled - reason:
[2026-07-14T15:16:57.059Z] IBKR [202]: Order Canceled - reason:
[2026-07-14T15:16:57.071Z] IBKR [10148]: OrderId 14 that needs to be cancelled cannot be cancelled, state: Cancelled.
[2026-07-14T15:16:57.371Z] IBKR [300]: Can't find EId with tickerId:0
[2026-07-14T15:20:00.157Z] Trail HIT TSLA_C_400_20260715: $4.1 <= trail $4.12 (peak $4.85) — closing
[2026-07-14T15:20:00.218Z] IBKR [202]: Order Canceled - reason:
[2026-07-14T15:20:00.227Z] IBKR [202]: Order Canceled - reason:
[2026-07-14T15:20:00.478Z] IBKR [300]: Can't find EId with tickerId:0
[2026-07-14T15:45:08.787Z] Signal received: buy SPY call @ 751.58
[2026-07-14T15:45:08.788Z] Queued SPY — queue length: 1
[2026-07-14T15:45:08.788Z] Processing SPY C...
[2026-07-14T15:45:08.788Z] getConId: requesting contract details for SPY, reqId 8299
[2026-07-14T15:45:08.839Z] ConId for SPY: 756733
[2026-07-14T15:45:09.849Z] Order placed: SPY C strike:750 exp:20260714
[2026-07-14T15:45:10.029Z] Fill @ $2.94 → TP:$6.70 SL:$0.30
[2026-07-14T15:45:10.031Z] Tracking SPY_C_750_20260714 for trailing stop (entry $2.94, underlying 751.58)
[2026-07-14T16:00:06.218Z] Signal received: buy IWM call @ 294.69
[2026-07-14T16:00:06.219Z] Queued IWM — queue length: 1
[2026-07-14T16:00:06.219Z] Processing IWM C...
[2026-07-14T16:00:06.220Z] getConId: requesting contract details for IWM, reqId 2992
[2026-07-14T16:00:06.270Z] ConId for IWM: 9579970
[2026-07-14T16:00:06.701Z] Order placed: IWM C strike:295 exp:20260714
[2026-07-14T16:00:06.893Z] Fill @ $0.37 → TP:$0.85 SL:$0.05
[2026-07-14T16:00:06.895Z] Tracking IWM_C_295_20260714 for trailing stop (entry $0.37, underlying 294.69)
[2026-07-14T16:00:11.834Z] Time-stop HIT SPY_C_750_20260714: un-armed after 15.0min — closing at market
[2026-07-14T16:00:11.924Z] IBKR [202]: Order Canceled - reason:
[2026-07-14T16:00:11.936Z] IBKR [10148]: OrderId 19 that needs to be cancelled cannot be cancelled, state: Cancelled.
[2026-07-14T16:00:11.942Z] IBKR [202]: Order Canceled - reason:
[2026-07-14T16:00:12.236Z] IBKR [300]: Can't find EId with tickerId:0
[2026-07-14T16:15:06.876Z] Signal received: buy IWM call @ 294.67
[2026-07-14T16:15:06.877Z] Queued IWM — queue length: 1
[2026-07-14T16:15:06.877Z] SKIP: already holding IWM (IWM_C_295_20260714) -- one position per ticker
[2026-07-14T16:15:06.922Z] Time-stop HIT IWM_C_295_20260714: un-armed after 15.0min — closing at market
[2026-07-14T16:15:06.970Z] IBKR [202]: Order Canceled - reason:
[2026-07-14T16:15:06.989Z] IBKR [202]: Order Canceled - reason:
[2026-07-14T16:15:07.264Z] IBKR [300]: Can't find EId with tickerId:0
[2026-07-14T16:45:11.008Z] Signal received: buy SPY call @ 751.45
[2026-07-14T16:45:11.009Z] Queued SPY — queue length: 1
[2026-07-14T16:45:11.010Z] Processing SPY C...
[2026-07-14T16:45:11.010Z] getConId: requesting contract details for SPY, reqId 4727
[2026-07-14T16:45:11.060Z] ConId for SPY: 756733
[2026-07-14T16:45:12.163Z] Order placed: SPY C strike:750 exp:20260714
[2026-07-14T16:45:12.301Z] Fill @ $1.51 → TP:$3.45 SL:$0.15
[2026-07-14T16:45:12.302Z] Tracking SPY_C_750_20260714 for trailing stop (entry $1.51, underlying 751.45)
[2026-07-14T16:45:17.147Z] Trail ARMED SPY_C_750_20260714 at +32% premium (peak $1.99)
[2026-07-14T16:46:05.259Z] Trail HIT SPY_C_750_20260714: $1.76 <= trail $1.77 (peak $2.08) — closing
[2026-07-14T16:46:05.307Z] IBKR [202]: Order Canceled - reason:
[2026-07-14T16:46:05.348Z] IBKR [202]: Order Canceled - reason:
[2026-07-14T16:46:05.360Z] IBKR [10148]: OrderId 27 that needs to be cancelled cannot be cancelled, state: Cancelled.
[2026-07-14T16:46:05.660Z] IBKR [300]: Can't find EId with tickerId:0
[2026-07-14T19:50:01.711Z] EOD-flatten trigger at 1550 ET
[2026-07-14T19:50:01.960Z] EOD-flatten: skipping FLY LEG conId 889935106 (XSP C 765)
[2026-07-14T19:50:01.962Z] EOD-flatten: no 0DTE option positions to close (exp 20260714)
[2026-07-14T19:57:01.718Z] EOD-flatten PASS 2 (catch-all) at 1557 ET
[2026-07-14T19:57:01.769Z] EOD-flatten: skipping FLY LEG conId 889935106 (XSP C 765)
[2026-07-14T19:57:01.770Z] EOD-flatten: no 0DTE option positions to close (exp 20260714)
[2026-07-14T23:59:01.029Z] TWS unavailable (connection dropped) — retrying in 15s
[2026-07-14T23:59:16.181Z] Connected to TWS
[2026-07-15T05:00:01.417Z] TWS unavailable (connection dropped) — retrying in 15s
[2026-07-15T05:00:16.427Z] Connected to TWS
[2026-07-15T05:01:03.153Z] Server on http://localhost:3000
[2026-07-15T05:01:03.155Z] TP: +100% | SL: -30% | DTE: 0-3
[2026-07-15T05:01:03.156Z] EOD-flatten: ON @1550 ET | Trail: ON arm prem+10% trail15% | Time-stop: ON 15min | MFE-log: ON
[2026-07-15T05:01:03.169Z] Connected to TWS
[2026-07-15T13:47:00.628Z] [fly] /place_test_fly XSP c756 w13 x1 (acct DUN460366)
[2026-07-15T13:47:01.015Z] [fly] XSP legs resolved: SHORT_CALL=893965630 LONG_CALL=897627150 SHORT_PUT=893966744 LONG_PUT=893966455
[2026-07-15T13:47:09.019Z] [fly] mids SC=1.45 LC=null SP=1.205 LP=0.03
[2026-07-15T13:47:09.021Z] [fly] result: {"ok":false,"error":"missing quotes — cannot price (market open? data perms?)"}
[2026-07-15T13:47:10.694Z] [fly] /place_test_fly XSP c756 w13 x1 (acct DUN460366) model-priced cc=9.99 pc=9.99
[2026-07-15T13:47:10.988Z] [fly] XSP legs resolved: SHORT_CALL=893965630 LONG_CALL=897627150 SHORT_PUT=893966744 LONG_PUT=893966455
[2026-07-15T13:47:10.989Z] [fly] MODEL-PRICED call=$9.99 put=$9.99 (snapshots skipped)
[2026-07-15T13:47:10.989Z] [fly] XSP call-credit $9.99  put-credit $9.99  total $19.98
[2026-07-15T13:47:10.990Z] [fly] SUBMIT XSP CALL vertical id=1 SELL @ $9.99 x1
[2026-07-15T13:47:10.996Z] [fly] SUBMIT XSP PUT  vertical id=2 SELL @ $9.99 x1
[2026-07-15T13:47:35.998Z] [fly] no fills in 25s — cancelling both (model call $9.99 / put $9.99 did not cross)
[2026-07-15T13:47:36.000Z] [fly] result: {"symbol":"XSP","center":756,"wing":13,"contracts":1,"account":"DUN460366","expiry":"20260715","callCredit":9.99,"putCredit":9.99,"fills":{"CALL":null,"PUT":null,"FLATTEN":null},"real_fill_credit":null,"real_fill_dollars":null,"ok":false,"note":"no fills — both orders cancelled; model credits did not cross, shade and retry"}
[2026-07-15T13:47:36.142Z] IBKR [202]: Order Canceled - reason:
[2026-07-15T13:47:36.206Z] IBKR [202]: Order Canceled - reason:
[2026-07-15T14:00:12.381Z] Signal received: buy AVGO call @ 397.76
[2026-07-15T14:00:12.382Z] Queued AVGO — queue length: 1
[2026-07-15T14:00:12.382Z] Processing AVGO C...
[2026-07-15T14:00:12.383Z] getConId: requesting contract details for AVGO, reqId 8554
[2026-07-15T14:00:12.609Z] ConId for AVGO: 313130367
[2026-07-15T14:00:13.493Z] Order placed: AVGO C strike:400 exp:20260715
[2026-07-15T14:00:14.879Z] Fill @ $1.94 → TP:$9.05 SL:$0.20
[2026-07-15T14:00:14.882Z] Tracking AVGO_C_400_20260715 for trailing stop (entry $1.94, underlying 397.76)
[2026-07-15T14:00:15.476Z] Signal received: buy AMZN call @ 252.30
[2026-07-15T14:00:15.477Z] Queued AMZN — queue length: 1
[2026-07-15T14:00:16.494Z] Processing AMZN C...
[2026-07-15T14:00:16.494Z] getConId: requesting contract details for AMZN, reqId 4488
[2026-07-15T14:00:16.627Z] ConId for AMZN: 3691937
[2026-07-15T14:00:17.025Z] getExpirations: skipping alternate trading class "2AMZN" for AMZN
[2026-07-15T14:00:17.066Z] Order placed: AMZN C strike:250 exp:20260715
[2026-07-15T14:00:18.317Z] Fill @ $1.84 → TP:$5.50 SL:$0.20
[2026-07-15T14:00:18.318Z] Tracking AMZN_C_250_20260715 for trailing stop (entry $1.84, underlying 252.3)
[2026-07-15T14:00:20.876Z] Trail ARMED AMZN_C_250_20260715 at +53% premium (peak $2.81)
[2026-07-15T14:00:30.577Z] Signal received: buy IWM call @ 295.75
[2026-07-15T14:00:30.577Z] Queued IWM — queue length: 1
[2026-07-15T14:00:30.578Z] Processing IWM C...
[2026-07-15T14:00:30.578Z] getConId: requesting contract details for IWM, reqId 6779
[2026-07-15T14:00:30.748Z] ConId for IWM: 9579970
[2026-07-15T14:00:31.453Z] Order placed: IWM C strike:295 exp:20260715
[2026-07-15T14:00:31.670Z] Fill @ $0.78 → TP:$1.80 SL:$0.10
[2026-07-15T14:00:31.672Z] Tracking IWM_C_295_20260715 for trailing stop (entry $0.78, underlying 295.75)
[2026-07-15T14:00:35.877Z] Trail ARMED IWM_C_295_20260715 at +62% premium (peak $1.26)
[2026-07-15T14:04:49.528Z] Trail HIT IWM_C_295_20260715: $1.33 <= trail $1.35 (peak $1.59) — closing
[2026-07-15T14:04:49.575Z] IBKR [202]: Order Canceled - reason:
[2026-07-15T14:04:49.615Z] IBKR [202]: Order Canceled - reason:
[2026-07-15T14:04:49.630Z] IBKR [10148]: OrderId 11 that needs to be cancelled cannot be cancelled, state: Cancelled.
[2026-07-15T14:04:49.929Z] IBKR [300]: Can't find EId with tickerId:0
[2026-07-15T14:05:48.271Z] Trail HIT AMZN_C_250_20260715: $3.45 <= trail $3.48 (peak $4.1) — closing
[2026-07-15T14:05:48.317Z] IBKR [202]: Order Canceled - reason:
[2026-07-15T14:05:48.358Z] IBKR [202]: Order Canceled - reason:
[2026-07-15T14:05:48.613Z] IBKR [300]: Can't find EId with tickerId:0
[2026-07-15T14:15:05.413Z] Signal received: buy AAPL call @ 324.78
[2026-07-15T14:15:05.414Z] Queued AAPL — queue length: 1
[2026-07-15T14:15:05.414Z] Processing AAPL C...
[2026-07-15T14:15:05.414Z] getConId: requesting contract details for AAPL, reqId 8500
[2026-07-15T14:15:05.554Z] ConId for AAPL: 265598
[2026-07-15T14:15:05.992Z] Order placed: AAPL C strike:325 exp:20260715
[2026-07-15T14:15:06.240Z] Fill @ $0.23 → TP:$0.45 SL:$0.05
[2026-07-15T14:15:06.242Z] Tracking AAPL_C_325_20260715 for trailing stop (entry $0.23, underlying 324.78)
[2026-07-15T14:15:10.951Z] Trail ARMED AAPL_C_325_20260715 at +496% premium (peak $1.37)
[2026-07-15T14:15:12.299Z] Signal received: buy SPY call @ 754.77
[2026-07-15T14:15:12.300Z] Queued SPY — queue length: 1
[2026-07-15T14:15:12.300Z] Processing SPY C...
[2026-07-15T14:15:12.301Z] getConId: requesting contract details for SPY, reqId 7067
[2026-07-15T14:15:12.472Z] ConId for SPY: 756733
[2026-07-15T14:15:14.059Z] Order placed: SPY C strike:755 exp:20260715
[2026-07-15T14:15:14.276Z] Fill @ $0.91 → TP:$2.05 SL:$0.10
[2026-07-15T14:15:14.276Z] Tracking SPY_C_755_20260715 for trailing stop (entry $0.91, underlying 754.77)
[2026-07-15T14:15:15.818Z] Signal received: buy IWM call @ 296.15
[2026-07-15T14:15:15.819Z] Queued IWM — queue length: 1
[2026-07-15T14:15:15.904Z] Time-stop HIT AVGO_C_400_20260715: un-armed after 15.0min — closing at market
[2026-07-15T14:15:15.950Z] Trail ARMED SPY_C_755_20260715 at +16% premium (peak $1.06)
[2026-07-15T14:15:15.992Z] IBKR [202]: Order Canceled - reason:
[2026-07-15T14:15:16.013Z] IBKR [202]: Order Canceled - reason:
[2026-07-15T14:15:16.047Z] IBKR [10148]: OrderId 5 that needs to be cancelled cannot be cancelled, state: Cancelled.
[2026-07-15T14:15:16.346Z] IBKR [300]: Can't find EId with tickerId:0
[2026-07-15T14:15:17.060Z] Processing IWM C...
[2026-07-15T14:15:17.060Z] getConId: requesting contract details for IWM, reqId 3283
[2026-07-15T14:15:17.134Z] ConId for IWM: 9579970
[2026-07-15T14:15:17.477Z] Order placed: IWM C strike:295 exp:20260715
[2026-07-15T14:15:17.607Z] Fill @ $1.15 → TP:$2.60 SL:$0.10
[2026-07-15T14:15:17.608Z] Tracking IWM_C_295_20260715 for trailing stop (entry $1.15, underlying 296.15)
[2026-07-15T14:15:21.030Z] Trail ARMED IWM_C_295_20260715 at +32% premium (peak $1.52)
[2026-07-15T14:18:05.224Z] Trail HIT IWM_C_295_20260715: $1.39 <= trail $1.40 (peak $1.65) — closing
[2026-07-15T14:18:05.270Z] IBKR [202]: Order Canceled - reason:
[2026-07-15T14:18:05.311Z] IBKR [202]: Order Canceled - reason:
[2026-07-15T14:18:05.326Z] IBKR [10148]: OrderId 23 that needs to be cancelled cannot be cancelled, state: Cancelled.
[2026-07-15T14:18:05.625Z] IBKR [300]: Can't find EId with tickerId:0
[2026-07-15T14:18:55.200Z] Trail HIT AAPL_C_325_20260715: $1.54 <= trail $1.60 (peak $1.88) — closing
[2026-07-15T14:18:55.249Z] IBKR [202]: Order Canceled - reason:
[2026-07-15T14:18:55.264Z] IBKR [202]: Order Canceled - reason:
[2026-07-15T14:18:55.508Z] IBKR [300]: Can't find EId with tickerId:0
[2026-07-15T14:20:07.104Z] Trail HIT SPY_C_755_20260715: $1.14 <= trail $1.15 (peak $1.35) — closing
[2026-07-15T14:20:07.150Z] IBKR [202]: Order Canceled - reason:
[2026-07-15T14:20:07.191Z] IBKR [202]: Order Canceled - reason:
[2026-07-15T14:20:07.446Z] IBKR [300]: Can't find EId with tickerId:0
[2026-07-15T14:30:04.386Z] Signal received: buy SPY call @ 754.62
[2026-07-15T14:30:04.387Z] Queued SPY — queue length: 1
[2026-07-15T14:30:04.388Z] Processing SPY C...
[2026-07-15T14:30:04.388Z] getConId: requesting contract details for SPY, reqId 5581
[2026-07-15T14:30:04.438Z] ConId for SPY: 756733
[2026-07-15T14:30:05.682Z] Order placed: SPY C strike:755 exp:20260715
[2026-07-15T14:30:05.816Z] Fill @ $0.95 → TP:$2.15 SL:$0.10
[2026-07-15T14:30:05.817Z] Tracking SPY_C_755_20260715 for trailing stop (entry $0.95, underlying 754.62)
[2026-07-15T14:30:06.448Z] Trail ARMED SPY_C_755_20260715 at +21% premium (peak $1.15)
[2026-07-15T14:30:06.529Z] Trail HIT SPY_C_755_20260715: $0.91 <= trail $0.98 (peak $1.15) — closing
[2026-07-15T14:30:06.575Z] IBKR [202]: Order Canceled - reason:
[2026-07-15T14:30:06.616Z] IBKR [202]: Order Canceled - reason:
[2026-07-15T14:30:06.871Z] IBKR [300]: Can't find EId with tickerId:0
[2026-07-15T14:30:07.197Z] Signal received: buy QQQ call @ 718.18
[2026-07-15T14:30:07.198Z] Queued QQQ — queue length: 1
[2026-07-15T14:30:08.683Z] Processing QQQ C...
[2026-07-15T14:30:08.683Z] getConId: requesting contract details for QQQ, reqId 4125
[2026-07-15T14:30:08.859Z] ConId for QQQ: 320227571
[2026-07-15T14:30:10.786Z] Order placed: QQQ C strike:720 exp:20260715
[2026-07-15T14:30:11.025Z] Fill @ $2.13 → TP:$4.85 SL:$0.20
[2026-07-15T14:30:11.026Z] Tracking QQQ_C_720_20260715 for trailing stop (entry $2.13, underlying 718.18)
[2026-07-15T14:30:13.269Z] Signal received: buy MSFT call @ 395.06
[2026-07-15T14:30:13.270Z] Queued MSFT — queue length: 1
[2026-07-15T14:30:13.786Z] Processing MSFT C...
[2026-07-15T14:30:13.787Z] getConId: requesting contract details for MSFT, reqId 5122
[2026-07-15T14:30:13.960Z] ConId for MSFT: 272093
[2026-07-15T14:30:14.513Z] getExpirations: skipping alternate trading class "2MSFT" for MSFT
[2026-07-15T14:30:14.515Z] Order placed: MSFT C strike:395 exp:20260715
[2026-07-15T14:30:14.857Z] Fill @ $1.7 → TP:$3.85 SL:$0.15
[2026-07-15T14:30:14.858Z] Tracking MSFT_C_395_20260715 for trailing stop (entry $1.7, underlying 395.06)
[2026-07-15T14:30:16.144Z] Trail ARMED MSFT_C_395_20260715 at +28% premium (peak $2.18)
[2026-07-15T14:30:21.855Z] Signal received: buy META call @ 671.35
[2026-07-15T14:30:21.856Z] Queued META — queue length: 1
[2026-07-15T14:30:21.856Z] Processing META C...
[2026-07-15T14:30:21.856Z] getConId: requesting contract details for META, reqId 2398
[2026-07-15T14:30:21.990Z] ConId for META: 107113386
[2026-07-15T14:30:22.796Z] Order placed: META C strike:670 exp:20260715
[2026-07-15T14:30:23.030Z] Signal received: buy IWM call @ 296.27
[2026-07-15T14:30:23.031Z] Queued IWM — queue length: 1
[2026-07-15T14:30:23.050Z] Fill @ $3.5 → TP:$12.40 SL:$0.30
[2026-07-15T14:30:23.051Z] Tracking META_C_670_20260715 for trailing stop (entry $3.5, underlying 671.35)
[2026-07-15T14:30:25.796Z] Processing IWM C...
[2026-07-15T14:30:25.797Z] getConId: requesting contract details for IWM, reqId 1363
[2026-07-15T14:30:25.844Z] ConId for IWM: 9579970
[2026-07-15T14:30:26.076Z] Trail ARMED META_C_670_20260715 at +63% premium (peak $5.7)
[2026-07-15T14:30:26.332Z] Order placed: IWM C strike:295 exp:20260715
[2026-07-15T14:30:26.466Z] Fill @ $1.46 → TP:$3.35 SL:$0.15
[2026-07-15T14:30:26.467Z] Tracking IWM_C_295_20260715 for trailing stop (entry $1.46, underlying 296.27)
[2026-07-15T14:30:31.177Z] Trail ARMED IWM_C_295_20260715 at +14% premium (peak $1.67)
[2026-07-15T14:30:59.408Z] Trail HIT META_C_670_20260715: $5.2 <= trail $5.23 (peak $6.15) — closing
[2026-07-15T14:30:59.454Z] IBKR [202]: Order Canceled - reason:
[2026-07-15T14:30:59.472Z] IBKR [202]: Order Canceled - reason:
[2026-07-15T14:30:59.509Z] IBKR [10148]: OrderId 39 that needs to be cancelled cannot be cancelled, state: Cancelled.
[2026-07-15T14:30:59.809Z] IBKR [300]: Can't find EId with tickerId:0
[2026-07-15T14:33:12.599Z] Trail HIT MSFT_C_395_20260715: $2.76 <= trail $2.76 (peak $3.25) — closing
[2026-07-15T14:33:12.647Z] IBKR [202]: Order Canceled - reason:
[2026-07-15T14:33:12.687Z] IBKR [202]: Order Canceled - reason:
[2026-07-15T14:33:12.941Z] IBKR [300]: Can't find EId with tickerId:0
[2026-07-15T14:36:57.552Z] Trail HIT IWM_C_295_20260715: $1.6 <= trail $1.61 (peak $1.89) — closing
[2026-07-15T14:36:57.597Z] IBKR [202]: Order Canceled - reason:
[2026-07-15T14:36:57.638Z] IBKR [202]: Order Canceled - reason:
[2026-07-15T14:36:57.895Z] IBKR [300]: Can't find EId with tickerId:0
[2026-07-15T14:45:08.653Z] Signal received: buy GOOGL call @ 367.10
[2026-07-15T14:45:08.654Z] Queued GOOGL — queue length: 1
[2026-07-15T14:45:08.654Z] Processing GOOGL C...
[2026-07-15T14:45:08.654Z] getConId: requesting contract details for GOOGL, reqId 5877
[2026-07-15T14:45:08.790Z] ConId for GOOGL: 208813719
[2026-07-15T14:45:09.439Z] getExpirations: skipping alternate trading class "2GOOGL" for GOOGL
[2026-07-15T14:45:09.439Z] getExpirations: skipping alternate trading class "2GOOGL" for GOOGL
[2026-07-15T14:45:09.441Z] Order placed: GOOGL C strike:365 exp:20260715
[2026-07-15T14:45:09.665Z] Fill @ $2.45 → TP:$7.10 SL:$0.25
[2026-07-15T14:45:09.666Z] Tracking GOOGL_C_365_20260715 for trailing stop (entry $2.45, underlying 367.1)
[2026-07-15T14:45:11.097Z] Time-stop HIT QQQ_C_720_20260715: un-armed after 15.0min — closing at market
[2026-07-15T14:45:11.181Z] Trail ARMED GOOGL_C_365_20260715 at +21% premium (peak $2.96)
[2026-07-15T14:45:11.185Z] IBKR [202]: Order Canceled - reason:
[2026-07-15T14:45:11.228Z] IBKR [202]: Order Canceled - reason:
[2026-07-15T14:45:11.238Z] IBKR [10148]: OrderId 33 that needs to be cancelled cannot be cancelled, state: Cancelled.
[2026-07-15T14:45:11.538Z] IBKR [300]: Can't find EId with tickerId:0
[2026-07-15T14:45:14.239Z] Signal received: buy IWM call @ 296.38
[2026-07-15T14:45:14.240Z] Queued IWM — queue length: 1
[2026-07-15T14:45:14.240Z] Processing IWM C...
[2026-07-15T14:45:14.241Z] getConId: requesting contract details for IWM, reqId 5173
[2026-07-15T14:45:14.288Z] ConId for IWM: 9579970
[2026-07-15T14:45:14.716Z] Order placed: IWM C strike:295 exp:20260715
[2026-07-15T14:45:14.879Z] Fill @ $1.56 → TP:$3.55 SL:$0.15
[2026-07-15T14:45:14.881Z] Tracking IWM_C_295_20260715 for trailing stop (entry $1.56, underlying 296.38)
[2026-07-15T14:47:20.857Z] Trail HIT GOOGL_C_365_20260715: $3.05 <= trail $3.06 (peak $3.6) — closing
[2026-07-15T14:47:20.904Z] IBKR [202]: Order Canceled - reason:
[2026-07-15T14:47:20.944Z] IBKR [202]: Order Canceled - reason:
[2026-07-15T14:47:20.958Z] IBKR [10148]: OrderId 48 that needs to be cancelled cannot be cancelled, state: Cancelled.
[2026-07-15T14:47:21.258Z] IBKR [300]: Can't find EId with tickerId:0
[2026-07-15T14:58:24.692Z] Trail ARMED IWM_C_295_20260715 at +10% premium (peak $1.72)
[2026-07-15T15:01:56.979Z] Trail HIT IWM_C_295_20260715: $1.7 <= trail $1.70 (peak $2) — closing
[2026-07-15T15:01:57.027Z] IBKR [202]: Order Canceled - reason:
[2026-07-15T15:01:57.068Z] IBKR [202]: Order Canceled - reason:
[2026-07-15T15:01:57.321Z] IBKR [300]: Can't find EId with tickerId:0
[2026-07-15T15:15:12.515Z] Signal received: buy AMZN call @ 255.27
[2026-07-15T15:15:12.516Z] Queued AMZN — queue length: 1
[2026-07-15T15:15:12.516Z] Processing AMZN C...
[2026-07-15T15:15:12.516Z] getConId: requesting contract details for AMZN, reqId 7717
[2026-07-15T15:15:12.569Z] ConId for AMZN: 3691937
[2026-07-15T15:15:12.704Z] getExpirations: skipping alternate trading class "2AMZN" for AMZN
[2026-07-15T15:15:12.704Z] Order placed: AMZN C strike:255 exp:20260715
[2026-07-15T15:15:12.837Z] Fill @ $0.62 → TP:$2.00 SL:$0.05
[2026-07-15T15:15:12.837Z] Tracking AMZN_C_255_20260715 for trailing stop (entry $0.62, underlying 255.27)
[2026-07-15T15:15:16.332Z] Trail ARMED AMZN_C_255_20260715 at +94% premium (peak $1.2)
[2026-07-15T15:15:16.420Z] Signal received: buy META call @ 680.77
[2026-07-15T15:15:16.420Z] Queued META — queue length: 1
[2026-07-15T15:15:16.421Z] Processing META C...
[2026-07-15T15:15:16.421Z] getConId: requesting contract details for META, reqId 6329
[2026-07-15T15:15:16.469Z] ConId for META: 107113386
[2026-07-15T15:15:16.843Z] Order placed: META C strike:680 exp:20260715
[2026-07-15T15:15:16.978Z] Fill @ $1.14 → TP:$4.45 SL:$0.10
[2026-07-15T15:15:16.979Z] Tracking META_C_680_20260715 for trailing stop (entry $1.14, underlying 680.77)
[2026-07-15T15:15:21.333Z] Trail ARMED META_C_680_20260715 at +382% premium (peak $5.5)
[2026-07-15T15:16:59.986Z] Trail HIT META_C_680_20260715: $5.1 <= trail $5.23 (peak $6.15) — closing
[2026-07-15T15:17:00.032Z] IBKR [202]: Order Canceled - reason:
[2026-07-15T15:17:00.072Z] IBKR [202]: Order Canceled - reason:
[2026-07-15T15:17:00.086Z] Trail HIT AMZN_C_255_20260715: $1.08 <= trail $1.09 (peak $1.28) — closing
[2026-07-15T15:17:00.087Z] IBKR [10148]: OrderId 60 that needs to be cancelled cannot be cancelled, state: Cancelled.
[2026-07-15T15:17:00.387Z] IBKR [300]: Can't find EId with tickerId:0
[2026-07-15T15:17:00.532Z] IBKR [202]: Order Canceled - reason:
[2026-07-15T15:17:00.550Z] IBKR [202]: Order Canceled - reason:
[2026-07-15T15:17:00.588Z] IBKR [10148]: OrderId 57 that needs to be cancelled cannot be cancelled, state: Cancelled.
[2026-07-15T15:17:00.887Z] IBKR [300]: Can't find EId with tickerId:0
[2026-07-15T15:30:04.571Z] Signal received: buy QQQ put @ 716.19
[2026-07-15T15:30:04.572Z] Queued QQQ — queue length: 1
[2026-07-15T15:30:04.572Z] Processing QQQ P...
[2026-07-15T15:30:04.572Z] getConId: requesting contract details for QQQ, reqId 4652
[2026-07-15T15:30:04.620Z] ConId for QQQ: 320227571
[2026-07-15T15:30:05.990Z] Order placed: QQQ P strike:715 exp:20260715
[2026-07-15T15:30:06.129Z] Fill @ $1.89 → TP:$4.30 SL:$0.20
[2026-07-15T15:30:06.130Z] Tracking QQQ_P_715_20260715 for trailing stop (entry $1.89, underlying 716.19)
[2026-07-15T15:45:05.324Z] Signal received: buy QQQ put @ 715.55
[2026-07-15T15:45:05.325Z] Queued QQQ — queue length: 1
[2026-07-15T15:45:05.325Z] SKIP: already holding QQQ (QQQ_P_715_20260715) -- one position per ticker
[2026-07-15T15:45:05.926Z] Signal received: buy AAPL call @ 326.55
[2026-07-15T15:45:05.927Z] Queued AAPL — queue length: 1
[2026-07-15T15:45:05.927Z] Processing AAPL C...
[2026-07-15T15:45:05.927Z] getConId: requesting contract details for AAPL, reqId 7164
[2026-07-15T15:45:05.976Z] ConId for AAPL: 265598
[2026-07-15T15:45:06.160Z] Order placed: AAPL C strike:325 exp:20260715
[2026-07-15T15:45:06.327Z] Fill @ $1.47 → TP:$2.90 SL:$0.15
[2026-07-15T15:45:06.328Z] Tracking AAPL_C_325_20260715 for trailing stop (entry $1.47, underlying 326.55)
[2026-07-15T15:45:06.471Z] Time-stop HIT QQQ_P_715_20260715: un-armed after 15.0min — closing at market
[2026-07-15T15:45:06.567Z] Trail ARMED AAPL_C_325_20260715 at +41% premium (peak $2.08)
[2026-07-15T15:45:06.601Z] IBKR [202]: Order Canceled - reason:
[2026-07-15T15:45:06.602Z] IBKR [202]: Order Canceled - reason:
[2026-07-15T15:45:06.873Z] IBKR [300]: Can't find EId with tickerId:0
[2026-07-15T15:49:20.702Z] Trail HIT AAPL_C_325_20260715: $2.03 <= trail $2.07 (peak $2.44) — closing
[2026-07-15T15:49:20.749Z] IBKR [202]: Order Canceled - reason:
[2026-07-15T15:49:20.789Z] IBKR [202]: Order Canceled - reason:
[2026-07-15T15:49:21.043Z] IBKR [300]: Can't find EId with tickerId:0
[2026-07-15T16:00:08.234Z] Signal received: buy QQQ put @ 714.72
[2026-07-15T16:00:08.235Z] Queued QQQ — queue length: 1
[2026-07-15T16:00:08.235Z] Processing QQQ P...
[2026-07-15T16:00:08.235Z] getConId: requesting contract details for QQQ, reqId 7395
[2026-07-15T16:00:08.285Z] ConId for QQQ: 320227571
[2026-07-15T16:00:09.466Z] Order placed: QQQ P strike:715 exp:20260715
[2026-07-15T16:00:09.597Z] Fill @ $1.4 → TP:$3.20 SL:$0.15
[2026-07-15T16:00:09.598Z] Tracking QQQ_P_715_20260715 for trailing stop (entry $1.4, underlying 714.72)
[2026-07-15T16:00:11.609Z] Trail ARMED QQQ_P_715_20260715 at +21% premium (peak $1.69)
[2026-07-15T16:09:08.654Z] Trail HIT QQQ_P_715_20260715: $2.85 <= trail $2.86 (peak $3.36) — closing
[2026-07-15T16:09:08.700Z] IBKR [202]: Order Canceled - reason:
[2026-07-15T16:09:08.741Z] IBKR [202]: Order Canceled - reason:
[2026-07-15T16:09:08.756Z] IBKR [10148]: OrderId 73 that needs to be cancelled cannot be cancelled, state: Cancelled.
[2026-07-15T16:09:09.057Z] IBKR [300]: Can't find EId with tickerId:0
[2026-07-15T19:50:03.984Z] EOD-flatten trigger at 1550 ET
[2026-07-15T19:50:04.039Z] EOD-flatten: no 0DTE option positions to close (exp 20260715)
[2026-07-15T19:57:03.994Z] EOD-flatten PASS 2 (catch-all) at 1557 ET
[2026-07-15T19:57:04.039Z] EOD-flatten: no 0DTE option positions to close (exp 20260715)
[2026-07-15T23:59:00.254Z] TWS unavailable (connection dropped) — retrying in 15s
[2026-07-15T23:59:15.495Z] Connected to TWS
[2026-07-16T05:00:02.150Z] TWS unavailable (connection dropped) — retrying in 15s
[2026-07-16T05:00:17.160Z] Connected to TWS
[2026-07-16T05:01:03.656Z] Server on http://localhost:3000
[2026-07-16T05:01:03.659Z] TP: +100% | SL: -30% | DTE: 0-3
[2026-07-16T05:01:03.659Z] EOD-flatten: ON @1550 ET | Trail: ON arm prem+10% trail15% | Time-stop: ON 15min | MFE-log: ON
[2026-07-16T05:01:03.671Z] Connected to TWS
[2026-07-16T13:47:00.453Z] [fly] /place_test_fly XSP c754 w13 x1 (acct DUN460366)
[2026-07-16T13:47:00.463Z] [fly] /place_test_fly XSP c754 w13 x1 (acct DUN460366)
[2026-07-16T13:47:00.871Z] [fly] XSP legs resolved: SHORT_CALL=892220463 LONG_CALL=892696318 SHORT_PUT=892220478 LONG_PUT=891865210
[2026-07-16T13:47:01.143Z] [fly] XSP legs resolved: SHORT_CALL=892220463 LONG_CALL=892696318 SHORT_PUT=892220478 LONG_PUT=891865210
[2026-07-16T13:47:08.877Z] [fly] mids SC=1.49 LC=null SP=1.5 LP=0.03
[2026-07-16T13:47:08.878Z] [fly] result: {"ok":false,"error":"missing quotes — cannot price (market open? data perms?)"}
[2026-07-16T13:47:09.146Z] [fly] mids SC=1.49 LC=null SP=1.5 LP=0.03
[2026-07-16T13:47:09.147Z] [fly] result: {"ok":false,"error":"missing quotes — cannot price (market open? data perms?)"}
[2026-07-16T13:47:10.489Z] [fly] /place_test_fly XSP c754 w13 x1 (acct DUN460366) model-priced cc=9.99 pc=9.99
[2026-07-16T13:47:10.493Z] [fly] /place_test_fly XSP c754 w13 x1 (acct DUN460366) model-priced cc=9.99 pc=9.99
[2026-07-16T13:47:10.777Z] [fly] XSP legs resolved: SHORT_CALL=892220463 LONG_CALL=892696318 SHORT_PUT=892220478 LONG_PUT=891865210
[2026-07-16T13:47:10.778Z] [fly] MODEL-PRICED call=$9.99 put=$9.99 (snapshots skipped)
[2026-07-16T13:47:10.779Z] [fly] XSP call-credit $9.99  put-credit $9.99  total $19.98
[2026-07-16T13:47:10.779Z] [fly] SUBMIT XSP CALL vertical id=1 SELL @ $9.99 x1
[2026-07-16T13:47:10.781Z] [fly] SUBMIT XSP PUT  vertical id=2 SELL @ $9.99 x1
[2026-07-16T13:47:11.179Z] [fly] XSP legs resolved: SHORT_CALL=892220463 LONG_CALL=892696318 SHORT_PUT=892220478 LONG_PUT=891865210
[2026-07-16T13:47:11.180Z] [fly] MODEL-PRICED call=$9.99 put=$9.99 (snapshots skipped)
[2026-07-16T13:47:11.180Z] [fly] XSP call-credit $9.99  put-credit $9.99  total $19.98
[2026-07-16T13:47:11.180Z] [fly] SUBMIT XSP CALL vertical id=3 SELL @ $9.99 x1
[2026-07-16T13:47:11.181Z] [fly] SUBMIT XSP PUT  vertical id=4 SELL @ $9.99 x1
[2026-07-16T13:47:35.782Z] [fly] no fills in 25s — cancelling both (model call $9.99 / put $9.99 did not cross)
[2026-07-16T13:47:35.784Z] [fly] result: {"symbol":"XSP","center":754,"wing":13,"contracts":1,"account":"DUN460366","expiry":"20260716","callCredit":9.99,"putCredit":9.99,"fills":{"CALL":null,"PUT":null,"FLATTEN":null},"real_fill_credit":null,"real_fill_dollars":null,"ok":false,"note":"no fills — both orders cancelled; model credits did not cross, shade and retry"}
[2026-07-16T13:47:35.905Z] IBKR [202]: Order Canceled - reason:
[2026-07-16T13:47:35.969Z] IBKR [202]: Order Canceled - reason:
[2026-07-16T13:47:36.182Z] [fly] no fills in 25s — cancelling both (model call $9.99 / put $9.99 did not cross)
[2026-07-16T13:47:36.184Z] [fly] result: {"symbol":"XSP","center":754,"wing":13,"contracts":1,"account":"DUN460366","expiry":"20260716","callCredit":9.99,"putCredit":9.99,"fills":{"CALL":null,"PUT":null,"FLATTEN":null},"real_fill_credit":null,"real_fill_dollars":null,"ok":false,"note":"no fills — both orders cancelled; model credits did not cross, shade and retry"}
[2026-07-16T13:47:36.248Z] IBKR [202]: Order Canceled - reason:
[2026-07-16T13:47:36.348Z] IBKR [202]: Order Canceled - reason:
[2026-07-16T14:00:04.848Z] Signal received: buy AAPL put @ 331.10
[2026-07-16T14:00:04.849Z] Queued AAPL — queue length: 1
[2026-07-16T14:00:04.850Z] Processing AAPL P...
[2026-07-16T14:00:04.850Z] getConId: requesting contract details for AAPL, reqId 6121
[2026-07-16T14:00:05.087Z] ConId for AAPL: 265598
[2026-07-16T14:00:05.828Z] Order placed: AAPL P strike:330 exp:20260717
[2026-07-16T14:00:06.193Z] Fill @ $3.9 → TP:$7.40 SL:$0.40
[2026-07-16T14:00:06.195Z] Tracking AAPL_P_330_20260717 for trailing stop (entry $3.9, underlying 331.1)
[2026-07-16T14:00:09.027Z] Signal received: buy IWM call @ 296.52
[2026-07-16T14:00:09.028Z] Queued IWM — queue length: 1
[2026-07-16T14:00:09.028Z] Processing IWM C...
[2026-07-16T14:00:09.028Z] getConId: requesting contract details for IWM, reqId 1120
[2026-07-16T14:00:09.206Z] ConId for IWM: 9579970
[2026-07-16T14:00:09.997Z] Order placed: IWM C strike:295 exp:20260716
[2026-07-16T14:00:10.186Z] Fill @ $1.51 → TP:$3.45 SL:$0.15
[2026-07-16T14:00:10.187Z] Tracking IWM_C_295_20260716 for trailing stop (entry $1.51, underlying 296.52)
[2026-07-16T14:00:11.575Z] Trail ARMED IWM_C_295_20260716 at +35% premium (peak $2.04)
[2026-07-16T14:00:13.030Z] Signal received: buy AAPL call @ 331.10
[2026-07-16T14:00:13.031Z] Queued AAPL — queue length: 1
[2026-07-16T14:00:13.031Z] SKIP: already holding AAPL (AAPL_P_330_20260717) -- one position per ticker
[2026-07-16T14:15:06.622Z] Time-stop HIT AAPL_P_330_20260717: un-armed after 15.0min — closing at market
[2026-07-16T14:15:06.672Z] IBKR [202]: Order Canceled - reason:
[2026-07-16T14:15:06.690Z] IBKR [202]: Order Canceled - reason:
[2026-07-16T14:15:06.724Z] IBKR [10148]: OrderId 7 that needs to be cancelled cannot be cancelled, state: Cancelled.
[2026-07-16T14:15:06.910Z] Signal received: buy IWM call @ 297.60
[2026-07-16T14:15:06.910Z] Queued IWM — queue length: 1
[2026-07-16T14:15:06.911Z] SKIP: already holding IWM (IWM_C_295_20260716) -- one position per ticker
[2026-07-16T14:15:07.024Z] IBKR [300]: Can't find EId with tickerId:0
[2026-07-16T14:15:10.716Z] Signal received: buy AMZN put @ 254.02
[2026-07-16T14:15:10.717Z] Queued AMZN — queue length: 1
[2026-07-16T14:15:10.717Z] Processing AMZN P...
[2026-07-16T14:15:10.718Z] getConId: requesting contract details for AMZN, reqId 6584
[2026-07-16T14:15:10.858Z] ConId for AMZN: 3691937
[2026-07-16T14:15:11.252Z] getExpirations: skipping alternate trading class "2AMZN" for AMZN
[2026-07-16T14:15:11.254Z] Order placed: AMZN P strike:255 exp:20260717
[2026-07-16T14:15:12.535Z] Fill @ $2.95 → TP:$9.05 SL:$0.30
[2026-07-16T14:15:12.537Z] Tracking AMZN_P_255_20260717 for trailing stop (entry $2.95, underlying 254.02)
[2026-07-16T14:15:13.218Z] Signal received: buy AMZN call @ 254.02
[2026-07-16T14:15:13.219Z] Queued AMZN — queue length: 1
[2026-07-16T14:15:14.255Z] SKIP: already holding AMZN (AMZN_P_255_20260717) -- one position per ticker
[2026-07-16T14:15:19.300Z] Signal received: buy SPY call @ 753.37
[2026-07-16T14:15:19.301Z] Queued SPY — queue length: 1
[2026-07-16T14:15:19.301Z] Processing SPY C...
[2026-07-16T14:15:19.301Z] getConId: requesting contract details for SPY, reqId 5794
[2026-07-16T14:15:19.478Z] ConId for SPY: 756733
[2026-07-16T14:15:21.005Z] Order placed: SPY C strike:755 exp:20260716
[2026-07-16T14:15:21.183Z] Fill @ $0.33 → TP:$0.75 SL:$0.05
[2026-07-16T14:15:21.184Z] Tracking SPY_C_755_20260716 for trailing stop (entry $0.33, underlying 753.37)
[2026-07-16T14:15:21.670Z] Trail ARMED SPY_C_755_20260716 at +61% premium (peak $0.53)
[2026-07-16T14:16:02.998Z] Trail HIT IWM_C_295_20260716: $2.42 <= trail $2.50 (peak $2.94) — closing
[2026-07-16T14:16:03.047Z] IBKR [202]: Order Canceled - reason:
[2026-07-16T14:16:03.088Z] IBKR [202]: Order Canceled - reason:
[2026-07-16T14:16:03.099Z] IBKR [10148]: OrderId 10 that needs to be cancelled cannot be cancelled, state: Cancelled.
[2026-07-16T14:16:03.400Z] IBKR [300]: Can't find EId with tickerId:0
[2026-07-16T14:17:26.978Z] Trail HIT SPY_C_755_20260716: $0.52 <= trail $0.53 (peak $0.62) — closing
[2026-07-16T14:17:27.027Z] IBKR [202]: Order Canceled - reason:
[2026-07-16T14:17:27.068Z] IBKR [202]: Order Canceled - reason:
[2026-07-16T14:17:27.309Z] IBKR [300]: Can't find EId with tickerId:0
[2026-07-16T14:30:03.987Z] Signal received: buy SPY call @ 754.36
[2026-07-16T14:30:03.988Z] Queued SPY — queue length: 1
[2026-07-16T14:30:03.988Z] Processing SPY C...
[2026-07-16T14:30:03.988Z] getConId: requesting contract details for SPY, reqId 4364
[2026-07-16T14:30:04.039Z] ConId for SPY: 756733
[2026-07-16T14:30:05.585Z] Order placed: SPY C strike:755 exp:20260716
[2026-07-16T14:30:05.724Z] Fill @ $0.52 → TP:$1.20 SL:$0.05
[2026-07-16T14:30:05.725Z] Tracking SPY_C_755_20260716 for trailing stop (entry $0.52, underlying 754.36)
[2026-07-16T14:30:06.763Z] Trail ARMED SPY_C_755_20260716 at +50% premium (peak $0.78)
[2026-07-16T14:30:16.716Z] Time-stop HIT AMZN_P_255_20260717: un-armed after 15.1min — closing at market
[2026-07-16T14:30:16.765Z] IBKR [202]: Order Canceled - reason:
[2026-07-16T14:30:16.806Z] IBKR [202]: Order Canceled - reason:
[2026-07-16T14:30:17.056Z] IBKR [300]: Can't find EId with tickerId:0
[2026-07-16T14:30:18.099Z] Signal received: buy IWM call @ 297.35
[2026-07-16T14:30:18.100Z] Queued IWM — queue length: 1
[2026-07-16T14:30:18.100Z] Processing IWM C...
[2026-07-16T14:30:18.100Z] getConId: requesting contract details for IWM, reqId 6223
[2026-07-16T14:30:18.153Z] ConId for IWM: 9579970
[2026-07-16T14:30:18.662Z] Order placed: IWM C strike:295 exp:20260716
[2026-07-16T14:30:18.795Z] Fill @ $2.76 → TP:$6.30 SL:$0.30
[2026-07-16T14:30:18.796Z] Tracking IWM_C_295_20260716 for trailing stop (entry $2.76, underlying 297.35)
[2026-07-16T14:31:53.801Z] Trail HIT SPY_C_755_20260716: $0.68 <= trail $0.68 (peak $0.8) — closing
[2026-07-16T14:31:53.851Z] IBKR [202]: Order Canceled - reason:
[2026-07-16T14:31:53.891Z] IBKR [202]: Order Canceled - reason:
[2026-07-16T14:31:54.142Z] IBKR [300]: Can't find EId with tickerId:0
[2026-07-16T14:45:05.529Z] Signal received: buy IWM call @ 297.28
[2026-07-16T14:45:05.530Z] Queued IWM — queue length: 1
[2026-07-16T14:45:05.530Z] SKIP: already holding IWM (IWM_C_295_20260716) -- one position per ticker
[2026-07-16T14:45:19.237Z] Signal received: buy SPY call @ 754.36
[2026-07-16T14:45:19.238Z] Queued SPY — queue length: 1
[2026-07-16T14:45:19.238Z] Processing SPY C...
[2026-07-16T14:45:19.239Z] getConId: requesting contract details for SPY, reqId 1664
[2026-07-16T14:45:19.290Z] ConId for SPY: 756733
[2026-07-16T14:45:21.016Z] Order placed: SPY C strike:755 exp:20260716
[2026-07-16T14:45:21.156Z] Fill @ $0.81 → TP:$1.85 SL:$0.10
[2026-07-16T14:45:21.157Z] Tracking SPY_C_755_20260716 for trailing stop (entry $0.81, underlying 754.36)
[2026-07-16T14:45:21.835Z] Time-stop HIT IWM_C_295_20260716: un-armed after 15.1min — closing at market
[2026-07-16T14:45:21.925Z] IBKR [202]: Order Canceled - reason:
[2026-07-16T14:45:21.977Z] IBKR [202]: Order Canceled - reason:
[2026-07-16T14:45:21.978Z] IBKR [10148]: OrderId 26 that needs to be cancelled cannot be cancelled, state: Cancelled.
[2026-07-16T14:45:22.277Z] IBKR [300]: Can't find EId with tickerId:0
[2026-07-16T15:00:08.193Z] Signal received: buy QQQ put @ 711.35
[2026-07-16T15:00:08.194Z] Queued QQQ — queue length: 1
[2026-07-16T15:00:08.194Z] Processing QQQ P...
[2026-07-16T15:00:08.194Z] getConId: requesting contract details for QQQ, reqId 8972
[2026-07-16T15:00:08.376Z] ConId for QQQ: 320227571
[2026-07-16T15:00:10.518Z] Order placed: QQQ P strike:710 exp:20260716
[2026-07-16T15:00:10.743Z] Fill @ $1.29 → TP:$2.95 SL:$0.15
[2026-07-16T15:00:10.744Z] Tracking QQQ_P_710_20260716 for trailing stop (entry $1.29, underlying 711.35)
[2026-07-16T15:00:21.912Z] Time-stop HIT SPY_C_755_20260716: un-armed after 15.0min — closing at market
[2026-07-16T15:00:21.960Z] IBKR [202]: Order Canceled - reason:
[2026-07-16T15:00:21.978Z] IBKR [202]: Order Canceled - reason:
[2026-07-16T15:00:22.014Z] IBKR [10148]: OrderId 30 that needs to be cancelled cannot be cancelled, state: Cancelled.
[2026-07-16T15:00:22.313Z] IBKR [300]: Can't find EId with tickerId:0
[2026-07-16T15:00:40.387Z] Trail ARMED QQQ_P_710_20260716 at +10% premium (peak $1.42)
[2026-07-16T15:02:16.345Z] Trail HIT QQQ_P_710_20260716: $1.34 <= trail $1.34 (peak $1.58) — closing
[2026-07-16T15:02:16.392Z] IBKR [202]: Order Canceled - reason:
[2026-07-16T15:02:16.433Z] IBKR [202]: Order Canceled - reason:
[2026-07-16T15:02:16.687Z] IBKR [300]: Can't find EId with tickerId:0
[2026-07-16T15:15:04.502Z] Signal received: buy QQQ put @ 709.45
[2026-07-16T15:15:04.503Z] Queued QQQ — queue length: 1
[2026-07-16T15:15:04.504Z] Processing QQQ P...
[2026-07-16T15:15:04.504Z] getConId: requesting contract details for QQQ, reqId 4775
[2026-07-16T15:15:04.556Z] ConId for QQQ: 320227571
[2026-07-16T15:15:06.146Z] Order placed: QQQ P strike:710 exp:20260716
[2026-07-16T15:15:06.283Z] Fill @ $1.4 → TP:$3.20 SL:$0.15
[2026-07-16T15:15:06.284Z] Tracking QQQ_P_710_20260716 for trailing stop (entry $1.4, underlying 709.45)
[2026-07-16T15:15:07.057Z] Trail ARMED QQQ_P_710_20260716 at +54% premium (peak $2.15)
[2026-07-16T15:17:36.691Z] Trail HIT QQQ_P_710_20260716: $2.1 <= trail $2.13 (peak $2.5) — closing
[2026-07-16T15:17:36.738Z] IBKR [202]: Order Canceled - reason:
[2026-07-16T15:17:36.779Z] IBKR [202]: Order Canceled - reason:
[2026-07-16T15:17:36.792Z] IBKR [10148]: OrderId 39 that needs to be cancelled cannot be cancelled, state: Cancelled.
[2026-07-16T15:17:37.092Z] IBKR [300]: Can't find EId with tickerId:0
[2026-07-16T15:30:11.509Z] Signal received: buy QQQ put @ 710.61
[2026-07-16T15:30:11.510Z] Queued QQQ — queue length: 1
[2026-07-16T15:30:11.510Z] Processing QQQ P...
[2026-07-16T15:30:11.510Z] getConId: requesting contract details for QQQ, reqId 6369
[2026-07-16T15:30:11.561Z] ConId for QQQ: 320227571
[2026-07-16T15:30:13.027Z] Order placed: QQQ P strike:710 exp:20260716
[2026-07-16T15:30:13.168Z] Fill @ $2.18 → TP:$4.95 SL:$0.20
[2026-07-16T15:30:13.169Z] Tracking QQQ_P_710_20260716 for trailing stop (entry $2.18, underlying 710.61)
[2026-07-16T15:45:17.200Z] Time-stop HIT QQQ_P_710_20260716: un-armed after 15.1min — closing at market
[2026-07-16T15:45:17.250Z] IBKR [202]: Order Canceled - reason:
[2026-07-16T15:45:17.269Z] IBKR [202]: Order Canceled - reason:
[2026-07-16T15:45:17.303Z] IBKR [10148]: OrderId 43 that needs to be cancelled cannot be cancelled, state: Cancelled.
[2026-07-16T15:45:17.602Z] IBKR [300]: Can't find EId with tickerId:0
[2026-07-16T17:00:06.921Z] Signal received: buy MSFT call @ 403.05
[2026-07-16T17:00:06.922Z] Queued MSFT — queue length: 1
[2026-07-16T17:00:06.922Z] Processing MSFT C...
[2026-07-16T17:00:06.922Z] getConId: requesting contract details for MSFT, reqId 5019
[2026-07-16T17:00:07.070Z] ConId for MSFT: 272093
[2026-07-16T17:00:07.647Z] getExpirations: skipping alternate trading class "2MSFT" for MSFT
[2026-07-16T17:00:07.648Z] Order placed: MSFT C strike:405 exp:20260717
[2026-07-16T17:00:07.884Z] Fill @ $2.37 → TP:$4.60 SL:$0.25
[2026-07-16T17:00:07.885Z] Tracking MSFT_C_405_20260717 for trailing stop (entry $2.37, underlying 403.05)
[2026-07-16T17:00:12.682Z] Trail ARMED MSFT_C_405_20260717 at +26% premium (peak $2.98)
[2026-07-16T17:02:24.786Z] Trail HIT MSFT_C_405_20260717: $2.52 <= trail $2.53 (peak $2.98) — closing
[2026-07-16T17:02:24.834Z] IBKR [202]: Order Canceled - reason:
[2026-07-16T17:02:24.875Z] IBKR [202]: Order Canceled - reason:
[2026-07-16T17:02:24.887Z] IBKR [10148]: OrderId 47 that needs to be cancelled cannot be cancelled, state: Cancelled.
[2026-07-16T17:02:25.188Z] IBKR [300]: Can't find EId with tickerId:0
[2026-07-16T18:00:04.872Z] Signal received: buy SPY put @ 751.32
[2026-07-16T18:00:04.873Z] Queued SPY — queue length: 1
[2026-07-16T18:00:04.873Z] Processing SPY P...
[2026-07-16T18:00:04.873Z] getConId: requesting contract details for SPY, reqId 7934
[2026-07-16T18:00:04.927Z] ConId for SPY: 756733
[2026-07-16T18:00:06.891Z] Order placed: SPY P strike:750 exp:20260716
[2026-07-16T18:00:07.043Z] Fill @ $0.43 → TP:$1.00 SL:$0.05
[2026-07-16T18:00:07.044Z] Tracking SPY_P_750_20260716 for trailing stop (entry $0.43, underlying 751.32)
[2026-07-16T18:00:12.597Z] Trail ARMED SPY_P_750_20260716 at +12% premium (peak $0.48)
[2026-07-16T18:00:22.113Z] Trail HIT SPY_P_750_20260716: $0.4 <= trail $0.41 (peak $0.48) — closing
[2026-07-16T18:00:22.163Z] IBKR [202]: Order Canceled - reason:
[2026-07-16T18:00:22.204Z] IBKR [202]: Order Canceled - reason:
[2026-07-16T18:00:22.216Z] IBKR [10148]: OrderId 51 that needs to be cancelled cannot be cancelled, state: Cancelled.
[2026-07-16T18:00:22.515Z] IBKR [300]: Can't find EId with tickerId:0
[2026-07-16T18:15:01.696Z] Signal received: buy SPY put @ 750.73
[2026-07-16T18:15:01.697Z] Queued SPY — queue length: 1
[2026-07-16T18:15:01.697Z] Processing SPY P...
[2026-07-16T18:15:01.698Z] getConId: requesting contract details for SPY, reqId 8339
[2026-07-16T18:15:01.752Z] ConId for SPY: 756733
[2026-07-16T18:15:03.542Z] Order placed: SPY P strike:750 exp:20260716
[2026-07-16T18:15:03.689Z] Fill @ $0.41 → TP:$0.95 SL:$0.05
[2026-07-16T18:15:03.689Z] Tracking SPY_P_750_20260716 for trailing stop (entry $0.41, underlying 750.73)
[2026-07-16T18:15:08.198Z] Trail ARMED SPY_P_750_20260716 at +54% premium (peak $0.63)
[2026-07-16T18:16:01.641Z] Trail HIT SPY_P_750_20260716: $0.55 <= trail $0.58 (peak $0.68) — closing
[2026-07-16T18:16:01.691Z] IBKR [202]: Order Canceled - reason:
[2026-07-16T18:16:01.732Z] IBKR [202]: Order Canceled - reason:
[2026-07-16T18:16:01.743Z] IBKR [10148]: OrderId 55 that needs to be cancelled cannot be cancelled, state: Cancelled.
[2026-07-16T18:16:02.045Z] IBKR [300]: Can't find EId with tickerId:0
[2026-07-16T19:50:04.496Z] EOD-flatten trigger at 1550 ET
[2026-07-16T19:50:04.504Z] EOD-flatten: no 0DTE option positions to close (exp 20260716)
[2026-07-16T19:57:04.504Z] EOD-flatten PASS 2 (catch-all) at 1557 ET
[2026-07-16T19:57:04.548Z] EOD-flatten: no 0DTE option positions to close (exp 20260716)
[2026-07-16T23:59:00.907Z] TWS unavailable (connection dropped) — retrying in 15s
[2026-07-16T23:59:16.047Z] Connected to TWS
[2026-07-17T01:29:10.203Z] Server on http://localhost:3000
[2026-07-17T01:29:10.206Z] TP: +100% | SL: -30% | DTE: 0-3
[2026-07-17T01:29:10.206Z] EOD-flatten: ON @1550 ET | Trail: ON arm prem+10% trail15% | Time-stop: ON 15min | MFE-log: ON
[2026-07-17T01:29:10.226Z] Connected to TWS
[2026-07-17T01:59:22.636Z] Server on http://localhost:3000
[2026-07-17T01:59:22.638Z] TP: +100% | SL: -30% | DTE: 0-3
[2026-07-17T01:59:22.638Z] EOD-flatten: ON @1550 ET | Trail: ON arm prem+10% trail15% | Time-stop: ON 15min | MFE-log: ON
[2026-07-17T01:59:22.653Z] Connected to TWS
[2026-07-17T05:00:01.323Z] TWS unavailable (connection dropped) — retrying in 15s
[2026-07-17T05:00:16.414Z] Connected to TWS
[2026-07-17T05:01:03.107Z] Server on http://localhost:3000
[2026-07-17T05:01:03.110Z] TP: +100% | SL: -30% | DTE: 0-3
[2026-07-17T05:01:03.110Z] EOD-flatten: ON @1550 ET | Trail: ON arm prem+10% trail15% | Time-stop: ON 15min | MFE-log: ON
[2026-07-17T05:01:03.128Z] Connected to TWS
[2026-07-17T09:48:10.083Z] Server on http://localhost:3000
[2026-07-17T09:48:10.086Z] TP: +100% | SL: -30% | DTE: 0-3
[2026-07-17T09:48:10.086Z] EOD-flatten: ON @1550 ET | Trail: ON arm prem+10% trail15% | Time-stop: ON 15min | MFE-log: ON
[2026-07-17T09:48:10.102Z] Connected to TWS
[2026-07-17T09:50:14.998Z] Server on http://localhost:3000
[2026-07-17T09:50:15.000Z] TP: +100% | SL: -30% | DTE: 0-3
[2026-07-17T09:50:15.000Z] EOD-flatten: ON @1550 ET | Trail: ON arm prem+10% trail15% | Time-stop: ON 15min | MFE-log: ON
[2026-07-17T09:50:15.015Z] Connected to TWS
[2026-07-17T09:53:50.653Z] Server on http://localhost:3000
[2026-07-17T09:53:50.655Z] TP: +100% | SL: -30% | DTE: 0-3
[2026-07-17T09:53:50.656Z] EOD-flatten: ON @1550 ET | Trail: ON arm prem+10% trail15% | Time-stop: ON 15min | MFE-log: ON
[2026-07-17T09:53:50.668Z] Connected to TWS
[2026-07-17T14:00:01.242Z] Signal received: buy QQQ call @ 693.28
[2026-07-17T14:00:01.248Z] Queued QQQ — queue length: 1
[2026-07-17T14:00:01.250Z] Processing QQQ C...
[2026-07-17T14:00:01.250Z] getConId: requesting contract details for QQQ, reqId 8335
[2026-07-17T14:00:01.483Z] ConId for QQQ: 320227571
[2026-07-17T14:00:02.917Z] Signal received: buy AAPL call @ 330.92
[2026-07-17T14:00:02.918Z] Queued AAPL — queue length: 1
[2026-07-17T14:00:03.831Z] Order placed: QQQ C strike:695 exp:20260717
[2026-07-17T14:00:04.125Z] Signal received: buy AMZN put @ 247.82
[2026-07-17T14:00:04.130Z] Queued AMZN — queue length: 2
[2026-07-17T14:00:05.106Z] Fill @ $0.88 → TP:$2.00 SL:$0.10
[2026-07-17T14:00:05.108Z] Tracking QQQ_C_695_20260717 for trailing stop (entry $0.88, underlying 693.28)
[2026-07-17T14:00:06.835Z] Processing AAPL C...
[2026-07-17T14:00:06.835Z] getConId: requesting contract details for AAPL, reqId 7613
[2026-07-17T14:00:06.969Z] ConId for AAPL: 265598
[2026-07-17T14:00:07.051Z] Trail ARMED QQQ_C_695_20260717 at +187% premium (peak $2.53)
[2026-07-17T14:00:07.453Z] Signal received: buy AAPL put @ 330.92
[2026-07-17T14:00:07.456Z] Queued AAPL — queue length: 2
[2026-07-17T14:00:07.551Z] Order placed: AAPL C strike:330 exp:20260717
[2026-07-17T14:00:07.768Z] Fill @ $4.6 → TP:$10.20 SL:$0.50
[2026-07-17T14:00:07.771Z] Tracking AAPL_C_330_20260717 for trailing stop (entry $4.6, underlying 330.92)
[2026-07-17T14:00:10.551Z] Processing AMZN P...
[2026-07-17T14:00:10.552Z] getConId: requesting contract details for AMZN, reqId 6617
[2026-07-17T14:00:10.725Z] ConId for AMZN: 3691937
[2026-07-17T14:00:11.135Z] getExpirations: skipping alternate trading class "2AMZN" for AMZN
[2026-07-17T14:00:11.136Z] Order placed: AMZN P strike:250 exp:20260717
[2026-07-17T14:00:11.234Z] IBKR [200]: The contract description specified for AMZN is ambiguous.
[2026-07-17T14:00:12.725Z] Signal received: buy QQQ put @ 693.28
[2026-07-17T14:00:12.726Z] Queued QQQ — queue length: 2
[2026-07-17T14:00:14.136Z] SKIP: already holding AAPL (AAPL_C_330_20260717) -- one position per ticker
[2026-07-17T14:00:14.137Z] SKIP: already holding QQQ (QQQ_C_695_20260717) -- one position per ticker
[2026-07-17T14:00:41.137Z] No fill for 7 after 30s
[2026-07-17T14:04:16.595Z] Trail HIT QQQ_C_695_20260717: $2.97 <= trail $2.98 (peak $3.51) — closing
[2026-07-17T14:04:16.675Z] IBKR [202]: Order Canceled - reason:
[2026-07-17T14:04:16.699Z] IBKR [202]: Order Canceled - reason:
[2026-07-17T14:04:17.310Z] Server on http://localhost:3000
[2026-07-17T14:04:17.312Z] TP: +100% | SL: -30% | DTE: 0-3
[2026-07-17T14:04:17.313Z] EOD-flatten: ON @1550 ET | Trail: ON arm prem+10% trail15% | Time-stop: ON 15min | MFE-log: ON
[2026-07-17T14:15:05.050Z] Signal received: buy QQQ put @ 696.39
[2026-07-17T14:15:05.055Z] Skipped: not connected to TWS
[2026-07-17T14:15:08.224Z] Signal received: buy IWM put @ 295.43
[2026-07-17T14:15:08.225Z] Skipped: not connected to TWS
[2026-07-17T15:00:06.776Z] Signal received: buy SPY put @ 745.05
[2026-07-17T15:00:06.777Z] Skipped: not connected to TWS
[2026-07-17T15:00:08.503Z] Signal received: buy QQQ put @ 694.53
[2026-07-17T15:00:08.504Z] Skipped: not connected to TWS
[2026-07-17T15:15:16.771Z] Signal received: buy SPY put @ 744.30
[2026-07-17T15:15:16.772Z] Skipped: not connected to TWS
[2026-07-17T15:15:17.684Z] Signal received: buy IWM put @ 293.87
[2026-07-17T15:15:17.685Z] Skipped: not connected to TWS
[2026-07-17T15:30:15.696Z] Signal received: buy IWM put @ 294.07
[2026-07-17T15:30:15.697Z] Skipped: not connected to TWS
[2026-07-17T16:00:18.034Z] Signal received: buy IWM call @ 294.40
[2026-07-17T16:00:18.035Z] Skipped: not connected to TWS
[2026-07-17T16:30:10.987Z] Signal received: buy META call @ 643.48
[2026-07-17T16:30:10.988Z] Skipped: not connected to TWS
[2026-07-17T18:00:01.296Z] Signal received: buy SPY put @ 744.58
[2026-07-17T18:00:01.299Z] Skipped: not connected to TWS
[2026-07-17T23:59:00.927Z] TWS unavailable (connection dropped) — retrying in 15s
[2026-07-17T23:59:16.249Z] Connected to TWS
[2026-07-18T08:34:45.153Z] Server on http://localhost:3000
[2026-07-18T08:34:45.156Z] TP: +100% | SL: -30% | DTE: 0-3
[2026-07-18T08:34:45.156Z] EOD-flatten: ON @1550 ET | Trail: ON arm prem+10% trail15% | Time-stop: ON 15min | MFE-log: ON
[2026-07-18T08:34:45.174Z] Connected to TWS
[2026-07-18T11:04:45.212Z] Server on http://localhost:3000
[2026-07-18T11:04:45.215Z] TP: +100% | SL: -30% | DTE: 0-3
[2026-07-18T11:04:45.215Z] EOD-flatten: ON @1550 ET | Trail: ON arm prem+10% trail15% | Time-stop: ON 15min | MFE-log: ON
[2026-07-18T11:04:45.232Z] Connected to TWS
[2026-07-18T11:33:17.505Z] Server on http://localhost:3000
[2026-07-18T11:33:17.508Z] TP: +100% | SL: -30% | DTE: 0-3
[2026-07-18T11:33:17.508Z] EOD-flatten: ON @1550 ET | Trail: ON arm prem+10% trail15% | Time-stop: ON 15min | MFE-log: ON
[2026-07-18T11:33:17.526Z] Connected to TWS
[2026-07-18T11:37:18.330Z] Server on http://localhost:3000
[2026-07-18T11:37:18.332Z] TP: +100% | SL: -30% | DTE: 0-3
[2026-07-18T11:37:18.332Z] EOD-flatten: ON @1550 ET | Trail: ON arm prem+10% trail15% | Time-stop: ON 15min | MFE-log: ON
[2026-07-18T11:37:18.345Z] Connected to TWS
[2026-07-18T19:50:18.807Z] EOD-flatten trigger at 1550 ET
[2026-07-18T19:50:18.813Z] EOD-flatten: no 0DTE option positions to close (exp 20260718)
[2026-07-18T19:57:18.814Z] EOD-flatten PASS 2 (catch-all) at 1557 ET
[2026-07-18T19:57:18.859Z] EOD-flatten: no 0DTE option positions to close (exp 20260718)
[2026-07-18T23:59:00.719Z] TWS unavailable (connection dropped) — retrying in 15s
[2026-07-18T23:59:15.943Z] Connected to TWS
[2026-07-19T19:50:20.199Z] EOD-flatten trigger at 1550 ET
[2026-07-19T19:50:20.287Z] EOD-flatten: no 0DTE option positions to close (exp 20260719)
[2026-07-19T19:57:20.209Z] EOD-flatten PASS 2 (catch-all) at 1557 ET
[2026-07-19T19:57:20.255Z] EOD-flatten: no 0DTE option positions to close (exp 20260719)
[2026-07-19T23:59:00.949Z] TWS unavailable (connection dropped) — retrying in 15s
[2026-07-19T23:59:15.952Z] TWS unavailable (connection dropped) — retrying in 15s
[2026-07-19T23:59:30.955Z] TWS unavailable (connection dropped) — retrying in 15s
[2026-07-19T23:59:45.958Z] TWS unavailable (connection dropped) — retrying in 15s
[2026-07-20T00:00:00.962Z] TWS unavailable (connection dropped) — retrying in 15s
[2026-07-20T00:00:15.970Z] TWS unavailable (connection dropped) — retrying in 15s
[2026-07-20T00:00:30.973Z] TWS unavailable (connection dropped) — retrying in 15s
[2026-07-20T00:00:45.978Z] TWS unavailable (connection dropped) — retrying in 15s
[2026-07-20T00:01:00.982Z] TWS unavailable (connection dropped) — retrying in 15s
[2026-07-20T00:01:15.985Z] TWS unavailable (connection dropped) — retrying in 15s
[2026-07-20T00:01:30.989Z] TWS unavailable (connection dropped) — retrying in 15s
[2026-07-20T00:01:45.991Z] TWS unavailable (connection dropped) — retrying in 15s
[2026-07-20T00:02:00.994Z] TWS unavailable (connection dropped) — retrying in 15s
[2026-07-20T00:02:15.998Z] TWS unavailable (connection dropped) — retrying in 15s
[2026-07-20T00:02:31.001Z] TWS unavailable (connection dropped) — retrying in 15s
[2026-07-20T00:02:46.005Z] TWS unavailable (connection dropped) — retrying in 15s
[2026-07-20T00:03:01.010Z] TWS unavailable (connection dropped) — retrying in 15s
[2026-07-20T00:03:16.013Z] TWS unavailable (connection dropped) — retrying in 15s
[2026-07-20T00:03:31.015Z] TWS unavailable (connection dropped) — retrying in 15s
[2026-07-20T00:03:46.018Z] TWS unavailable (connection dropped) — retrying in 15s
[2026-07-20T00:04:01.022Z] TWS unavailable (connection dropped) — retrying in 15s
[2026-07-20T00:04:16.024Z] TWS unavailable (connection dropped) — retrying in 15s
[2026-07-20T00:04:31.027Z] TWS unavailable (connection dropped) — retrying in 15s
[2026-07-20T00:04:46.031Z] TWS unavailable (connection dropped) — retrying in 15s
[2026-07-20T00:05:01.034Z] TWS unavailable (connection dropped) — retrying in 15s
[2026-07-20T00:05:16.038Z] TWS unavailable (connection dropped) — retrying in 15s
[2026-07-20T00:05:31.041Z] TWS unavailable (connection dropped) — retrying in 15s
[2026-07-20T00:05:46.045Z] TWS unavailable (connection dropped) — retrying in 15s
[2026-07-20T00:06:01.048Z] TWS unavailable (connection dropped) — retrying in 15s
[2026-07-20T00:06:16.052Z] TWS unavailable (connection dropped) — retrying in 15s
[2026-07-20T00:06:31.053Z] TWS unavailable (connection dropped) — retrying in 15s
[2026-07-20T00:06:46.058Z] TWS unavailable (connection dropped) — retrying in 15s
[2026-07-20T00:07:01.063Z] TWS unavailable (connection dropped) — retrying in 15s
[2026-07-20T00:07:16.066Z] TWS unavailable (connection dropped) — retrying in 15s
[2026-07-20T00:07:31.070Z] TWS unavailable (connection dropped) — retrying in 15s
[2026-07-20T00:07:46.075Z] TWS unavailable (connection dropped) — retrying in 15s
[2026-07-20T00:08:01.079Z] TWS unavailable (connection dropped) — retrying in 15s
[2026-07-20T00:08:16.083Z] TWS unavailable (connection dropped) — retrying in 15s
[2026-07-20T00:08:31.086Z] TWS unavailable (connection dropped) — retrying in 15s
[2026-07-20T00:08:46.089Z] TWS unavailable (connection dropped) — retrying in 15s
[2026-07-20T00:09:01.092Z] TWS unavailable (connection dropped) — retrying in 15s
[2026-07-20T00:09:16.096Z] TWS unavailable (connection dropped) — retrying in 15s
[2026-07-20T00:09:31.100Z] TWS unavailable (connection dropped) — retrying in 15s
[2026-07-20T00:09:46.105Z] TWS unavailable (connection dropped) — retrying in 15s
[2026-07-20T00:10:01.109Z] TWS unavailable (connection dropped) — retrying in 15s
[2026-07-20T00:10:16.113Z] TWS unavailable (connection dropped) — retrying in 15s
[2026-07-20T00:10:31.117Z] TWS unavailable (connection dropped) — retrying in 15s
[2026-07-20T00:10:46.121Z] TWS unavailable (connection dropped) — retrying in 15s
[2026-07-20T00:11:01.123Z] TWS unavailable (connection dropped) — retrying in 15s
[2026-07-20T00:11:16.126Z] TWS unavailable (connection dropped) — retrying in 15s
[2026-07-20T00:11:31.130Z] TWS unavailable (connection dropped) — retrying in 15s
[2026-07-20T00:11:46.134Z] TWS unavailable (connection dropped) — retrying in 15s
[2026-07-20T00:12:01.139Z] TWS unavailable (connection dropped) — retrying in 15s
[2026-07-20T00:12:16.142Z] TWS unavailable (connection dropped) — retrying in 15s
[2026-07-20T00:12:31.145Z] TWS unavailable (connection dropped) — retrying in 15s
[2026-07-20T00:12:46.148Z] TWS unavailable (connection dropped) — retrying in 15s
[2026-07-20T00:13:01.151Z] TWS unavailable (connection dropped) — retrying in 15s
[2026-07-20T00:13:16.153Z] TWS unavailable (connection dropped) — retrying in 15s
[2026-07-20T00:13:31.157Z] TWS unavailable (connection dropped) — retrying in 15s
[2026-07-20T00:13:46.160Z] TWS unavailable (connection dropped) — retrying in 15s
[2026-07-20T00:14:01.163Z] TWS unavailable (connection dropped) — retrying in 15s
[2026-07-20T00:14:16.166Z] TWS unavailable (connection dropped) — retrying in 15s
[2026-07-20T00:14:31.171Z] TWS unavailable (connection dropped) — retrying in 15s
[2026-07-20T00:14:46.175Z] TWS unavailable (connection dropped) — retrying in 15s
[2026-07-20T00:15:01.177Z] TWS unavailable (connection dropped) — retrying in 15s
[2026-07-20T00:15:16.181Z] TWS unavailable (connection dropped) — retrying in 15s
[2026-07-20T00:15:31.184Z] TWS unavailable (connection dropped) — retrying in 15s
[2026-07-20T00:15:46.187Z] TWS unavailable (connection dropped) — retrying in 15s
[2026-07-20T00:16:01.190Z] TWS unavailable (connection dropped) — retrying in 15s
[2026-07-20T00:16:16.193Z] TWS unavailable (connection dropped) — retrying in 15s
[2026-07-20T00:16:31.196Z] TWS unavailable (connection dropped) — retrying in 15s
[2026-07-20T00:16:46.198Z] TWS unavailable (connection dropped) — retrying in 15s
[2026-07-20T00:17:01.202Z] TWS unavailable (connection dropped) — retrying in 15s
[2026-07-20T00:17:16.204Z] TWS unavailable (connection dropped) — retrying in 15s
[2026-07-20T00:17:31.207Z] TWS unavailable (connection dropped) — retrying in 15s
[2026-07-20T00:17:46.210Z] TWS unavailable (connection dropped) — retrying in 15s
[2026-07-20T00:18:01.214Z] TWS unavailable (connection dropped) — retrying in 15s
[2026-07-20T00:18:16.217Z] TWS unavailable (connection dropped) — retrying in 15s
[2026-07-20T00:18:31.221Z] TWS unavailable (connection dropped) — retrying in 15s
[2026-07-20T00:18:46.225Z] TWS unavailable (connection dropped) — retrying in 15s
[2026-07-20T00:19:01.229Z] TWS unavailable (connection dropped) — retrying in 15s
[2026-07-20T00:19:16.232Z] TWS unavailable (connection dropped) — retrying in 15s
[2026-07-20T00:19:31.236Z] TWS unavailable (connection dropped) — retrying in 15s
[2026-07-20T00:19:46.240Z] TWS unavailable (connection dropped) — retrying in 15s
[2026-07-20T00:20:01.244Z] TWS unavailable (connection dropped) — retrying in 15s
[2026-07-20T00:20:16.247Z] TWS unavailable (connection dropped) — retrying in 15s
[2026-07-20T00:20:31.250Z] TWS unavailable (connection dropped) — retrying in 15s
[2026-07-20T00:20:46.252Z] TWS unavailable (connection dropped) — retrying in 15s
[2026-07-20T00:21:01.255Z] TWS unavailable (connection dropped) — retrying in 15s
[2026-07-20T00:21:16.259Z] TWS unavailable (connection dropped) — retrying in 15s
[2026-07-20T00:21:31.263Z] TWS unavailable (connection dropped) — retrying in 15s
[2026-07-20T00:21:46.265Z] TWS unavailable (connection dropped) — retrying in 15s
[2026-07-20T00:22:01.272Z] TWS unavailable (connection dropped) — retrying in 15s
[2026-07-20T00:22:16.275Z] TWS unavailable (connection dropped) — retrying in 15s
[2026-07-20T00:22:31.281Z] TWS unavailable (connection dropped) — retrying in 15s
[2026-07-20T00:22:46.284Z] TWS unavailable (connection dropped) — retrying in 15s
[2026-07-20T00:23:01.288Z] TWS unavailable (connection dropped) — retrying in 15s
[2026-07-20T00:23:16.289Z] TWS unavailable (connection dropped) — retrying in 15s
[2026-07-20T00:23:31.293Z] TWS unavailable (connection dropped) — retrying in 15s
[2026-07-20T00:23:46.296Z] TWS unavailable (connection dropped) — retrying in 15s
[2026-07-20T00:24:01.300Z] TWS unavailable (connection dropped) — retrying in 15s
[2026-07-20T00:24:16.302Z] TWS unavailable (connection dropped) — retrying in 15s
[2026-07-20T00:24:31.305Z] TWS unavailable (connection dropped) — retrying in 15s
[2026-07-20T00:24:46.308Z] TWS unavailable (connection dropped) — retrying in 15s
[2026-07-20T00:25:01.311Z] TWS unavailable (connection dropped) — retrying in 15s
[2026-07-20T00:25:16.313Z] TWS unavailable (connection dropped) — retrying in 15s
[2026-07-20T00:25:31.317Z] TWS unavailable (connection dropped) — retrying in 15s
[2026-07-20T00:25:46.320Z] TWS unavailable (connection dropped) — retrying in 15s
[2026-07-20T00:26:01.325Z] TWS unavailable (connection dropped) — retrying in 15s
[2026-07-20T00:26:16.330Z] TWS unavailable (connection dropped) — retrying in 15s
[2026-07-20T00:26:31.332Z] TWS unavailable (connection dropped) — retrying in 15s
[2026-07-20T00:26:46.336Z] TWS unavailable (connection dropped) — retrying in 15s
[2026-07-20T00:27:01.339Z] TWS unavailable (connection dropped) — retrying in 15s
[2026-07-20T00:27:16.343Z] TWS unavailable (connection dropped) — retrying in 15s
[2026-07-20T00:27:31.345Z] TWS unavailable (connection dropped) — retrying in 15s
[2026-07-20T00:27:46.348Z] TWS unavailable (connection dropped) — retrying in 15s
[2026-07-20T00:28:01.351Z] TWS unavailable (connection dropped) — retrying in 15s
[2026-07-20T00:28:16.354Z] TWS unavailable (connection dropped) — retrying in 15s
[2026-07-20T00:28:31.359Z] TWS unavailable (connection dropped) — retrying in 15s
[2026-07-20T00:28:46.363Z] TWS unavailable (connection dropped) — retrying in 15s
[2026-07-20T00:29:01.369Z] TWS unavailable (connection dropped) — retrying in 15s
[2026-07-20T00:29:16.373Z] TWS unavailable (connection dropped) — retrying in 15s
[2026-07-20T00:29:31.375Z] TWS unavailable (connection dropped) — retrying in 15s
[2026-07-20T00:29:46.378Z] TWS unavailable (connection dropped) — retrying in 15s
[2026-07-20T00:30:01.390Z] TWS unavailable (connection dropped) — retrying in 15s
[2026-07-20T00:30:16.394Z] TWS unavailable (connection dropped) — retrying in 15s
[2026-07-20T00:30:31.398Z] TWS unavailable (connection dropped) — retrying in 15s
[2026-07-20T00:30:46.402Z] TWS unavailable (connection dropped) — retrying in 15s
[2026-07-20T00:31:01.406Z] TWS unavailable (connection dropped) — retrying in 15s
[2026-07-20T00:31:16.408Z] TWS unavailable (connection dropped) — retrying in 15s
[2026-07-20T00:31:31.411Z] TWS unavailable (connection dropped) — retrying in 15s
[2026-07-20T00:31:46.413Z] TWS unavailable (connection dropped) — retrying in 15s
[2026-07-20T00:32:01.415Z] TWS unavailable (connection dropped) — retrying in 15s
[2026-07-20T00:32:16.418Z] TWS unavailable (connection dropped) — retrying in 15s
[2026-07-20T00:32:31.421Z] TWS unavailable (connection dropped) — retrying in 15s
[2026-07-20T00:32:46.426Z] TWS unavailable (connection dropped) — retrying in 15s
[2026-07-20T00:33:01.430Z] TWS unavailable (connection dropped) — retrying in 15s
[2026-07-20T00:33:16.434Z] TWS unavailable (connection dropped) — retrying in 15s
[2026-07-20T00:33:31.437Z] TWS unavailable (connection dropped) — retrying in 15s
[2026-07-20T00:33:46.440Z] TWS unavailable (connection dropped) — retrying in 15s
[2026-07-20T00:34:01.442Z] TWS unavailable (connection dropped) — retrying in 15s
[2026-07-20T00:34:16.447Z] TWS unavailable (connection dropped) — retrying in 15s
[2026-07-20T00:34:31.450Z] TWS unavailable (connection dropped) — retrying in 15s
[2026-07-20T00:34:46.453Z] TWS unavailable (connection dropped) — retrying in 15s
[2026-07-20T00:35:01.456Z] TWS unavailable (connection dropped) — retrying in 15s
[2026-07-20T00:35:16.459Z] TWS unavailable (connection dropped) — retrying in 15s
[2026-07-20T00:35:31.461Z] TWS unavailable (connection dropped) — retrying in 15s
[2026-07-20T00:35:46.465Z] TWS unavailable (connection dropped) — retrying in 15s
[2026-07-20T00:36:01.469Z] TWS unavailable (connection dropped) — retrying in 15s
[2026-07-20T00:36:16.473Z] TWS unavailable (connection dropped) — retrying in 15s
[2026-07-20T00:36:31.475Z] TWS unavailable (connection dropped) — retrying in 15s
[2026-07-20T00:36:46.478Z] TWS unavailable (connection dropped) — retrying in 15s
[2026-07-20T00:37:01.484Z] TWS unavailable (connection dropped) — retrying in 15s
[2026-07-20T00:37:16.486Z] TWS unavailable (connection dropped) — retrying in 15s
[2026-07-20T00:37:31.487Z] TWS unavailable (connection dropped) — retrying in 15s
[2026-07-20T00:37:46.490Z] TWS unavailable (connection dropped) — retrying in 15s
[2026-07-20T00:38:01.494Z] TWS unavailable (connection dropped) — retrying in 15s
[2026-07-20T00:38:16.496Z] TWS unavailable (connection dropped) — retrying in 15s
[2026-07-20T00:38:31.499Z] TWS unavailable (connection dropped) — retrying in 15s
[2026-07-20T00:38:46.502Z] TWS unavailable (connection dropped) — retrying in 15s
[2026-07-20T00:39:01.506Z] TWS unavailable (connection dropped) — retrying in 15s
[2026-07-20T00:39:16.510Z] TWS unavailable (connection dropped) — retrying in 15s
[2026-07-20T00:39:31.512Z] TWS unavailable (connection dropped) — retrying in 15s
[2026-07-20T00:39:46.516Z] TWS unavailable (connection dropped) — retrying in 15s
[2026-07-20T00:40:01.520Z] TWS unavailable (connection dropped) — retrying in 15s
[2026-07-20T00:40:16.525Z] TWS unavailable (connection dropped) — retrying in 15s
[2026-07-20T00:40:31.528Z] TWS unavailable (connection dropped) — retrying in 15s
[2026-07-20T00:40:46.530Z] TWS unavailable (connection dropped) — retrying in 15s
[2026-07-20T00:41:01.533Z] TWS unavailable (connection dropped) — retrying in 15s
[2026-07-20T00:41:16.537Z] TWS unavailable (connection dropped) — retrying in 15s
[2026-07-20T00:41:31.541Z] TWS unavailable (connection dropped) — retrying in 15s
[2026-07-20T00:41:46.544Z] TWS unavailable (connection dropped) — retrying in 15s
[2026-07-20T00:42:01.548Z] TWS unavailable (connection dropped) — retrying in 15s
[2026-07-20T00:42:16.552Z] TWS unavailable (connection dropped) — retrying in 15s
[2026-07-20T00:42:31.555Z] TWS unavailable (connection dropped) — retrying in 15s
[2026-07-20T00:42:46.557Z] TWS unavailable (connection dropped) — retrying in 15s
[2026-07-20T00:43:01.560Z] TWS unavailable (connection dropped) — retrying in 15s
[2026-07-20T00:43:16.563Z] TWS unavailable (connection dropped) — retrying in 15s
[2026-07-20T00:43:31.568Z] TWS unavailable (connection dropped) — retrying in 15s
[2026-07-20T00:43:46.571Z] TWS unavailable (connection dropped) — retrying in 15s
[2026-07-20T00:44:01.575Z] TWS unavailable (connection dropped) — retrying in 15s
[2026-07-20T00:44:16.579Z] TWS unavailable (connection dropped) — retrying in 15s
[2026-07-20T00:44:31.583Z] TWS unavailable (connection dropped) — retrying in 15s
[2026-07-20T00:44:46.585Z] TWS unavailable (connection dropped) — retrying in 15s
[2026-07-20T00:45:01.589Z] TWS unavailable (connection dropped) — retrying in 15s
[2026-07-20T00:45:16.592Z] TWS unavailable (connection dropped) — retrying in 15s
[2026-07-20T00:45:31.595Z] TWS unavailable (connection dropped) — retrying in 15s
[2026-07-20T00:45:46.599Z] TWS unavailable (connection dropped) — retrying in 15s
[2026-07-20T00:46:01.602Z] TWS unavailable (connection dropped) — retrying in 15s
[2026-07-20T00:46:16.604Z] TWS unavailable (connection dropped) — retrying in 15s
[2026-07-20T00:46:31.608Z] TWS unavailable (connection dropped) — retrying in 15s
[2026-07-20T00:46:46.610Z] TWS unavailable (connection dropped) — retrying in 15s
[2026-07-20T00:47:01.613Z] TWS unavailable (connection dropped) — retrying in 15s
[2026-07-20T00:47:16.617Z] TWS unavailable (connection dropped) — retrying in 15s
[2026-07-20T00:47:31.619Z] TWS unavailable (connection dropped) — retrying in 15s
[2026-07-20T00:47:46.623Z] TWS unavailable (connection dropped) — retrying in 15s
[2026-07-20T00:48:01.627Z] TWS unavailable (connection dropped) — retrying in 15s
[2026-07-20T00:48:16.630Z] TWS unavailable (connection dropped) — retrying in 15s
[2026-07-20T00:48:31.634Z] TWS unavailable (connection dropped) — retrying in 15s
[2026-07-20T00:48:46.637Z] TWS unavailable (connection dropped) — retrying in 15s
[2026-07-20T00:49:01.641Z] TWS unavailable (connection dropped) — retrying in 15s
[2026-07-20T00:49:16.646Z] TWS unavailable (connection dropped) — retrying in 15s
[2026-07-20T00:49:31.648Z] TWS unavailable (connection dropped) — retrying in 15s
[2026-07-20T00:49:46.651Z] TWS unavailable (connection dropped) — retrying in 15s
[2026-07-20T00:50:01.653Z] TWS unavailable (connection dropped) — retrying in 15s
[2026-07-20T00:50:16.657Z] TWS unavailable (connection dropped) — retrying in 15s
[2026-07-20T00:50:31.659Z] TWS unavailable (connection dropped) — retrying in 15s
[2026-07-20T00:50:46.662Z] TWS unavailable (connection dropped) — retrying in 15s
[2026-07-20T00:51:01.666Z] TWS unavailable (connection dropped) — retrying in 15s
[2026-07-20T00:51:16.670Z] TWS unavailable (connection dropped) — retrying in 15s
[2026-07-20T00:51:31.673Z] TWS unavailable (connection dropped) — retrying in 15s
[2026-07-20T00:51:46.675Z] TWS unavailable (connection dropped) — retrying in 15s
[2026-07-20T00:52:01.679Z] TWS unavailable (connection dropped) — retrying in 15s
[2026-07-20T00:52:16.682Z] TWS unavailable (connection dropped) — retrying in 15s
[2026-07-20T00:52:31.685Z] TWS unavailable (connection dropped) — retrying in 15s
[2026-07-20T00:52:46.688Z] TWS unavailable (connection dropped) — retrying in 15s
[2026-07-20T00:53:01.692Z] TWS unavailable (connection dropped) — retrying in 15s
[2026-07-20T00:53:16.695Z] TWS unavailable (connection dropped) — retrying in 15s
[2026-07-20T00:53:31.698Z] TWS unavailable (connection dropped) — retrying in 15s
[2026-07-20T00:53:46.701Z] TWS unavailable (connection dropped) — retrying in 15s
[2026-07-20T00:54:01.705Z] TWS unavailable (connection dropped) — retrying in 15s
[2026-07-20T00:54:16.708Z] TWS unavailable (connection dropped) — retrying in 15s
[2026-07-20T00:54:31.711Z] TWS unavailable (connection dropped) — retrying in 15s
[2026-07-20T00:54:46.714Z] TWS unavailable (connection dropped) — retrying in 15s
[2026-07-20T00:55:01.718Z] TWS unavailable (connection dropped) — retrying in 15s
[2026-07-20T00:55:16.722Z] TWS unavailable (connection dropped) — retrying in 15s
[2026-07-20T00:55:31.724Z] TWS unavailable (connection dropped) — retrying in 15s
[2026-07-20T00:55:46.728Z] TWS unavailable (connection dropped) — retrying in 15s
[2026-07-20T00:56:01.731Z] TWS unavailable (connection dropped) — retrying in 15s
[2026-07-20T00:56:16.734Z] TWS unavailable (connection dropped) — retrying in 15s
[2026-07-20T00:56:31.738Z] TWS unavailable (connection dropped) — retrying in 15s
[2026-07-20T00:56:46.741Z] TWS unavailable (connection dropped) — retrying in 15s
[2026-07-20T00:57:01.745Z] TWS unavailable (connection dropped) — retrying in 15s
[2026-07-20T00:57:16.749Z] TWS unavailable (connection dropped) — retrying in 15s
[2026-07-20T00:57:31.751Z] TWS unavailable (connection dropped) — retrying in 15s
[2026-07-20T00:57:46.755Z] TWS unavailable (connection dropped) — retrying in 15s
[2026-07-20T00:58:01.760Z] TWS unavailable (connection dropped) — retrying in 15s
[2026-07-20T00:58:16.773Z] TWS unavailable (connection dropped) — retrying in 15s
[2026-07-20T00:58:31.776Z] TWS unavailable (connection dropped) — retrying in 15s
[2026-07-20T00:58:46.779Z] TWS unavailable (connection dropped) — retrying in 15s
[2026-07-20T00:59:01.782Z] TWS unavailable (connection dropped) — retrying in 15s
[2026-07-20T00:59:16.785Z] TWS unavailable (connection dropped) — retrying in 15s
[2026-07-20T00:59:31.789Z] TWS unavailable (connection dropped) — retrying in 15s
[2026-07-20T00:59:46.791Z] TWS unavailable (connection dropped) — retrying in 15s
[2026-07-20T01:00:01.797Z] TWS unavailable (connection dropped) — retrying in 15s
[2026-07-20T01:00:16.799Z] TWS unavailable (connection dropped) — retrying in 15s
[2026-07-20T01:00:31.803Z] TWS unavailable (connection dropped) — retrying in 15s
[2026-07-20T01:00:46.806Z] TWS unavailable (connection dropped) — retrying in 15s
[2026-07-20T01:01:01.810Z] TWS unavailable (connection dropped) — retrying in 15s
[2026-07-20T01:01:16.813Z] TWS unavailable (connection dropped) — retrying in 15s
[2026-07-20T01:01:31.816Z] TWS unavailable (connection dropped) — retrying in 15s
[2026-07-20T01:01:46.822Z] TWS unavailable (connection dropped) — retrying in 15s
[2026-07-20T01:02:01.827Z] TWS unavailable (connection dropped) — retrying in 15s
[2026-07-20T01:02:16.829Z] TWS unavailable (connection dropped) — retrying in 15s
[2026-07-20T01:02:31.833Z] TWS unavailable (connection dropped) — retrying in 15s
[2026-07-20T01:02:46.837Z] TWS unavailable (connection dropped) — retrying in 15s
[2026-07-20T01:03:01.841Z] TWS unavailable (connection dropped) — retrying in 15s
[2026-07-20T01:03:16.844Z] TWS unavailable (connection dropped) — retrying in 15s
[2026-07-20T01:03:31.849Z] TWS unavailable (connection dropped) — retrying in 15s
[2026-07-20T01:03:46.853Z] TWS unavailable (connection dropped) — retrying in 15s
[2026-07-20T01:04:01.858Z] TWS unavailable (connection dropped) — retrying in 15s
[2026-07-20T01:04:16.861Z] TWS unavailable (connection dropped) — retrying in 15s
[2026-07-20T01:04:31.864Z] TWS unavailable (connection dropped) — retrying in 15s
[2026-07-20T01:04:46.867Z] TWS unavailable (connection dropped) — retrying in 15s
[2026-07-20T01:05:01.871Z] TWS unavailable (connection dropped) — retrying in 15s
[2026-07-20T01:05:16.874Z] TWS unavailable (connection dropped) — retrying in 15s
[2026-07-20T01:05:31.878Z] TWS unavailable (connection dropped) — retrying in 15s
[2026-07-20T01:05:46.880Z] TWS unavailable (connection dropped) — retrying in 15s
[2026-07-20T01:06:01.884Z] TWS unavailable (connection dropped) — retrying in 15s
[2026-07-20T01:06:16.887Z] TWS unavailable (connection dropped) — retrying in 15s
[2026-07-20T01:06:31.891Z] TWS unavailable (connection dropped) — retrying in 15s
[2026-07-20T01:06:46.893Z] TWS unavailable (connection dropped) — retrying in 15s
[2026-07-20T01:07:01.895Z] TWS unavailable (connection dropped) — retrying in 15s
[2026-07-20T01:07:16.900Z] TWS unavailable (connection dropped) — retrying in 15s
[2026-07-20T01:07:31.903Z] TWS unavailable (connection dropped) — retrying in 15s
[2026-07-20T01:07:46.906Z] TWS unavailable (connection dropped) — retrying in 15s
[2026-07-20T01:08:01.917Z] TWS unavailable (connection dropped) — retrying in 15s
[2026-07-20T01:08:16.921Z] TWS unavailable (connection dropped) — retrying in 15s
[2026-07-20T01:08:31.924Z] TWS unavailable (connection dropped) — retrying in 15s
[2026-07-20T01:08:46.928Z] TWS unavailable (connection dropped) — retrying in 15s
[2026-07-20T01:09:01.933Z] TWS unavailable (connection dropped) — retrying in 15s
[2026-07-20T01:09:16.936Z] TWS unavailable (connection dropped) — retrying in 15s
[2026-07-20T01:09:31.939Z] TWS unavailable (connection dropped) — retrying in 15s
[2026-07-20T01:09:46.942Z] TWS unavailable (connection dropped) — retrying in 15s
[2026-07-20T01:10:01.946Z] TWS unavailable (connection dropped) — retrying in 15s
[2026-07-20T01:10:16.949Z] TWS unavailable (connection dropped) — retrying in 15s
[2026-07-20T01:10:31.952Z] TWS unavailable (connection dropped) — retrying in 15s
[2026-07-20T01:10:46.955Z] TWS unavailable (connection dropped) — retrying in 15s
[2026-07-20T01:11:01.959Z] TWS unavailable (connection dropped) — retrying in 15s
[2026-07-20T01:11:16.962Z] TWS unavailable (connection dropped) — retrying in 15s
[2026-07-20T01:11:31.965Z] TWS unavailable (connection dropped) — retrying in 15s
[2026-07-20T01:11:46.968Z] TWS unavailable (connection dropped) — retrying in 15s
[2026-07-20T01:12:01.979Z] TWS unavailable (connection dropped) — retrying in 15s
[2026-07-20T01:12:16.985Z] TWS unavailable (connection dropped) — retrying in 15s
[2026-07-20T01:12:31.989Z] TWS unavailable (connection dropped) — retrying in 15s
[2026-07-20T01:12:46.993Z] TWS unavailable (connection dropped) — retrying in 15s
[2026-07-20T01:13:01.996Z] TWS unavailable (connection dropped) — retrying in 15s
[2026-07-20T01:13:17.000Z] TWS unavailable (connection dropped) — retrying in 15s
[2026-07-20T01:13:32.003Z] TWS unavailable (connection dropped) — retrying in 15s
[2026-07-20T01:13:47.005Z] TWS unavailable (connection dropped) — retrying in 15s
[2026-07-20T01:14:02.011Z] TWS unavailable (connection dropped) — retrying in 15s
[2026-07-20T01:14:17.013Z] TWS unavailable (connection dropped) — retrying in 15s
[2026-07-20T01:14:32.017Z] TWS unavailable (connection dropped) — retrying in 15s
[2026-07-20T01:14:47.019Z] TWS unavailable (connection dropped) — retrying in 15s
[2026-07-20T01:15:02.025Z] TWS unavailable (connection dropped) — retrying in 15s
[2026-07-20T01:15:17.029Z] TWS unavailable (connection dropped) — retrying in 15s
[2026-07-20T01:15:32.032Z] TWS unavailable (connection dropped) — retrying in 15s
[2026-07-20T01:15:47.035Z] TWS unavailable (connection dropped) — retrying in 15s
[2026-07-20T01:16:02.039Z] TWS unavailable (connection dropped) — retrying in 15s
[2026-07-20T01:16:17.043Z] TWS unavailable (connection dropped) — retrying in 15s
[2026-07-20T01:16:32.046Z] TWS unavailable (connection dropped) — retrying in 15s
[2026-07-20T01:16:47.048Z] TWS unavailable (connection dropped) — retrying in 15s
[2026-07-20T01:17:02.053Z] TWS unavailable (connection dropped) — retrying in 15s
[2026-07-20T01:17:17.057Z] TWS unavailable (connection dropped) — retrying in 15s
[2026-07-20T01:17:32.060Z] TWS unavailable (connection dropped) — retrying in 15s
[2026-07-20T01:17:47.065Z] TWS unavailable (connection dropped) — retrying in 15s
[2026-07-20T01:18:02.070Z] TWS unavailable (connection dropped) — retrying in 15s
[2026-07-20T01:18:17.074Z] TWS unavailable (connection dropped) — retrying in 15s
[2026-07-20T01:18:32.076Z] TWS unavailable (connection dropped) — retrying in 15s
[2026-07-20T01:18:47.080Z] TWS unavailable (connection dropped) — retrying in 15s
[2026-07-20T01:19:02.084Z] TWS unavailable (connection dropped) — retrying in 15s
[2026-07-20T01:19:17.086Z] TWS unavailable (connection dropped) — retrying in 15s
[2026-07-20T01:19:32.090Z] TWS unavailable (connection dropped) — retrying in 15s
[2026-07-20T01:19:47.092Z] TWS unavailable (connection dropped) — retrying in 15s
[2026-07-20T01:20:02.097Z] TWS unavailable (connection dropped) — retrying in 15s
[2026-07-20T01:20:17.100Z] TWS unavailable (connection dropped) — retrying in 15s
[2026-07-20T01:20:32.103Z] TWS unavailable (connection dropped) — retrying in 15s
[2026-07-20T01:20:47.106Z] TWS unavailable (connection dropped) — retrying in 15s
[2026-07-20T01:21:02.109Z] TWS unavailable (connection dropped) — retrying in 15s
[2026-07-20T01:21:17.112Z] TWS unavailable (connection dropped) — retrying in 15s
[2026-07-20T01:21:32.116Z] TWS unavailable (connection dropped) — retrying in 15s
[2026-07-20T01:21:47.120Z] TWS unavailable (connection dropped) — retrying in 15s
[2026-07-20T01:22:02.126Z] TWS unavailable (connection dropped) — retrying in 15s
[2026-07-20T01:22:17.130Z] TWS unavailable (connection dropped) — retrying in 15s
[2026-07-20T01:22:32.139Z] TWS unavailable (connection dropped) — retrying in 15s
[2026-07-20T01:22:47.141Z] TWS unavailable (connection dropped) — retrying in 15s
[2026-07-20T01:23:02.145Z] TWS unavailable (connection dropped) — retrying in 15s
[2026-07-20T01:23:17.148Z] TWS unavailable (connection dropped) — retrying in 15s
[2026-07-20T01:23:32.153Z] TWS unavailable (connection dropped) — retrying in 15s
[2026-07-20T01:23:47.155Z] TWS unavailable (connection dropped) — retrying in 15s
[2026-07-20T01:24:02.164Z] TWS unavailable (connection dropped) — retrying in 15s
[2026-07-20T01:24:17.168Z] TWS unavailable (connection dropped) — retrying in 15s
[2026-07-20T01:24:32.171Z] TWS unavailable (connection dropped) — retrying in 15s
[2026-07-20T01:24:47.174Z] TWS unavailable (connection dropped) — retrying in 15s
[2026-07-20T01:25:02.179Z] TWS unavailable (connection dropped) — retrying in 15s
[2026-07-20T01:25:17.183Z] TWS unavailable (connection dropped) — retrying in 15s
[2026-07-20T01:25:32.186Z] TWS unavailable (connection dropped) — retrying in 15s
[2026-07-20T01:25:47.189Z] TWS unavailable (connection dropped) — retrying in 15s
[2026-07-20T01:26:02.192Z] TWS unavailable (connection dropped) — retrying in 15s
[2026-07-20T01:26:17.195Z] TWS unavailable (connection dropped) — retrying in 15s
[2026-07-20T01:26:32.198Z] TWS unavailable (connection dropped) — retrying in 15s
[2026-07-20T01:26:47.202Z] TWS unavailable (connection dropped) — retrying in 15s
[2026-07-20T01:27:02.205Z] TWS unavailable (connection dropped) — retrying in 15s
[2026-07-20T01:27:17.207Z] TWS unavailable (connection dropped) — retrying in 15s
[2026-07-20T01:27:32.210Z] TWS unavailable (connection dropped) — retrying in 15s
[2026-07-20T01:27:47.212Z] TWS unavailable (connection dropped) — retrying in 15s
[2026-07-20T01:28:02.215Z] TWS unavailable (connection dropped) — retrying in 15s
[2026-07-20T01:28:17.218Z] TWS unavailable (connection dropped) — retrying in 15s
[2026-07-20T01:28:32.222Z] TWS unavailable (connection dropped) — retrying in 15s
[2026-07-20T01:28:47.225Z] TWS unavailable (connection dropped) — retrying in 15s
[2026-07-20T01:29:02.228Z] TWS unavailable (connection dropped) — retrying in 15s
[2026-07-20T01:29:17.232Z] TWS unavailable (connection dropped) — retrying in 15s
[2026-07-20T01:29:32.235Z] TWS unavailable (connection dropped) — retrying in 15s
[2026-07-20T01:29:47.238Z] TWS unavailable (connection dropped) — retrying in 15s
[2026-07-20T01:30:02.243Z] TWS unavailable (connection dropped) — retrying in 15s
[2026-07-20T01:30:17.245Z] TWS unavailable (connection dropped) — retrying in 15s
[2026-07-20T01:30:32.248Z] TWS unavailable (connection dropped) — retrying in 15s
[2026-07-20T01:30:47.250Z] TWS unavailable (connection dropped) — retrying in 15s
[2026-07-20T01:31:02.253Z] TWS unavailable (connection dropped) — retrying in 15s
[2026-07-20T01:31:17.257Z] TWS unavailable (connection dropped) — retrying in 15s
[2026-07-20T01:31:32.260Z] TWS unavailable (connection dropped) — retrying in 15s
[2026-07-20T01:31:47.264Z] TWS unavailable (connection dropped) — retrying in 15s
[2026-07-20T01:32:02.267Z] TWS unavailable (connection dropped) — retrying in 15s
[2026-07-20T01:32:17.271Z] TWS unavailable (connection dropped) — retrying in 15s
[2026-07-20T01:32:32.274Z] TWS unavailable (connection dropped) — retrying in 15s
[2026-07-20T01:32:47.277Z] TWS unavailable (connection dropped) — retrying in 15s
[2026-07-20T01:33:02.280Z] TWS unavailable (connection dropped) — retrying in 15s
[2026-07-20T01:33:17.283Z] TWS unavailable (connection dropped) — retrying in 15s
[2026-07-20T01:33:32.285Z] TWS unavailable (connection dropped) — retrying in 15s
[2026-07-20T01:33:47.288Z] TWS unavailable (connection dropped) — retrying in 15s
[2026-07-20T01:34:02.290Z] TWS unavailable (connection dropped) — retrying in 15s
[2026-07-20T01:34:17.293Z] TWS unavailable (connection dropped) — retrying in 15s
[2026-07-20T01:34:32.295Z] TWS unavailable (connection dropped) — retrying in 15s
[2026-07-20T01:34:47.298Z] TWS unavailable (connection dropped) — retrying in 15s
[2026-07-20T01:35:02.308Z] TWS unavailable (connection dropped) — retrying in 15s
[2026-07-20T01:35:17.311Z] TWS unavailable (connection dropped) — retrying in 15s
[2026-07-20T01:35:32.315Z] TWS unavailable (connection dropped) — retrying in 15s
[2026-07-20T01:35:47.317Z] TWS unavailable (connection dropped) — retrying in 15s
[2026-07-20T01:36:02.321Z] TWS unavailable (connection dropped) — retrying in 15s
[2026-07-20T01:36:17.323Z] TWS unavailable (connection dropped) — retrying in 15s
[2026-07-20T01:36:32.325Z] TWS unavailable (connection dropped) — retrying in 15s
[2026-07-20T01:36:47.328Z] TWS unavailable (connection dropped) — retrying in 15s
[2026-07-20T01:37:02.330Z] TWS unavailable (connection dropped) — retrying in 15s
[2026-07-20T01:37:17.334Z] TWS unavailable (connection dropped) — retrying in 15s
[2026-07-20T01:37:32.337Z] TWS unavailable (connection dropped) — retrying in 15s
[2026-07-20T01:37:47.338Z] TWS unavailable (connection dropped) — retrying in 15s
[2026-07-20T01:38:02.341Z] TWS unavailable (connection dropped) — retrying in 15s
[2026-07-20T01:38:17.345Z] TWS unavailable (connection dropped) — retrying in 15s
[2026-07-20T01:38:32.348Z] TWS unavailable (connection dropped) — retrying in 15s
[2026-07-20T01:38:47.350Z] TWS unavailable (connection dropped) — retrying in 15s
[2026-07-20T01:39:02.353Z] TWS unavailable (connection dropped) — retrying in 15s
[2026-07-20T01:39:17.357Z] TWS unavailable (connection dropped) — retrying in 15s
[2026-07-20T01:39:32.360Z] TWS unavailable (connection dropped) — retrying in 15s
[2026-07-20T01:39:47.362Z] TWS unavailable (connection dropped) — retrying in 15s
[2026-07-20T01:40:02.366Z] TWS unavailable (connection dropped) — retrying in 15s
[2026-07-20T01:40:17.368Z] TWS unavailable (connection dropped) — retrying in 15s
[2026-07-20T01:40:32.371Z] TWS unavailable (connection dropped) — retrying in 15s
[2026-07-20T01:40:47.374Z] TWS unavailable (connection dropped) — retrying in 15s
[2026-07-20T01:41:02.379Z] TWS unavailable (connection dropped) — retrying in 15s
[2026-07-20T01:41:17.383Z] TWS unavailable (connection dropped) — retrying in 15s
[2026-07-20T01:41:32.386Z] TWS unavailable (connection dropped) — retrying in 15s
[2026-07-20T01:41:47.390Z] TWS unavailable (connection dropped) — retrying in 15s
[2026-07-20T01:42:02.395Z] TWS unavailable (connection dropped) — retrying in 15s
[2026-07-20T01:42:17.398Z] TWS unavailable (connection dropped) — retrying in 15s
[2026-07-20T01:42:32.400Z] TWS unavailable (connection dropped) — retrying in 15s
[2026-07-20T01:42:47.403Z] TWS unavailable (connection dropped) — retrying in 15s
[2026-07-20T01:43:02.407Z] TWS unavailable (connection dropped) — retrying in 15s
[2026-07-20T01:43:17.410Z] TWS unavailable (connection dropped) — retrying in 15s
[2026-07-20T01:43:32.412Z] TWS unavailable (connection dropped) — retrying in 15s
[2026-07-20T01:43:47.416Z] TWS unavailable (connection dropped) — retrying in 15s
[2026-07-20T01:44:02.425Z] TWS unavailable (connection dropped) — retrying in 15s
[2026-07-20T01:44:17.427Z] TWS unavailable (connection dropped) — retrying in 15s
[2026-07-20T01:44:32.431Z] TWS unavailable (connection dropped) — retrying in 15s
[2026-07-20T01:44:47.435Z] TWS unavailable (connection dropped) — retrying in 15s
[2026-07-20T01:45:02.438Z] TWS unavailable (connection dropped) — retrying in 15s
[2026-07-20T01:45:17.442Z] TWS unavailable (connection dropped) — retrying in 15s
[2026-07-20T01:45:32.445Z] TWS unavailable (connection dropped) — retrying in 15s
[2026-07-20T01:45:47.449Z] TWS unavailable (connection dropped) — retrying in 15s
[2026-07-20T01:46:02.453Z] TWS unavailable (connection dropped) — retrying in 15s
[2026-07-20T01:46:17.455Z] TWS unavailable (connection dropped) — retrying in 15s
[2026-07-20T01:46:32.459Z] TWS unavailable (connection dropped) — retrying in 15s
[2026-07-20T01:46:47.462Z] TWS unavailable (connection dropped) — retrying in 15s
[2026-07-20T01:47:02.465Z] TWS unavailable (connection dropped) — retrying in 15s
[2026-07-20T01:47:17.468Z] TWS unavailable (connection dropped) — retrying in 15s
[2026-07-20T01:47:32.470Z] TWS unavailable (connection dropped) — retrying in 15s
[2026-07-20T01:47:47.474Z] TWS unavailable (connection dropped) — retrying in 15s
[2026-07-20T01:48:02.477Z] TWS unavailable (connection dropped) — retrying in 15s
[2026-07-20T01:48:17.481Z] TWS unavailable (connection dropped) — retrying in 15s
[2026-07-20T01:48:32.484Z] TWS unavailable (connection dropped) — retrying in 15s
[2026-07-20T01:48:47.487Z] TWS unavailable (connection dropped) — retrying in 15s
[2026-07-20T01:49:02.491Z] TWS unavailable (connection dropped) — retrying in 15s
[2026-07-20T01:49:17.493Z] TWS unavailable (connection dropped) — retrying in 15s
[2026-07-20T01:49:32.497Z] TWS unavailable (connection dropped) — retrying in 15s
[2026-07-20T01:49:47.499Z] TWS unavailable (connection dropped) — retrying in 15s
[2026-07-20T01:50:02.505Z] TWS unavailable (connection dropped) — retrying in 15s
[2026-07-20T01:50:17.508Z] TWS unavailable (connection dropped) — retrying in 15s
[2026-07-20T01:50:32.512Z] TWS unavailable (connection dropped) — retrying in 15s
[2026-07-20T01:50:47.515Z] TWS unavailable (connection dropped) — retrying in 15s
[2026-07-20T01:51:02.518Z] TWS unavailable (connection dropped) — retrying in 15s
[2026-07-20T01:51:17.521Z] TWS unavailable (connection dropped) — retrying in 15s
[2026-07-20T01:51:32.524Z] TWS unavailable (connection dropped) — retrying in 15s
[2026-07-20T01:51:47.527Z] TWS unavailable (connection dropped) — retrying in 15s
[2026-07-20T01:52:02.531Z] TWS unavailable (connection dropped) — retrying in 15s
[2026-07-20T01:52:17.534Z] TWS unavailable (connection dropped) — retrying in 15s
[2026-07-20T01:52:32.538Z] TWS unavailable (connection dropped) — retrying in 15s
[2026-07-20T01:52:47.541Z] TWS unavailable (connection dropped) — retrying in 15s
[2026-07-20T01:53:02.545Z] TWS unavailable (connection dropped) — retrying in 15s
[2026-07-20T01:53:17.548Z] TWS unavailable (connection dropped) — retrying in 15s
[2026-07-20T01:53:32.550Z] TWS unavailable (connection dropped) — retrying in 15s
[2026-07-20T01:53:47.554Z] TWS unavailable (connection dropped) — retrying in 15s
[2026-07-20T01:54:02.556Z] TWS unavailable (connection dropped) — retrying in 15s
[2026-07-20T01:54:17.558Z] TWS unavailable (connection dropped) — retrying in 15s
[2026-07-20T01:54:32.562Z] TWS unavailable (connection dropped) — retrying in 15s
[2026-07-20T01:54:47.566Z] TWS unavailable (connection dropped) — retrying in 15s
[2026-07-20T01:55:02.570Z] TWS unavailable (connection dropped) — retrying in 15s
[2026-07-20T01:55:17.572Z] TWS unavailable (connection dropped) — retrying in 15s
[2026-07-20T01:55:32.575Z] TWS unavailable (connection dropped) — retrying in 15s
[2026-07-20T01:55:47.577Z] TWS unavailable (connection dropped) — retrying in 15s
[2026-07-20T01:56:02.582Z] TWS unavailable (connection dropped) — retrying in 15s
[2026-07-20T01:56:17.586Z] TWS unavailable (connection dropped) — retrying in 15s
[2026-07-20T01:56:32.589Z] TWS unavailable (connection dropped) — retrying in 15s
[2026-07-20T01:56:47.591Z] TWS unavailable (connection dropped) — retrying in 15s
[2026-07-20T01:57:02.594Z] TWS unavailable (connection dropped) — retrying in 15s
[2026-07-20T01:57:17.598Z] TWS unavailable (connection dropped) — retrying in 15s
[2026-07-20T01:57:32.600Z] TWS unavailable (connection dropped) — retrying in 15s
[2026-07-20T01:57:47.603Z] TWS unavailable (connection dropped) — retrying in 15s
[2026-07-20T01:58:02.606Z] TWS unavailable (connection dropped) — retrying in 15s
[2026-07-20T01:58:17.609Z] TWS unavailable (connection dropped) — retrying in 15s
[2026-07-20T01:58:32.612Z] TWS unavailable (connection dropped) — retrying in 15s
[2026-07-20T01:58:47.615Z] TWS unavailable (connection dropped) — retrying in 15s
[2026-07-20T01:59:02.618Z] TWS unavailable (connection dropped) — retrying in 15s
[2026-07-20T01:59:17.621Z] TWS unavailable (connection dropped) — retrying in 15s
[2026-07-20T01:59:32.624Z] TWS unavailable (connection dropped) — retrying in 15s
[2026-07-20T01:59:47.627Z] TWS unavailable (connection dropped) — retrying in 15s
[2026-07-20T02:00:02.632Z] TWS unavailable (connection dropped) — retrying in 15s
[2026-07-20T02:00:17.636Z] TWS unavailable (connection dropped) — retrying in 15s
[2026-07-20T02:00:32.638Z] TWS unavailable (connection dropped) — retrying in 15s
[2026-07-20T02:00:47.642Z] TWS unavailable (connection dropped) — retrying in 15s
[2026-07-20T02:01:02.647Z] TWS unavailable (connection dropped) — retrying in 15s
[2026-07-20T02:01:17.651Z] TWS unavailable (connection dropped) — retrying in 15s
[2026-07-20T02:01:32.655Z] TWS unavailable (connection dropped) — retrying in 15s
[2026-07-20T02:01:47.659Z] TWS unavailable (connection dropped) — retrying in 15s
[2026-07-20T02:02:02.662Z] TWS unavailable (connection dropped) — retrying in 15s
[2026-07-20T02:02:17.669Z] TWS unavailable (connection dropped) — retrying in 15s
[2026-07-20T02:02:32.671Z] TWS unavailable (connection dropped) — retrying in 15s
[2026-07-20T02:02:47.674Z] TWS unavailable (connection dropped) — retrying in 15s
[2026-07-20T02:03:02.678Z] TWS unavailable (connection dropped) — retrying in 15s
[2026-07-20T02:03:17.682Z] TWS unavailable (connection dropped) — retrying in 15s
[2026-07-20T02:03:32.685Z] TWS unavailable (connection dropped) — retrying in 15s
[2026-07-20T02:03:47.689Z] TWS unavailable (connection dropped) — retrying in 15s
[2026-07-20T02:04:02.693Z] TWS unavailable (connection dropped) — retrying in 15s
[2026-07-20T02:04:17.695Z] TWS unavailable (connection dropped) — retrying in 15s
[2026-07-20T02:04:32.698Z] TWS unavailable (connection dropped) — retrying in 15s
[2026-07-20T02:04:47.700Z] TWS unavailable (connection dropped) — retrying in 15s
[2026-07-20T02:05:02.706Z] TWS unavailable (connection dropped) — retrying in 15s
[2026-07-20T02:05:17.709Z] TWS unavailable (connection dropped) — retrying in 15s
[2026-07-20T02:05:32.711Z] TWS unavailable (connection dropped) — retrying in 15s
[2026-07-20T02:05:47.714Z] TWS unavailable (connection dropped) — retrying in 15s
[2026-07-20T02:06:02.716Z] TWS unavailable (connection dropped) — retrying in 15s
[2026-07-20T02:06:17.719Z] TWS unavailable (connection dropped) — retrying in 15s
[2026-07-20T02:06:32.722Z] TWS unavailable (connection dropped) — retrying in 15s
[2026-07-20T02:06:47.726Z] TWS unavailable (connection dropped) — retrying in 15s
[2026-07-20T02:07:02.728Z] TWS unavailable (connection dropped) — retrying in 15s
[2026-07-20T02:07:17.731Z] TWS unavailable (connection dropped) — retrying in 15s
[2026-07-20T02:07:32.733Z] TWS unavailable (connection dropped) — retrying in 15s
[2026-07-20T02:07:47.737Z] TWS unavailable (connection dropped) — retrying in 15s
[2026-07-20T02:08:02.742Z] TWS unavailable (connection dropped) — retrying in 15s
[2026-07-20T02:08:17.743Z] TWS unavailable (connection dropped) — retrying in 15s
[2026-07-20T02:08:32.746Z] TWS unavailable (connection dropped) — retrying in 15s
[2026-07-20T02:08:47.750Z] TWS unavailable (connection dropped) — retrying in 15s
[2026-07-20T02:09:02.753Z] TWS unavailable (connection dropped) — retrying in 15s
[2026-07-20T02:09:17.756Z] TWS unavailable (connection dropped) — retrying in 15s
[2026-07-20T02:09:32.759Z] TWS unavailable (connection dropped) — retrying in 15s
[2026-07-20T02:09:47.761Z] TWS unavailable (connection dropped) — retrying in 15s
[2026-07-20T02:10:02.766Z] TWS unavailable (connection dropped) — retrying in 15s
[2026-07-20T02:10:17.769Z] TWS unavailable (connection dropped) — retrying in 15s
[2026-07-20T02:10:32.772Z] TWS unavailable (connection dropped) — retrying in 15s
[2026-07-20T02:10:47.774Z] TWS unavailable (connection dropped) — retrying in 15s
[2026-07-20T02:11:02.777Z] TWS unavailable (connection dropped) — retrying in 15s
[2026-07-20T02:11:17.780Z] TWS unavailable (connection dropped) — retrying in 15s
[2026-07-20T02:11:32.784Z] TWS unavailable (connection dropped) — retrying in 15s
[2026-07-20T02:11:47.788Z] TWS unavailable (connection dropped) — retrying in 15s
[2026-07-20T02:12:02.790Z] TWS unavailable (connection dropped) — retrying in 15s
[2026-07-20T02:12:17.792Z] TWS unavailable (connection dropped) — retrying in 15s
[2026-07-20T02:12:32.794Z] TWS unavailable (connection dropped) — retrying in 15s
[2026-07-20T02:12:47.796Z] TWS unavailable (connection dropped) — retrying in 15s
[2026-07-20T02:13:02.799Z] TWS unavailable (connection dropped) — retrying in 15s
[2026-07-20T02:13:17.802Z] TWS unavailable (connection dropped) — retrying in 15s
[2026-07-20T02:13:32.804Z] TWS unavailable (connection dropped) — retrying in 15s
[2026-07-20T02:13:47.806Z] TWS unavailable (connection dropped) — retrying in 15s
[2026-07-20T02:14:02.809Z] TWS unavailable (connection dropped) — retrying in 15s
[2026-07-20T02:14:17.811Z] TWS unavailable (connection dropped) — retrying in 15s
[2026-07-20T02:14:32.813Z] TWS unavailable (connection dropped) — retrying in 15s
[2026-07-20T02:14:47.816Z] TWS unavailable (connection dropped) — retrying in 15s
[2026-07-20T02:15:02.818Z] TWS unavailable (connection dropped) — retrying in 15s
[2026-07-20T02:15:17.822Z] TWS unavailable (connection dropped) — retrying in 15s
[2026-07-20T02:15:32.825Z] TWS unavailable (connection dropped) — retrying in 15s
[2026-07-20T02:15:47.828Z] TWS unavailable (connection dropped) — retrying in 15s
[2026-07-20T02:16:02.832Z] TWS unavailable (connection dropped) — retrying in 15s
[2026-07-20T02:16:17.836Z] TWS unavailable (connection dropped) — retrying in 15s
[2026-07-20T02:16:32.839Z] TWS unavailable (connection dropped) — retrying in 15s
[2026-07-20T02:16:47.842Z] TWS unavailable (connection dropped) — retrying in 15s
[2026-07-20T02:17:02.845Z] TWS unavailable (connection dropped) — retrying in 15s
[2026-07-20T02:17:17.849Z] TWS unavailable (connection dropped) — retrying in 15s
[2026-07-20T02:17:32.851Z] TWS unavailable (connection dropped) — retrying in 15s
[2026-07-20T02:17:47.854Z] TWS unavailable (connection dropped) — retrying in 15s
[2026-07-20T02:18:02.856Z] TWS unavailable (connection dropped) — retrying in 15s
[2026-07-20T02:18:17.859Z] TWS unavailable (connection dropped) — retrying in 15s
[2026-07-20T02:18:32.862Z] TWS unavailable (connection dropped) — retrying in 15s
[2026-07-20T02:18:47.864Z] TWS unavailable (connection dropped) — retrying in 15s
[2026-07-20T02:19:02.868Z] TWS unavailable (connection dropped) — retrying in 15s
[2026-07-20T02:19:17.871Z] TWS unavailable (connection dropped) — retrying in 15s
[2026-07-20T02:19:32.874Z] TWS unavailable (connection dropped) — retrying in 15s
[2026-07-20T02:19:47.878Z] TWS unavailable (connection dropped) — retrying in 15s
[2026-07-20T02:20:02.881Z] TWS unavailable (connection dropped) — retrying in 15s
[2026-07-20T02:20:17.885Z] TWS unavailable (connection dropped) — retrying in 15s
[2026-07-20T02:20:32.887Z] TWS unavailable (connection dropped) — retrying in 15s
[2026-07-20T02:20:47.890Z] TWS unavailable (connection dropped) — retrying in 15s
[2026-07-20T02:21:02.894Z] TWS unavailable (connection dropped) — retrying in 15s
[2026-07-20T02:21:17.897Z] TWS unavailable (connection dropped) — retrying in 15s
[2026-07-20T02:21:32.899Z] TWS unavailable (connection dropped) — retrying in 15s
[2026-07-20T02:21:47.901Z] TWS unavailable (connection dropped) — retrying in 15s
[2026-07-20T02:22:02.903Z] TWS unavailable (connection dropped) — retrying in 15s
[2026-07-20T02:22:17.907Z] TWS unavailable (connection dropped) — retrying in 15s
[2026-07-20T02:22:32.910Z] TWS unavailable (connection dropped) — retrying in 15s
[2026-07-20T02:22:47.911Z] TWS unavailable (connection dropped) — retrying in 15s
[2026-07-20T02:23:02.915Z] TWS unavailable (connection dropped) — retrying in 15s
[2026-07-20T02:23:17.917Z] TWS unavailable (connection dropped) — retrying in 15s
[2026-07-20T02:23:32.921Z] TWS unavailable (connection dropped) — retrying in 15s
[2026-07-20T02:23:47.923Z] TWS unavailable (connection dropped) — retrying in 15s
[2026-07-20T02:24:02.925Z] TWS unavailable (connection dropped) — retrying in 15s
[2026-07-20T02:24:17.928Z] TWS unavailable (connection dropped) — retrying in 15s
[2026-07-20T02:24:32.931Z] TWS unavailable (connection dropped) — retrying in 15s
[2026-07-20T02:24:47.934Z] TWS unavailable (connection dropped) — retrying in 15s
[2026-07-20T02:25:02.938Z] TWS unavailable (connection dropped) — retrying in 15s
[2026-07-20T02:25:17.942Z] TWS unavailable (connection dropped) — retrying in 15s
[2026-07-20T02:25:32.945Z] TWS unavailable (connection dropped) — retrying in 15s
[2026-07-20T02:25:47.948Z] TWS unavailable (connection dropped) — retrying in 15s
[2026-07-20T02:26:02.950Z] TWS unavailable (connection dropped) — retrying in 15s
[2026-07-20T02:26:17.952Z] TWS unavailable (connection dropped) — retrying in 15s
[2026-07-20T02:26:32.956Z] TWS unavailable (connection dropped) — retrying in 15s
[2026-07-20T02:26:47.959Z] TWS unavailable (connection dropped) — retrying in 15s
[2026-07-20T02:27:02.962Z] TWS unavailable (connection dropped) — retrying in 15s
[2026-07-20T02:27:17.970Z] TWS unavailable (connection dropped) — retrying in 15s
[2026-07-20T02:27:32.973Z] TWS unavailable (connection dropped) — retrying in 15s
[2026-07-20T02:27:47.976Z] TWS unavailable (connection dropped) — retrying in 15s
[2026-07-20T02:28:02.980Z] TWS unavailable (connection dropped) — retrying in 15s
[2026-07-20T02:28:17.983Z] TWS unavailable (connection dropped) — retrying in 15s
[2026-07-20T02:28:32.986Z] TWS unavailable (connection dropped) — retrying in 15s
[2026-07-20T02:28:47.989Z] TWS unavailable (connection dropped) — retrying in 15s
[2026-07-20T02:29:02.992Z] TWS unavailable (connection dropped) — retrying in 15s
[2026-07-20T02:29:17.995Z] TWS unavailable (connection dropped) — retrying in 15s
[2026-07-20T02:29:32.998Z] TWS unavailable (connection dropped) — retrying in 15s
[2026-07-20T02:29:48.001Z] TWS unavailable (connection dropped) — retrying in 15s
[2026-07-20T02:30:03.005Z] TWS unavailable (connection dropped) — retrying in 15s
[2026-07-20T02:30:18.009Z] TWS unavailable (connection dropped) — retrying in 15s
[2026-07-20T02:30:33.011Z] TWS unavailable (connection dropped) — retrying in 15s
[2026-07-20T02:30:48.015Z] TWS unavailable (connection dropped) — retrying in 15s
[2026-07-20T02:31:03.019Z] TWS unavailable (connection dropped) — retrying in 15s
[2026-07-20T02:31:18.023Z] TWS unavailable (connection dropped) — retrying in 15s
[2026-07-20T02:31:33.025Z] TWS unavailable (connection dropped) — retrying in 15s
[2026-07-20T02:31:48.033Z] TWS unavailable (connection dropped) — retrying in 15s
[2026-07-20T02:32:03.035Z] TWS unavailable (connection dropped) — retrying in 15s
[2026-07-20T02:32:18.037Z] TWS unavailable (connection dropped) — retrying in 15s
[2026-07-20T02:32:33.039Z] TWS unavailable (connection dropped) — retrying in 15s
[2026-07-20T02:32:48.042Z] TWS unavailable (connection dropped) — retrying in 15s
[2026-07-20T02:33:03.046Z] TWS unavailable (connection dropped) — retrying in 15s
[2026-07-20T02:33:18.049Z] TWS unavailable (connection dropped) — retrying in 15s
[2026-07-20T02:33:33.052Z] TWS unavailable (connection dropped) — retrying in 15s
[2026-07-20T02:33:48.057Z] TWS unavailable (connection dropped) — retrying in 15s
[2026-07-20T02:34:03.061Z] TWS unavailable (connection dropped) — retrying in 15s
[2026-07-20T02:34:18.064Z] TWS unavailable (connection dropped) — retrying in 15s
[2026-07-20T02:34:33.067Z] TWS unavailable (connection dropped) — retrying in 15s
[2026-07-20T02:34:48.071Z] TWS unavailable (connection dropped) — retrying in 15s
[2026-07-20T02:35:03.076Z] TWS unavailable (connection dropped) — retrying in 15s
[2026-07-20T02:35:18.078Z] TWS unavailable (connection dropped) — retrying in 15s
[2026-07-20T02:35:33.082Z] TWS unavailable (connection dropped) — retrying in 15s
[2026-07-20T02:35:48.085Z] TWS unavailable (connection dropped) — retrying in 15s
[2026-07-20T02:36:03.087Z] TWS unavailable (connection dropped) — retrying in 15s
[2026-07-20T02:36:18.090Z] TWS unavailable (connection dropped) — retrying in 15s
[2026-07-20T02:36:33.094Z] TWS unavailable (connection dropped) — retrying in 15s
[2026-07-20T02:36:48.095Z] TWS unavailable (connection dropped) — retrying in 15s
[2026-07-20T02:37:03.098Z] TWS unavailable (connection dropped) — retrying in 15s
[2026-07-20T02:37:18.101Z] TWS unavailable (connection dropped) — retrying in 15s
[2026-07-20T02:37:33.105Z] TWS unavailable (connection dropped) — retrying in 15s
[2026-07-20T02:37:48.109Z] TWS unavailable (connection dropped) — retrying in 15s
[2026-07-20T02:38:03.111Z] TWS unavailable (connection dropped) — retrying in 15s
[2026-07-20T02:38:18.115Z] TWS unavailable (connection dropped) — retrying in 15s
[2026-07-20T02:38:33.117Z] TWS unavailable (connection dropped) — retrying in 15s
[2026-07-20T02:38:48.119Z] TWS unavailable (connection dropped) — retrying in 15s
[2026-07-20T02:39:03.125Z] TWS unavailable (connection dropped) — retrying in 15s
[2026-07-20T02:39:18.128Z] TWS unavailable (connection dropped) — retrying in 15s
[2026-07-20T02:39:33.132Z] TWS unavailable (connection dropped) — retrying in 15s
[2026-07-20T02:39:48.136Z] TWS unavailable (connection dropped) — retrying in 15s
[2026-07-20T02:40:03.140Z] TWS unavailable (connection dropped) — retrying in 15s
[2026-07-20T02:40:18.142Z] TWS unavailable (connection dropped) — retrying in 15s
[2026-07-20T02:40:33.145Z] TWS unavailable (connection dropped) — retrying in 15s
[2026-07-20T02:40:48.149Z] TWS unavailable (connection dropped) — retrying in 15s
[2026-07-20T02:41:03.153Z] TWS unavailable (connection dropped) — retrying in 15s
[2026-07-20T02:41:18.156Z] TWS unavailable (connection dropped) — retrying in 15s
[2026-07-20T02:41:33.159Z] TWS unavailable (connection dropped) — retrying in 15s
[2026-07-20T02:41:48.163Z] TWS unavailable (connection dropped) — retrying in 15s
[2026-07-20T02:42:03.165Z] TWS unavailable (connection dropped) — retrying in 15s
[2026-07-20T02:42:18.168Z] TWS unavailable (connection dropped) — retrying in 15s
[2026-07-20T02:42:33.171Z] TWS unavailable (connection dropped) — retrying in 15s
[2026-07-20T02:42:48.175Z] TWS unavailable (connection dropped) — retrying in 15s
[2026-07-20T02:43:03.179Z] TWS unavailable (connection dropped) — retrying in 15s
[2026-07-20T02:43:18.182Z] TWS unavailable (connection dropped) — retrying in 15s
[2026-07-20T02:43:33.184Z] TWS unavailable (connection dropped) — retrying in 15s
[2026-07-20T02:43:48.186Z] TWS unavailable (connection dropped) — retrying in 15s
[2026-07-20T02:44:03.189Z] TWS unavailable (connection dropped) — retrying in 15s
[2026-07-20T02:44:18.191Z] TWS unavailable (connection dropped) — retrying in 15s
[2026-07-20T02:44:33.194Z] TWS unavailable (connection dropped) — retrying in 15s
[2026-07-20T02:44:48.197Z] TWS unavailable (connection dropped) — retrying in 15s
[2026-07-20T02:45:03.200Z] TWS unavailable (connection dropped) — retrying in 15s
[2026-07-20T02:45:18.203Z] TWS unavailable (connection dropped) — retrying in 15s
[2026-07-20T02:45:33.206Z] TWS unavailable (connection dropped) — retrying in 15s
[2026-07-20T02:45:48.209Z] TWS unavailable (connection dropped) — retrying in 15s
[2026-07-20T02:46:03.213Z] TWS unavailable (connection dropped) — retrying in 15s
[2026-07-20T02:46:18.215Z] TWS unavailable (connection dropped) — retrying in 15s
[2026-07-20T02:46:33.218Z] TWS unavailable (connection dropped) — retrying in 15s
[2026-07-20T02:46:48.221Z] TWS unavailable (connection dropped) — retrying in 15s
[2026-07-20T02:47:03.224Z] TWS unavailable (connection dropped) — retrying in 15s
[2026-07-20T02:47:18.226Z] TWS unavailable (connection dropped) — retrying in 15s
[2026-07-20T02:47:33.230Z] TWS unavailable (connection dropped) — retrying in 15s
[2026-07-20T02:47:48.232Z] TWS unavailable (connection dropped) — retrying in 15s
[2026-07-20T02:48:03.236Z] TWS unavailable (connection dropped) — retrying in 15s
[2026-07-20T02:48:18.239Z] TWS unavailable (connection dropped) — retrying in 15s
[2026-07-20T02:48:33.242Z] TWS unavailable (connection dropped) — retrying in 15s
[2026-07-20T02:48:48.245Z] TWS unavailable (connection dropped) — retrying in 15s
[2026-07-20T02:49:03.250Z] TWS unavailable (connection dropped) — retrying in 15s
[2026-07-20T02:49:18.253Z] TWS unavailable (connection dropped) — retrying in 15s
[2026-07-20T02:49:33.257Z] TWS unavailable (connection dropped) — retrying in 15s
[2026-07-20T02:49:48.261Z] TWS unavailable (connection dropped) — retrying in 15s
[2026-07-20T02:50:03.266Z] TWS unavailable (connection dropped) — retrying in 15s
[2026-07-20T02:50:18.269Z] TWS unavailable (connection dropped) — retrying in 15s
[2026-07-20T02:50:33.272Z] TWS unavailable (connection dropped) — retrying in 15s
[2026-07-20T02:50:48.274Z] TWS unavailable (connection dropped) — retrying in 15s
[2026-07-20T02:51:03.279Z] TWS unavailable (connection dropped) — retrying in 15s
[2026-07-20T02:51:18.280Z] TWS unavailable (connection dropped) — retrying in 15s
[2026-07-20T02:51:33.282Z] TWS unavailable (connection dropped) — retrying in 15s
[2026-07-20T02:51:48.285Z] TWS unavailable (connection dropped) — retrying in 15s
[2026-07-20T02:52:03.288Z] TWS unavailable (connection dropped) — retrying in 15s
[2026-07-20T02:52:18.290Z] TWS unavailable (connection dropped) — retrying in 15s
[2026-07-20T02:52:33.292Z] TWS unavailable (connection dropped) — retrying in 15s
[2026-07-20T02:52:48.295Z] TWS unavailable (connection dropped) — retrying in 15s
[2026-07-20T02:53:03.298Z] TWS unavailable (connection dropped) — retrying in 15s
[2026-07-20T02:53:18.302Z] TWS unavailable (connection dropped) — retrying in 15s
[2026-07-20T02:53:33.304Z] TWS unavailable (connection dropped) — retrying in 15s
[2026-07-20T02:53:48.307Z] TWS unavailable (connection dropped) — retrying in 15s
[2026-07-20T02:54:03.311Z] TWS unavailable (connection dropped) — retrying in 15s
[2026-07-20T02:54:18.314Z] TWS unavailable (connection dropped) — retrying in 15s
[2026-07-20T02:54:33.318Z] TWS unavailable (connection dropped) — retrying in 15s
[2026-07-20T02:54:48.321Z] TWS unavailable (connection dropped) — retrying in 15s
[2026-07-20T02:55:03.325Z] TWS unavailable (connection dropped) — retrying in 15s
[2026-07-20T02:55:18.328Z] TWS unavailable (connection dropped) — retrying in 15s
[2026-07-20T02:55:33.332Z] TWS unavailable (connection dropped) — retrying in 15s
[2026-07-20T02:55:48.335Z] TWS unavailable (connection dropped) — retrying in 15s
[2026-07-20T02:56:03.339Z] TWS unavailable (connection dropped) — retrying in 15s
[2026-07-20T02:56:18.343Z] TWS unavailable (connection dropped) — retrying in 15s
[2026-07-20T02:56:33.345Z] TWS unavailable (connection dropped) — retrying in 15s
[2026-07-20T02:56:48.348Z] TWS unavailable (connection dropped) — retrying in 15s
[2026-07-20T02:57:03.351Z] TWS unavailable (connection dropped) — retrying in 15s
[2026-07-20T02:57:18.354Z] TWS unavailable (connection dropped) — retrying in 15s
[2026-07-20T02:57:33.358Z] TWS unavailable (connection dropped) — retrying in 15s
[2026-07-20T02:57:48.361Z] TWS unavailable (connection dropped) — retrying in 15s
[2026-07-20T02:58:03.364Z] TWS unavailable (connection dropped) — retrying in 15s
[2026-07-20T02:58:18.368Z] TWS unavailable (connection dropped) — retrying in 15s
[2026-07-20T02:58:33.370Z] TWS unavailable (connection dropped) — retrying in 15s
[2026-07-20T02:58:48.373Z] TWS unavailable (connection dropped) — retrying in 15s
[2026-07-20T02:59:03.377Z] TWS unavailable (connection dropped) — retrying in 15s
[2026-07-20T02:59:18.379Z] TWS unavailable (connection dropped) — retrying in 15s
[2026-07-20T02:59:33.382Z] TWS unavailable (connection dropped) — retrying in 15s
[2026-07-20T02:59:48.385Z] TWS unavailable (connection dropped) — retrying in 15s
[2026-07-20T03:00:03.388Z] TWS unavailable (connection dropped) — retrying in 15s
[2026-07-20T03:00:18.391Z] TWS unavailable (connection dropped) — retrying in 15s
[2026-07-20T03:00:33.394Z] TWS unavailable (connection dropped) — retrying in 15s
[2026-07-20T03:00:48.398Z] TWS unavailable (connection dropped) — retrying in 15s
[2026-07-20T03:01:03.400Z] TWS unavailable (connection dropped) — retrying in 15s
[2026-07-20T03:01:18.403Z] TWS unavailable (connection dropped) — retrying in 15s
[2026-07-20T03:01:33.406Z] TWS unavailable (connection dropped) — retrying in 15s
[2026-07-20T03:01:48.409Z] TWS unavailable (connection dropped) — retrying in 15s
[2026-07-20T03:02:03.413Z] TWS unavailable (connection dropped) — retrying in 15s
[2026-07-20T03:02:18.415Z] TWS unavailable (connection dropped) — retrying in 15s
[2026-07-20T03:02:33.418Z] TWS unavailable (connection dropped) — retrying in 15s
[2026-07-20T03:02:48.421Z] TWS unavailable (connection dropped) — retrying in 15s
[2026-07-20T03:03:03.423Z] TWS unavailable (connection dropped) — retrying in 15s
[2026-07-20T03:03:18.426Z] TWS unavailable (connection dropped) — retrying in 15s
[2026-07-20T03:03:33.429Z] TWS unavailable (connection dropped) — retrying in 15s
[2026-07-20T03:03:48.432Z] TWS unavailable (connection dropped) — retrying in 15s
[2026-07-20T03:04:03.435Z] TWS unavailable (connection dropped) — retrying in 15s
[2026-07-20T03:04:18.438Z] TWS unavailable (connection dropped) — retrying in 15s
[2026-07-20T03:04:33.443Z] TWS unavailable (connection dropped) — retrying in 15s
[2026-07-20T03:04:48.446Z] TWS unavailable (connection dropped) — retrying in 15s
[2026-07-20T03:05:03.450Z] TWS unavailable (connection dropped) — retrying in 15s
[2026-07-20T03:05:18.454Z] TWS unavailable (connection dropped) — retrying in 15s
[2026-07-20T03:05:33.457Z] TWS unavailable (connection dropped) — retrying in 15s
[2026-07-20T03:05:48.458Z] TWS unavailable (connection dropped) — retrying in 15s
[2026-07-20T03:06:03.461Z] TWS unavailable (connection dropped) — retrying in 15s
[2026-07-20T03:06:18.463Z] TWS unavailable (connection dropped) — retrying in 15s
[2026-07-20T03:06:33.467Z] TWS unavailable (connection dropped) — retrying in 15s
[2026-07-20T03:06:48.470Z] TWS unavailable (connection dropped) — retrying in 15s
[2026-07-20T03:07:03.474Z] TWS unavailable (connection dropped) — retrying in 15s
[2026-07-20T03:07:18.476Z] TWS unavailable (connection dropped) — retrying in 15s
[2026-07-20T03:07:33.479Z] TWS unavailable (connection dropped) — retrying in 15s
[2026-07-20T03:07:48.481Z] TWS unavailable (connection dropped) — retrying in 15s
[2026-07-20T03:08:03.485Z] TWS unavailable (connection dropped) — retrying in 15s
[2026-07-20T03:08:18.488Z] TWS unavailable (connection dropped) — retrying in 15s
[2026-07-20T03:08:33.491Z] TWS unavailable (connection dropped) — retrying in 15s
[2026-07-20T03:08:48.494Z] TWS unavailable (connection dropped) — retrying in 15s
[2026-07-20T03:09:03.497Z] TWS unavailable (connection dropped) — retrying in 15s
[2026-07-20T03:09:18.499Z] TWS unavailable (connection dropped) — retrying in 15s
[2026-07-20T03:09:33.501Z] TWS unavailable (connection dropped) — retrying in 15s
[2026-07-20T03:09:48.504Z] TWS unavailable (connection dropped) — retrying in 15s
[2026-07-20T03:10:03.507Z] TWS unavailable (connection dropped) — retrying in 15s
[2026-07-20T03:10:18.510Z] TWS unavailable (connection dropped) — retrying in 15s
[2026-07-20T03:10:33.513Z] TWS unavailable (connection dropped) — retrying in 15s
[2026-07-20T03:10:48.514Z] TWS unavailable (connection dropped) — retrying in 15s
[2026-07-20T03:11:03.517Z] TWS unavailable (connection dropped) — retrying in 15s
[2026-07-20T03:11:18.520Z] TWS unavailable (connection dropped) — retrying in 15s
[2026-07-20T03:11:33.522Z] TWS unavailable (connection dropped) — retrying in 15s
[2026-07-20T03:11:48.523Z] TWS unavailable (connection dropped) — retrying in 15s
[2026-07-20T03:12:03.529Z] TWS unavailable (connection dropped) — retrying in 15s
[2026-07-20T03:12:18.532Z] TWS unavailable (connection dropped) — retrying in 15s
[2026-07-20T03:12:33.536Z] TWS unavailable (connection dropped) — retrying in 15s
[2026-07-20T03:12:48.539Z] TWS unavailable (connection dropped) — retrying in 15s
[2026-07-20T03:13:03.543Z] TWS unavailable (connection dropped) — retrying in 15s
[2026-07-20T03:13:18.545Z] TWS unavailable (connection dropped) — retrying in 15s
[2026-07-20T03:13:33.550Z] TWS unavailable (connection dropped) — retrying in 15s
[2026-07-20T03:13:48.552Z] TWS unavailable (connection dropped) — retrying in 15s
[2026-07-20T03:14:03.555Z] TWS unavailable (connection dropped) — retrying in 15s
[2026-07-20T03:14:18.559Z] TWS unavailable (connection dropped) — retrying in 15s
[2026-07-20T03:14:33.562Z] TWS unavailable (connection dropped) — retrying in 15s
[2026-07-20T03:14:48.565Z] TWS unavailable (connection dropped) — retrying in 15s
[2026-07-20T03:15:03.568Z] TWS unavailable (connection dropped) — retrying in 15s
[2026-07-20T03:15:18.570Z] TWS unavailable (connection dropped) — retrying in 15s
[2026-07-20T03:15:33.574Z] TWS unavailable (connection dropped) — retrying in 15s
[2026-07-20T03:15:48.577Z] TWS unavailable (connection dropped) — retrying in 15s
[2026-07-20T03:16:03.581Z] TWS unavailable (connection dropped) — retrying in 15s
[2026-07-20T03:16:18.584Z] TWS unavailable (connection dropped) — retrying in 15s
[2026-07-20T03:16:33.588Z] TWS unavailable (connection dropped) — retrying in 15s
[2026-07-20T03:16:48.591Z] TWS unavailable (connection dropped) — retrying in 15s
[2026-07-20T03:17:03.596Z] TWS unavailable (connection dropped) — retrying in 15s
[2026-07-20T03:17:18.599Z] TWS unavailable (connection dropped) — retrying in 15s
[2026-07-20T03:17:33.602Z] TWS unavailable (connection dropped) — retrying in 15s
[2026-07-20T03:17:48.605Z] TWS unavailable (connection dropped) — retrying in 15s
[2026-07-20T03:18:03.611Z] TWS unavailable (connection dropped) — retrying in 15s
[2026-07-20T03:18:18.613Z] TWS unavailable (connection dropped) — retrying in 15s
[2026-07-20T03:18:33.615Z] TWS unavailable (connection dropped) — retrying in 15s
[2026-07-20T03:18:48.619Z] TWS unavailable (connection dropped) — retrying in 15s
[2026-07-20T03:19:03.622Z] TWS unavailable (connection dropped) — retrying in 15s
[2026-07-20T03:19:18.625Z] TWS unavailable (connection dropped) — retrying in 15s
[2026-07-20T03:19:33.628Z] TWS unavailable (connection dropped) — retrying in 15s
[2026-07-20T03:19:48.631Z] TWS unavailable (connection dropped) — retrying in 15s
[2026-07-20T03:20:03.635Z] TWS unavailable (connection dropped) — retrying in 15s
[2026-07-20T03:20:18.638Z] TWS unavailable (connection dropped) — retrying in 15s
[2026-07-20T03:20:33.642Z] TWS unavailable (connection dropped) — retrying in 15s
[2026-07-20T03:20:48.645Z] TWS unavailable (connection dropped) — retrying in 15s
[2026-07-20T03:21:03.649Z] TWS unavailable (connection dropped) — retrying in 15s
[2026-07-20T03:21:18.651Z] TWS unavailable (connection dropped) — retrying in 15s
[2026-07-20T03:21:33.654Z] TWS unavailable (connection dropped) — retrying in 15s
[2026-07-20T03:21:48.657Z] TWS unavailable (connection dropped) — retrying in 15s
[2026-07-20T03:22:03.662Z] TWS unavailable (connection dropped) — retrying in 15s
[2026-07-20T03:22:18.665Z] TWS unavailable (connection dropped) — retrying in 15s
[2026-07-20T03:22:33.669Z] TWS unavailable (connection dropped) — retrying in 15s
[2026-07-20T03:22:48.671Z] TWS unavailable (connection dropped) — retrying in 15s
[2026-07-20T03:23:03.674Z] TWS unavailable (connection dropped) — retrying in 15s
[2026-07-20T03:23:18.678Z] TWS unavailable (connection dropped) — retrying in 15s
[2026-07-20T03:23:33.681Z] TWS unavailable (connection dropped) — retrying in 15s
[2026-07-20T03:23:48.685Z] TWS unavailable (connection dropped) — retrying in 15s
[2026-07-20T03:24:03.688Z] TWS unavailable (connection dropped) — retrying in 15s
[2026-07-20T03:24:18.691Z] TWS unavailable (connection dropped) — retrying in 15s
[2026-07-20T03:24:33.694Z] TWS unavailable (connection dropped) — retrying in 15s
[2026-07-20T03:24:48.698Z] TWS unavailable (connection dropped) — retrying in 15s
[2026-07-20T03:25:03.700Z] TWS unavailable (connection dropped) — retrying in 15s
[2026-07-20T03:25:18.702Z] TWS unavailable (connection dropped) — retrying in 15s
[2026-07-20T03:25:33.706Z] TWS unavailable (connection dropped) — retrying in 15s
[2026-07-20T03:25:48.709Z] TWS unavailable (connection dropped) — retrying in 15s
[2026-07-20T03:26:03.712Z] TWS unavailable (connection dropped) — retrying in 15s
[2026-07-20T03:26:18.715Z] TWS unavailable (connection dropped) — retrying in 15s
[2026-07-20T03:26:33.718Z] TWS unavailable (connection dropped) — retrying in 15s
[2026-07-20T03:26:48.722Z] TWS unavailable (connection dropped) — retrying in 15s
[2026-07-20T03:27:03.726Z] TWS unavailable (connection dropped) — retrying in 15s
[2026-07-20T03:27:18.729Z] TWS unavailable (connection dropped) — retrying in 15s
[2026-07-20T03:27:33.732Z] TWS unavailable (connection dropped) — retrying in 15s
[2026-07-20T03:27:48.736Z] TWS unavailable (connection dropped) — retrying in 15s
[2026-07-20T03:28:03.740Z] TWS unavailable (connection dropped) — retrying in 15s
[2026-07-20T03:28:18.744Z] TWS unavailable (connection dropped) — retrying in 15s
[2026-07-20T03:28:33.747Z] TWS unavailable (connection dropped) — retrying in 15s
[2026-07-20T03:28:48.750Z] TWS unavailable (connection dropped) — retrying in 15s
[2026-07-20T03:29:03.754Z] TWS unavailable (connection dropped) — retrying in 15s
[2026-07-20T03:29:18.758Z] TWS unavailable (connection dropped) — retrying in 15s
[2026-07-20T03:29:33.762Z] TWS unavailable (connection dropped) — retrying in 15s
[2026-07-20T03:29:48.764Z] TWS unavailable (connection dropped) — retrying in 15s
[2026-07-20T03:30:03.767Z] TWS unavailable (connection dropped) — retrying in 15s
[2026-07-20T03:30:18.770Z] TWS unavailable (connection dropped) — retrying in 15s
[2026-07-20T03:30:33.774Z] TWS unavailable (connection dropped) — retrying in 15s
[2026-07-20T03:30:48.777Z] TWS unavailable (connection dropped) — retrying in 15s
[2026-07-20T03:31:03.781Z] TWS unavailable (connection dropped) — retrying in 15s
[2026-07-20T03:31:18.784Z] TWS unavailable (connection dropped) — retrying in 15s
[2026-07-20T03:31:33.787Z] TWS unavailable (connection dropped) — retrying in 15s
[2026-07-20T03:31:48.791Z] TWS unavailable (connection dropped) — retrying in 15s
[2026-07-20T03:32:03.793Z] TWS unavailable (connection dropped) — retrying in 15s
[2026-07-20T03:32:18.797Z] TWS unavailable (connection dropped) — retrying in 15s
[2026-07-20T03:32:33.801Z] TWS unavailable (connection dropped) — retrying in 15s
[2026-07-20T03:32:48.802Z] TWS unavailable (connection dropped) — retrying in 15s
[2026-07-20T03:33:03.805Z] TWS unavailable (connection dropped) — retrying in 15s
[2026-07-20T03:33:18.809Z] TWS unavailable (connection dropped) — retrying in 15s
[2026-07-20T03:33:33.813Z] TWS unavailable (connection dropped) — retrying in 15s
[2026-07-20T03:33:48.816Z] TWS unavailable (connection dropped) — retrying in 15s
[2026-07-20T03:34:03.818Z] TWS unavailable (connection dropped) — retrying in 15s
[2026-07-20T03:34:18.822Z] TWS unavailable (connection dropped) — retrying in 15s
[2026-07-20T03:34:33.825Z] TWS unavailable (connection dropped) — retrying in 15s
[2026-07-20T03:34:48.828Z] TWS unavailable (connection dropped) — retrying in 15s
[2026-07-20T03:35:03.831Z] TWS unavailable (connection dropped) — retrying in 15s
[2026-07-20T03:35:18.836Z] TWS unavailable (connection dropped) — retrying in 15s
[2026-07-20T03:35:33.840Z] TWS unavailable (connection dropped) — retrying in 15s
[2026-07-20T03:35:48.843Z] TWS unavailable (connection dropped) — retrying in 15s
[2026-07-20T03:36:03.845Z] TWS unavailable (connection dropped) — retrying in 15s
[2026-07-20T03:36:18.849Z] TWS unavailable (connection dropped) — retrying in 15s
[2026-07-20T03:36:33.852Z] TWS unavailable (connection dropped) — retrying in 15s
[2026-07-20T03:36:48.855Z] TWS unavailable (connection dropped) — retrying in 15s
[2026-07-20T03:37:03.857Z] TWS unavailable (connection dropped) — retrying in 15s
[2026-07-20T03:37:18.861Z] TWS unavailable (connection dropped) — retrying in 15s
[2026-07-20T03:37:33.865Z] TWS unavailable (connection dropped) — retrying in 15s
[2026-07-20T03:37:48.868Z] TWS unavailable (connection dropped) — retrying in 15s
[2026-07-20T03:38:03.872Z] TWS unavailable (connection dropped) — retrying in 15s
[2026-07-20T03:38:18.874Z] TWS unavailable (connection dropped) — retrying in 15s
[2026-07-20T03:38:33.877Z] TWS unavailable (connection dropped) — retrying in 15s
[2026-07-20T03:38:48.879Z] TWS unavailable (connection dropped) — retrying in 15s
[2026-07-20T03:39:03.884Z] TWS unavailable (connection dropped) — retrying in 15s
[2026-07-20T03:39:18.887Z] TWS unavailable (connection dropped) — retrying in 15s
[2026-07-20T03:39:33.889Z] TWS unavailable (connection dropped) — retrying in 15s
[2026-07-20T03:39:48.893Z] TWS unavailable (connection dropped) — retrying in 15s
[2026-07-20T03:40:03.897Z] TWS unavailable (connection dropped) — retrying in 15s
[2026-07-20T03:40:18.900Z] TWS unavailable (connection dropped) — retrying in 15s
[2026-07-20T03:40:33.904Z] TWS unavailable (connection dropped) — retrying in 15s
[2026-07-20T03:40:48.908Z] TWS unavailable (connection dropped) — retrying in 15s
[2026-07-20T03:41:03.912Z] TWS unavailable (connection dropped) — retrying in 15s
[2026-07-20T03:41:18.914Z] TWS unavailable (connection dropped) — retrying in 15s
[2026-07-20T03:41:33.916Z] TWS unavailable (connection dropped) — retrying in 15s
[2026-07-20T03:41:48.920Z] TWS unavailable (connection dropped) — retrying in 15s
[2026-07-20T03:42:03.923Z] TWS unavailable (connection dropped) — retrying in 15s
[2026-07-20T03:42:18.928Z] TWS unavailable (connection dropped) — retrying in 15s
[2026-07-20T03:42:33.931Z] TWS unavailable (connection dropped) — retrying in 15s
[2026-07-20T03:42:48.933Z] TWS unavailable (connection dropped) — retrying in 15s
[2026-07-20T03:43:03.937Z] TWS unavailable (connection dropped) — retrying in 15s
[2026-07-20T03:43:18.940Z] TWS unavailable (connection dropped) — retrying in 15s
[2026-07-20T03:43:33.944Z] TWS unavailable (connection dropped) — retrying in 15s
[2026-07-20T03:43:48.946Z] TWS unavailable (connection dropped) — retrying in 15s
[2026-07-20T03:44:03.950Z] TWS unavailable (connection dropped) — retrying in 15s
[2026-07-20T03:44:18.954Z] TWS unavailable (connection dropped) — retrying in 15s
[2026-07-20T03:44:33.956Z] TWS unavailable (connection dropped) — retrying in 15s
[2026-07-20T03:44:48.959Z] TWS unavailable (connection dropped) — retrying in 15s
[2026-07-20T03:45:03.962Z] TWS unavailable (connection dropped) — retrying in 15s
[2026-07-20T03:45:18.965Z] TWS unavailable (connection dropped) — retrying in 15s
[2026-07-20T03:45:33.969Z] TWS unavailable (connection dropped) — retrying in 15s
[2026-07-20T03:45:48.972Z] TWS unavailable (connection dropped) — retrying in 15s
[2026-07-20T03:46:03.975Z] TWS unavailable (connection dropped) — retrying in 15s
[2026-07-20T03:46:18.979Z] TWS unavailable (connection dropped) — retrying in 15s
[2026-07-20T03:46:33.982Z] TWS unavailable (connection dropped) — retrying in 15s
[2026-07-20T03:46:48.986Z] TWS unavailable (connection dropped) — retrying in 15s
[2026-07-20T03:47:03.989Z] TWS unavailable (connection dropped) — retrying in 15s
[2026-07-20T03:47:18.993Z] TWS unavailable (connection dropped) — retrying in 15s
[2026-07-20T03:47:33.996Z] TWS unavailable (connection dropped) — retrying in 15s
[2026-07-20T03:47:48.999Z] TWS unavailable (connection dropped) — retrying in 15s
[2026-07-20T03:48:04.002Z] TWS unavailable (connection dropped) — retrying in 15s
[2026-07-20T03:48:19.004Z] TWS unavailable (connection dropped) — retrying in 15s
[2026-07-20T03:48:34.007Z] TWS unavailable (connection dropped) — retrying in 15s
[2026-07-20T03:48:49.010Z] TWS unavailable (connection dropped) — retrying in 15s
[2026-07-20T03:49:04.016Z] TWS unavailable (connection dropped) — retrying in 15s
[2026-07-20T03:49:19.018Z] TWS unavailable (connection dropped) — retrying in 15s
[2026-07-20T03:49:34.022Z] TWS unavailable (connection dropped) — retrying in 15s
[2026-07-20T03:49:49.026Z] TWS unavailable (connection dropped) — retrying in 15s
[2026-07-20T03:50:04.032Z] TWS unavailable (connection dropped) — retrying in 15s
[2026-07-20T03:50:19.036Z] TWS unavailable (connection dropped) — retrying in 15s
[2026-07-20T03:50:34.040Z] TWS unavailable (connection dropped) — retrying in 15s
[2026-07-20T03:50:49.044Z] TWS unavailable (connection dropped) — retrying in 15s
[2026-07-20T03:51:04.047Z] TWS unavailable (connection dropped) — retrying in 15s
[2026-07-20T03:51:19.049Z] TWS unavailable (connection dropped) — retrying in 15s
[2026-07-20T03:51:34.052Z] TWS unavailable (connection dropped) — retrying in 15s
[2026-07-20T03:51:49.055Z] TWS unavailable (connection dropped) — retrying in 15s
[2026-07-20T03:52:04.058Z] TWS unavailable (connection dropped) — retrying in 15s
[2026-07-20T03:52:19.061Z] TWS unavailable (connection dropped) — retrying in 15s
[2026-07-20T03:52:34.063Z] TWS unavailable (connection dropped) — retrying in 15s
[2026-07-20T03:52:49.065Z] TWS unavailable (connection dropped) — retrying in 15s
[2026-07-20T03:53:04.068Z] TWS unavailable (connection dropped) — retrying in 15s
[2026-07-20T03:53:19.072Z] TWS unavailable (connection dropped) — retrying in 15s
[2026-07-20T03:53:34.075Z] TWS unavailable (connection dropped) — retrying in 15s
[2026-07-20T03:53:49.079Z] TWS unavailable (connection dropped) — retrying in 15s
[2026-07-20T03:54:04.083Z] TWS unavailable (connection dropped) — retrying in 15s
[2026-07-20T03:54:19.085Z] TWS unavailable (connection dropped) — retrying in 15s
[2026-07-20T03:54:34.089Z] TWS unavailable (connection dropped) — retrying in 15s
[2026-07-20T03:54:49.091Z] TWS unavailable (connection dropped) — retrying in 15s
[2026-07-20T03:55:04.095Z] TWS unavailable (connection dropped) — retrying in 15s
[2026-07-20T03:55:19.097Z] TWS unavailable (connection dropped) — retrying in 15s
[2026-07-20T03:55:34.100Z] TWS unavailable (connection dropped) — retrying in 15s
[2026-07-20T03:55:49.102Z] TWS unavailable (connection dropped) — retrying in 15s
[2026-07-20T03:56:04.105Z] TWS unavailable (connection dropped) — retrying in 15s
[2026-07-20T03:56:19.109Z] TWS unavailable (connection dropped) — retrying in 15s
[2026-07-20T03:56:34.112Z] TWS unavailable (connection dropped) — retrying in 15s
[2026-07-20T03:56:49.115Z] TWS unavailable (connection dropped) — retrying in 15s
[2026-07-20T03:57:04.118Z] TWS unavailable (connection dropped) — retrying in 15s
[2026-07-20T03:57:19.120Z] TWS unavailable (connection dropped) — retrying in 15s
[2026-07-20T03:57:34.123Z] TWS unavailable (connection dropped) — retrying in 15s
[2026-07-20T03:57:49.127Z] TWS unavailable (connection dropped) — retrying in 15s
[2026-07-20T03:58:04.130Z] TWS unavailable (connection dropped) — retrying in 15s
[2026-07-20T03:58:19.133Z] TWS unavailable (connection dropped) — retrying in 15s
[2026-07-20T03:58:34.137Z] TWS unavailable (connection dropped) — retrying in 15s
[2026-07-20T03:58:49.139Z] TWS unavailable (connection dropped) — retrying in 15s
[2026-07-20T03:59:04.143Z] TWS unavailable (connection dropped) — retrying in 15s
[2026-07-20T03:59:19.145Z] TWS unavailable (connection dropped) — retrying in 15s
[2026-07-20T03:59:34.149Z] TWS unavailable (connection dropped) — retrying in 15s
[2026-07-20T03:59:49.152Z] TWS unavailable (connection dropped) — retrying in 15s
[2026-07-20T04:00:04.160Z] TWS unavailable (connection dropped) — retrying in 15s
[2026-07-20T04:00:19.164Z] TWS unavailable (connection dropped) — retrying in 15s
[2026-07-20T04:00:34.168Z] TWS unavailable (connection dropped) — retrying in 15s
[2026-07-20T04:00:49.171Z] TWS unavailable (connection dropped) — retrying in 15s
[2026-07-20T04:01:04.174Z] TWS unavailable (connection dropped) — retrying in 15s
[2026-07-20T04:01:19.176Z] TWS unavailable (connection dropped) — retrying in 15s
[2026-07-20T04:01:34.179Z] TWS unavailable (connection dropped) — retrying in 15s
[2026-07-20T04:01:49.182Z] TWS unavailable (connection dropped) — retrying in 15s
[2026-07-20T04:02:04.185Z] TWS unavailable (connection dropped) — retrying in 15s
[2026-07-20T04:02:19.188Z] TWS unavailable (connection dropped) — retrying in 15s
[2026-07-20T04:02:34.191Z] TWS unavailable (connection dropped) — retrying in 15s
[2026-07-20T04:02:49.194Z] TWS unavailable (connection dropped) — retrying in 15s
[2026-07-20T04:03:04.197Z] TWS unavailable (connection dropped) — retrying in 15s
[2026-07-20T04:03:19.199Z] TWS unavailable (connection dropped) — retrying in 15s
[2026-07-20T04:03:34.203Z] TWS unavailable (connection dropped) — retrying in 15s
[2026-07-20T04:03:49.206Z] TWS unavailable (connection dropped) — retrying in 15s
[2026-07-20T04:04:04.210Z] TWS unavailable (connection dropped) — retrying in 15s
[2026-07-20T04:04:19.213Z] TWS unavailable (connection dropped) — retrying in 15s
[2026-07-20T04:04:34.217Z] TWS unavailable (connection dropped) — retrying in 15s
[2026-07-20T04:04:49.219Z] TWS unavailable (connection dropped) — retrying in 15s
[2026-07-20T04:05:04.224Z] TWS unavailable (connection dropped) — retrying in 15s
[2026-07-20T04:05:19.226Z] TWS unavailable (connection dropped) — retrying in 15s
[2026-07-20T04:05:34.230Z] TWS unavailable (connection dropped) — retrying in 15s
[2026-07-20T04:05:49.233Z] TWS unavailable (connection dropped) — retrying in 15s
[2026-07-20T04:06:04.235Z] TWS unavailable (connection dropped) — retrying in 15s
[2026-07-20T04:06:19.241Z] TWS unavailable (connection dropped) — retrying in 15s
[2026-07-20T04:06:34.245Z] TWS unavailable (connection dropped) — retrying in 15s
[2026-07-20T04:06:49.248Z] TWS unavailable (connection dropped) — retrying in 15s
[2026-07-20T04:07:04.251Z] TWS unavailable (connection dropped) — retrying in 15s
[2026-07-20T04:07:19.253Z] TWS unavailable (connection dropped) — retrying in 15s
[2026-07-20T04:07:34.256Z] TWS unavailable (connection dropped) — retrying in 15s
[2026-07-20T04:07:49.259Z] TWS unavailable (connection dropped) — retrying in 15s
[2026-07-20T04:08:04.262Z] TWS unavailable (connection dropped) — retrying in 15s
[2026-07-20T04:08:19.265Z] TWS unavailable (connection dropped) — retrying in 15s
[2026-07-20T04:08:34.268Z] TWS unavailable (connection dropped) — retrying in 15s
[2026-07-20T04:08:49.273Z] TWS unavailable (connection dropped) — retrying in 15s
[2026-07-20T04:09:04.276Z] TWS unavailable (connection dropped) — retrying in 15s
[2026-07-20T04:09:19.278Z] TWS unavailable (connection dropped) — retrying in 15s
[2026-07-20T04:09:34.281Z] TWS unavailable (connection dropped) — retrying in 15s
[2026-07-20T04:09:49.283Z] TWS unavailable (connection dropped) — retrying in 15s
[2026-07-20T04:10:04.287Z] TWS unavailable (connection dropped) — retrying in 15s
[2026-07-20T04:10:19.290Z] TWS unavailable (connection dropped) — retrying in 15s
[2026-07-20T04:10:34.293Z] TWS unavailable (connection dropped) — retrying in 15s
[2026-07-20T04:10:49.295Z] TWS unavailable (connection dropped) — retrying in 15s
[2026-07-20T04:11:04.298Z] TWS unavailable (connection dropped) — retrying in 15s
[2026-07-20T04:11:19.300Z] TWS unavailable (connection dropped) — retrying in 15s
[2026-07-20T04:11:34.304Z] TWS unavailable (connection dropped) — retrying in 15s
[2026-07-20T04:11:49.308Z] TWS unavailable (connection dropped) — retrying in 15s
[2026-07-20T04:12:04.311Z] TWS unavailable (connection dropped) — retrying in 15s
[2026-07-20T04:12:19.314Z] TWS unavailable (connection dropped) — retrying in 15s
[2026-07-20T04:12:34.316Z] TWS unavailable (connection dropped) — retrying in 15s
[2026-07-20T04:12:49.320Z] TWS unavailable (connection dropped) — retrying in 15s
[2026-07-20T04:13:04.323Z] TWS unavailable (connection dropped) — retrying in 15s
[2026-07-20T04:13:19.327Z] TWS unavailable (connection dropped) — retrying in 15s
[2026-07-20T04:13:34.330Z] TWS unavailable (connection dropped) — retrying in 15s
[2026-07-20T04:13:49.335Z] TWS unavailable (connection dropped) — retrying in 15s
[2026-07-20T04:14:04.337Z] TWS unavailable (connection dropped) — retrying in 15s
[2026-07-20T04:14:19.341Z] TWS unavailable (connection dropped) — retrying in 15s
[2026-07-20T04:14:34.344Z] TWS unavailable (connection dropped) — retrying in 15s
[2026-07-20T04:14:49.348Z] TWS unavailable (connection dropped) — retrying in 15s
[2026-07-20T04:15:04.350Z] TWS unavailable (connection dropped) — retrying in 15s
[2026-07-20T04:15:19.352Z] TWS unavailable (connection dropped) — retrying in 15s
[2026-07-20T04:15:34.355Z] TWS unavailable (connection dropped) — retrying in 15s
[2026-07-20T04:15:49.363Z] TWS unavailable (connection dropped) — retrying in 15s
[2026-07-20T04:16:04.366Z] TWS unavailable (connection dropped) — retrying in 15s
[2026-07-20T04:16:19.369Z] TWS unavailable (connection dropped) — retrying in 15s
[2026-07-20T04:16:34.373Z] TWS unavailable (connection dropped) — retrying in 15s
[2026-07-20T04:16:49.376Z] TWS unavailable (connection dropped) — retrying in 15s
[2026-07-20T04:17:04.379Z] TWS unavailable (connection dropped) — retrying in 15s
[2026-07-20T04:17:19.383Z] TWS unavailable (connection dropped) — retrying in 15s
[2026-07-20T04:17:34.386Z] TWS unavailable (connection dropped) — retrying in 15s
[2026-07-20T04:17:49.389Z] TWS unavailable (connection dropped) — retrying in 15s
[2026-07-20T04:18:04.392Z] TWS unavailable (connection dropped) — retrying in 15s
[2026-07-20T04:18:19.395Z] TWS unavailable (connection dropped) — retrying in 15s
[2026-07-20T04:18:34.398Z] TWS unavailable (connection dropped) — retrying in 15s
[2026-07-20T04:18:49.401Z] TWS unavailable (connection dropped) — retrying in 15s
[2026-07-20T04:19:04.404Z] TWS unavailable (connection dropped) — retrying in 15s
[2026-07-20T04:19:19.407Z] TWS unavailable (connection dropped) — retrying in 15s
[2026-07-20T04:19:34.411Z] TWS unavailable (connection dropped) — retrying in 15s
[2026-07-20T04:19:49.413Z] TWS unavailable (connection dropped) — retrying in 15s
[2026-07-20T04:20:04.417Z] TWS unavailable (connection dropped) — retrying in 15s
[2026-07-20T04:20:19.420Z] TWS unavailable (connection dropped) — retrying in 15s
[2026-07-20T04:20:34.424Z] TWS unavailable (connection dropped) — retrying in 15s
[2026-07-20T04:20:49.427Z] TWS unavailable (connection dropped) — retrying in 15s
[2026-07-20T04:21:04.429Z] TWS unavailable (connection dropped) — retrying in 15s
[2026-07-20T04:21:19.432Z] TWS unavailable (connection dropped) — retrying in 15s
[2026-07-20T04:21:34.435Z] TWS unavailable (connection dropped) — retrying in 15s
[2026-07-20T04:21:49.438Z] TWS unavailable (connection dropped) — retrying in 15s
[2026-07-20T04:22:04.441Z] TWS unavailable (connection dropped) — retrying in 15s
[2026-07-20T04:22:19.445Z] TWS unavailable (connection dropped) — retrying in 15s
[2026-07-20T04:22:34.449Z] TWS unavailable (connection dropped) — retrying in 15s
[2026-07-20T04:22:49.451Z] TWS unavailable (connection dropped) — retrying in 15s
[2026-07-20T04:23:04.454Z] TWS unavailable (connection dropped) — retrying in 15s
[2026-07-20T04:23:19.457Z] TWS unavailable (connection dropped) — retrying in 15s
[2026-07-20T04:23:34.460Z] TWS unavailable (connection dropped) — retrying in 15s
[2026-07-20T04:23:49.463Z] TWS unavailable (connection dropped) — retrying in 15s
[2026-07-20T04:24:04.466Z] TWS unavailable (connection dropped) — retrying in 15s
[2026-07-20T04:24:19.469Z] TWS unavailable (connection dropped) — retrying in 15s
[2026-07-20T04:24:34.471Z] TWS unavailable (connection dropped) — retrying in 15s
[2026-07-20T04:24:49.474Z] TWS unavailable (connection dropped) — retrying in 15s
[2026-07-20T04:25:04.478Z] TWS unavailable (connection dropped) — retrying in 15s
[2026-07-20T04:25:19.481Z] TWS unavailable (connection dropped) — retrying in 15s
[2026-07-20T04:25:34.486Z] TWS unavailable (connection dropped) — retrying in 15s
[2026-07-20T04:25:49.488Z] TWS unavailable (connection dropped) — retrying in 15s
[2026-07-20T04:26:04.491Z] TWS unavailable (connection dropped) — retrying in 15s
[2026-07-20T04:26:19.492Z] TWS unavailable (connection dropped) — retrying in 15s
[2026-07-20T04:26:34.495Z] TWS unavailable (connection dropped) — retrying in 15s
[2026-07-20T04:26:49.497Z] TWS unavailable (connection dropped) — retrying in 15s
[2026-07-20T04:27:04.500Z] TWS unavailable (connection dropped) — retrying in 15s
[2026-07-20T04:27:19.502Z] TWS unavailable (connection dropped) — retrying in 15s
[2026-07-20T04:27:34.505Z] TWS unavailable (connection dropped) — retrying in 15s
[2026-07-20T04:27:49.508Z] TWS unavailable (connection dropped) — retrying in 15s
[2026-07-20T04:28:04.511Z] TWS unavailable (connection dropped) — retrying in 15s
[2026-07-20T04:28:19.515Z] TWS unavailable (connection dropped) — retrying in 15s
[2026-07-20T04:28:34.516Z] TWS unavailable (connection dropped) — retrying in 15s
[2026-07-20T04:28:49.519Z] TWS unavailable (connection dropped) — retrying in 15s
[2026-07-20T04:29:04.522Z] TWS unavailable (connection dropped) — retrying in 15s
[2026-07-20T04:29:19.524Z] TWS unavailable (connection dropped) — retrying in 15s
[2026-07-20T04:29:34.528Z] TWS unavailable (connection dropped) — retrying in 15s
[2026-07-20T04:29:49.532Z] TWS unavailable (connection dropped) — retrying in 15s
[2026-07-20T04:30:04.535Z] TWS unavailable (connection dropped) — retrying in 15s
[2026-07-20T04:30:19.537Z] TWS unavailable (connection dropped) — retrying in 15s
[2026-07-20T04:30:34.540Z] TWS unavailable (connection dropped) — retrying in 15s
[2026-07-20T04:30:49.543Z] TWS unavailable (connection dropped) — retrying in 15s
[2026-07-20T04:31:04.546Z] TWS unavailable (connection dropped) — retrying in 15s
[2026-07-20T04:31:19.548Z] TWS unavailable (connection dropped) — retrying in 15s
[2026-07-20T04:31:34.552Z] TWS unavailable (connection dropped) — retrying in 15s
[2026-07-20T04:31:49.554Z] TWS unavailable (connection dropped) — retrying in 15s
[2026-07-20T04:32:04.557Z] TWS unavailable (connection dropped) — retrying in 15s
[2026-07-20T04:32:19.560Z] TWS unavailable (connection dropped) — retrying in 15s
[2026-07-20T04:32:34.563Z] TWS unavailable (connection dropped) — retrying in 15s
[2026-07-20T04:32:49.567Z] TWS unavailable (connection dropped) — retrying in 15s
[2026-07-20T04:33:04.569Z] TWS unavailable (connection dropped) — retrying in 15s
[2026-07-20T04:33:19.571Z] TWS unavailable (connection dropped) — retrying in 15s
[2026-07-20T04:33:34.574Z] TWS unavailable (connection dropped) — retrying in 15s
[2026-07-20T04:33:49.577Z] TWS unavailable (connection dropped) — retrying in 15s
[2026-07-20T04:34:04.580Z] TWS unavailable (connection dropped) — retrying in 15s
[2026-07-20T04:34:19.583Z] TWS unavailable (connection dropped) — retrying in 15s
[2026-07-20T04:34:34.586Z] TWS unavailable (connection dropped) — retrying in 15s
[2026-07-20T04:34:49.588Z] TWS unavailable (connection dropped) — retrying in 15s
[2026-07-20T04:35:04.590Z] TWS unavailable (connection dropped) — retrying in 15s
[2026-07-20T04:35:19.593Z] TWS unavailable (connection dropped) — retrying in 15s
[2026-07-20T04:35:34.595Z] TWS unavailable (connection dropped) — retrying in 15s
[2026-07-20T04:35:49.597Z] TWS unavailable (connection dropped) — retrying in 15s
[2026-07-20T04:36:04.600Z] TWS unavailable (connection dropped) — retrying in 15s
[2026-07-20T04:36:19.603Z] TWS unavailable (connection dropped) — retrying in 15s
[2026-07-20T04:36:34.606Z] TWS unavailable (connection dropped) — retrying in 15s
[2026-07-20T04:36:49.608Z] TWS unavailable (connection dropped) — retrying in 15s
[2026-07-20T04:37:04.611Z] TWS unavailable (connection dropped) — retrying in 15s
[2026-07-20T04:37:19.613Z] TWS unavailable (connection dropped) — retrying in 15s
[2026-07-20T04:37:34.616Z] TWS unavailable (connection dropped) — retrying in 15s
[2026-07-20T04:37:49.618Z] TWS unavailable (connection dropped) — retrying in 15s
[2026-07-20T04:38:04.622Z] TWS unavailable (connection dropped) — retrying in 15s
[2026-07-20T04:38:19.626Z] TWS unavailable (connection dropped) — retrying in 15s
[2026-07-20T04:38:34.628Z] TWS unavailable (connection dropped) — retrying in 15s
[2026-07-20T04:38:49.631Z] TWS unavailable (connection dropped) — retrying in 15s
[2026-07-20T04:39:04.634Z] TWS unavailable (connection dropped) — retrying in 15s
[2026-07-20T04:39:19.636Z] TWS unavailable (connection dropped) — retrying in 15s
[2026-07-20T04:39:34.639Z] TWS unavailable (connection dropped) — retrying in 15s
[2026-07-20T04:39:49.642Z] TWS unavailable (connection dropped) — retrying in 15s
[2026-07-20T04:40:04.645Z] TWS unavailable (connection dropped) — retrying in 15s
[2026-07-20T04:40:19.648Z] TWS unavailable (connection dropped) — retrying in 15s
[2026-07-20T04:40:34.650Z] TWS unavailable (connection dropped) — retrying in 15s
[2026-07-20T04:40:49.654Z] TWS unavailable (connection dropped) — retrying in 15s
[2026-07-20T04:41:04.656Z] TWS unavailable (connection dropped) — retrying in 15s
[2026-07-20T04:41:19.658Z] TWS unavailable (connection dropped) — retrying in 15s
[2026-07-20T04:41:34.661Z] TWS unavailable (connection dropped) — retrying in 15s
[2026-07-20T04:41:49.664Z] TWS unavailable (connection dropped) — retrying in 15s
[2026-07-20T04:42:04.666Z] TWS unavailable (connection dropped) — retrying in 15s
[2026-07-20T04:42:19.669Z] TWS unavailable (connection dropped) — retrying in 15s
[2026-07-20T04:42:34.673Z] TWS unavailable (connection dropped) — retrying in 15s
[2026-07-20T04:42:49.675Z] TWS unavailable (connection dropped) — retrying in 15s
[2026-07-20T04:43:04.678Z] TWS unavailable (connection dropped) — retrying in 15s
[2026-07-20T04:43:19.681Z] TWS unavailable (connection dropped) — retrying in 15s
[2026-07-20T04:43:34.684Z] TWS unavailable (connection dropped) — retrying in 15s
[2026-07-20T04:43:49.686Z] TWS unavailable (connection dropped) — retrying in 15s
[2026-07-20T04:44:04.689Z] TWS unavailable (connection dropped) — retrying in 15s
[2026-07-20T04:44:19.692Z] TWS unavailable (connection dropped) — retrying in 15s
[2026-07-20T04:44:34.694Z] TWS unavailable (connection dropped) — retrying in 15s
[2026-07-20T04:44:49.697Z] TWS unavailable (connection dropped) — retrying in 15s
[2026-07-20T04:45:04.699Z] TWS unavailable (connection dropped) — retrying in 15s
[2026-07-20T04:45:19.702Z] TWS unavailable (connection dropped) — retrying in 15s
[2026-07-20T04:45:34.706Z] TWS unavailable (connection dropped) — retrying in 15s
[2026-07-20T04:45:49.709Z] TWS unavailable (connection dropped) — retrying in 15s
[2026-07-20T04:46:04.713Z] TWS unavailable (connection dropped) — retrying in 15s
[2026-07-20T04:46:19.717Z] TWS unavailable (connection dropped) — retrying in 15s
[2026-07-20T04:46:34.719Z] TWS unavailable (connection dropped) — retrying in 15s
[2026-07-20T04:46:49.722Z] TWS unavailable (connection dropped) — retrying in 15s
[2026-07-20T04:47:04.724Z] TWS unavailable (connection dropped) — retrying in 15s
[2026-07-20T04:47:19.728Z] TWS unavailable (connection dropped) — retrying in 15s
[2026-07-20T04:47:34.730Z] TWS unavailable (connection dropped) — retrying in 15s
[2026-07-20T04:47:49.733Z] TWS unavailable (connection dropped) — retrying in 15s
[2026-07-20T04:48:04.735Z] TWS unavailable (connection dropped) — retrying in 15s
[2026-07-20T04:48:19.738Z] TWS unavailable (connection dropped) — retrying in 15s
[2026-07-20T04:48:34.741Z] TWS unavailable (connection dropped) — retrying in 15s
[2026-07-20T04:48:49.745Z] TWS unavailable (connection dropped) — retrying in 15s
[2026-07-20T04:49:04.749Z] TWS unavailable (connection dropped) — retrying in 15s
[2026-07-20T04:49:19.752Z] TWS unavailable (connection dropped) — retrying in 15s
[2026-07-20T04:49:34.755Z] TWS unavailable (connection dropped) — retrying in 15s
[2026-07-20T04:49:49.759Z] TWS unavailable (connection dropped) — retrying in 15s
[2026-07-20T04:50:04.765Z] TWS unavailable (connection dropped) — retrying in 15s
[2026-07-20T04:50:19.768Z] TWS unavailable (connection dropped) — retrying in 15s
[2026-07-20T04:50:34.771Z] TWS unavailable (connection dropped) — retrying in 15s
[2026-07-20T04:50:49.776Z] TWS unavailable (connection dropped) — retrying in 15s
[2026-07-20T04:51:04.780Z] TWS unavailable (connection dropped) — retrying in 15s
[2026-07-20T04:51:19.784Z] TWS unavailable (connection dropped) — retrying in 15s
[2026-07-20T04:51:34.787Z] TWS unavailable (connection dropped) — retrying in 15s
[2026-07-20T04:51:49.791Z] TWS unavailable (connection dropped) — retrying in 15s
[2026-07-20T04:52:04.793Z] TWS unavailable (connection dropped) — retrying in 15s
[2026-07-20T04:52:19.795Z] TWS unavailable (connection dropped) — retrying in 15s
[2026-07-20T04:52:34.798Z] TWS unavailable (connection dropped) — retrying in 15s
[2026-07-20T04:52:49.802Z] TWS unavailable (connection dropped) — retrying in 15s
[2026-07-20T04:53:04.808Z] TWS unavailable (connection dropped) — retrying in 15s
[2026-07-20T04:53:19.812Z] TWS unavailable (connection dropped) — retrying in 15s
[2026-07-20T04:53:34.813Z] TWS unavailable (connection dropped) — retrying in 15s
[2026-07-20T04:53:49.816Z] TWS unavailable (connection dropped) — retrying in 15s
[2026-07-20T04:54:04.819Z] TWS unavailable (connection dropped) — retrying in 15s
[2026-07-20T04:54:19.822Z] TWS unavailable (connection dropped) — retrying in 15s
[2026-07-20T04:54:34.824Z] TWS unavailable (connection dropped) — retrying in 15s
[2026-07-20T04:54:49.828Z] TWS unavailable (connection dropped) — retrying in 15s
[2026-07-20T04:55:04.832Z] TWS unavailable (connection dropped) — retrying in 15s
[2026-07-20T04:55:19.834Z] TWS unavailable (connection dropped) — retrying in 15s
[2026-07-20T04:55:34.837Z] TWS unavailable (connection dropped) — retrying in 15s
[2026-07-20T04:55:49.841Z] TWS unavailable (connection dropped) — retrying in 15s
[2026-07-20T04:56:04.845Z] TWS unavailable (connection dropped) — retrying in 15s
[2026-07-20T04:56:19.847Z] TWS unavailable (connection dropped) — retrying in 15s
[2026-07-20T04:56:34.850Z] TWS unavailable (connection dropped) — retrying in 15s
[2026-07-20T04:56:49.853Z] TWS unavailable (connection dropped) — retrying in 15s
[2026-07-20T04:57:04.856Z] TWS unavailable (connection dropped) — retrying in 15s
[2026-07-20T04:57:19.858Z] TWS unavailable (connection dropped) — retrying in 15s
[2026-07-20T04:57:34.861Z] TWS unavailable (connection dropped) — retrying in 15s
[2026-07-20T04:57:49.864Z] TWS unavailable (connection dropped) — retrying in 15s
[2026-07-20T04:58:04.867Z] TWS unavailable (connection dropped) — retrying in 15s
[2026-07-20T04:58:19.870Z] TWS unavailable (connection dropped) — retrying in 15s
[2026-07-20T04:58:34.874Z] TWS unavailable (connection dropped) — retrying in 15s
[2026-07-20T04:58:49.877Z] TWS unavailable (connection dropped) — retrying in 15s
[2026-07-20T04:59:04.880Z] TWS unavailable (connection dropped) — retrying in 15s
[2026-07-20T04:59:19.883Z] TWS unavailable (connection dropped) — retrying in 15s
[2026-07-20T04:59:34.886Z] TWS unavailable (connection dropped) — retrying in 15s
[2026-07-20T04:59:49.890Z] TWS unavailable (connection dropped) — retrying in 15s
[2026-07-20T05:00:04.893Z] TWS unavailable (connection dropped) — retrying in 15s
[2026-07-20T05:00:19.901Z] Connected to TWS
[2026-07-20T05:01:03.433Z] Server on http://localhost:3000
[2026-07-20T05:01:03.436Z] TP: +100% | SL: -50% | DTE: 0-3
[2026-07-20T05:01:03.436Z] EOD-flatten: ON @1550 ET | Trail: ON arm prem+10% trail15% | Time-stop: ON 15min | MFE-log: ON
[2026-07-20T05:01:03.454Z] Connected to TWS
[2026-07-20T14:00:03.096Z] Signal received: buy AMZN put @ 248.58
[2026-07-20T14:00:03.097Z] Queued AMZN — queue length: 1
[2026-07-20T14:00:03.097Z] Processing AMZN P...
[2026-07-20T14:00:03.097Z] getConId: requesting contract details for AMZN, reqId 1912
[2026-07-20T14:00:03.381Z] ConId for AMZN: 3691937
[2026-07-20T14:00:03.939Z] getExpirations: skipping alternate trading class "2AMZN" for AMZN
[2026-07-20T14:00:03.987Z] Order placed: AMZN P strike:250 exp:20260720
[2026-07-20T14:00:04.847Z] [execDetails] side=BOT orderId=1 qty=1 px=1.3
[2026-07-20T14:00:04.848Z] Fill @ $1.3 → TP:$3.85 SL:$0.15
[2026-07-20T14:00:04.852Z] Tracking AMZN_P_250_20260720 for trailing stop (entry $1.3, underlying 248.58)
[2026-07-20T14:00:06.561Z] Trail ARMED AMZN_P_250_20260720 at +73% premium (peak $2.25)
[2026-07-20T14:00:06.828Z] Signal received: buy TSLA put @ 375.54
[2026-07-20T14:00:06.829Z] Queued TSLA — queue length: 1
[2026-07-20T14:00:06.988Z] Processing TSLA P...
[2026-07-20T14:00:06.989Z] getConId: requesting contract details for TSLA, reqId 2838
[2026-07-20T14:00:07.174Z] ConId for TSLA: 76792991
[2026-07-20T14:00:07.936Z] getExpirations: skipping alternate trading class "2TSLA" for TSLA
[2026-07-20T14:00:07.937Z] Order placed: TSLA P strike:375 exp:20260720
[2026-07-20T14:00:08.168Z] [execDetails] side=BOT orderId=4 qty=1 px=0.67
[2026-07-20T14:00:08.168Z] Fill @ $0.67 → TP:$1.60 SL:$0.05
[2026-07-20T14:00:08.169Z] Tracking TSLA_P_375_20260720 for trailing stop (entry $0.67, underlying 375.54)
[2026-07-20T14:00:09.500Z] Signal received: buy AMZN call @ 248.58
[2026-07-20T14:00:09.501Z] Queued AMZN — queue length: 1
[2026-07-20T14:00:10.938Z] SKIP: already holding AMZN (AMZN_P_250_20260720) -- one position per ticker
[2026-07-20T14:00:11.563Z] Trail ARMED TSLA_P_375_20260720 at +307% premium (peak $2.73)
[2026-07-20T14:00:28.872Z] Signal received: buy MSFT put @ 390.92
[2026-07-20T14:00:28.873Z] Queued MSFT — queue length: 1
[2026-07-20T14:00:28.873Z] Processing MSFT P...
[2026-07-20T14:00:28.873Z] getConId: requesting contract details for MSFT, reqId 3321
[2026-07-20T14:00:29.056Z] ConId for MSFT: 272093
[2026-07-20T14:00:29.722Z] getExpirations: skipping alternate trading class "2MSFT" for MSFT
[2026-07-20T14:00:29.723Z] Order placed: MSFT P strike:390 exp:20260720
[2026-07-20T14:00:29.967Z] [execDetails] side=BOT orderId=7 qty=1 px=1.24
[2026-07-20T14:00:29.968Z] Fill @ $1.24 → TP:$2.30 SL:$0.10
[2026-07-20T14:00:29.969Z] Tracking MSFT_P_390_20260720 for trailing stop (entry $1.24, underlying 390.92)
[2026-07-20T14:00:30.958Z] Signal received: buy IWM put @ 294.76
[2026-07-20T14:00:30.959Z] Queued IWM — queue length: 1
[2026-07-20T14:00:31.601Z] Trail ARMED MSFT_P_390_20260720 at +29% premium (peak $1.6)
[2026-07-20T14:00:32.724Z] Processing IWM P...
[2026-07-20T14:00:32.725Z] getConId: requesting contract details for IWM, reqId 2034
[2026-07-20T14:00:32.903Z] ConId for IWM: 9579970
[2026-07-20T14:00:32.984Z] Trail HIT TSLA_P_375_20260720: $2.43 <= trail $2.43 (peak $2.86) — closing
[2026-07-20T14:00:33.079Z] IBKR [202]: Order Canceled - reason:
[2026-07-20T14:00:33.127Z] IBKR [202]: Order Canceled - reason:
[2026-07-20T14:00:33.688Z] Order placed: IWM P strike:295 exp:20260720
[2026-07-20T14:00:33.731Z] IBKR [300]: Can't find EId with tickerId:0
[2026-07-20T14:00:33.782Z] [execDetails] side=SLD orderId=10 qty=1 px=0.66
[2026-07-20T14:00:34.272Z] Server on http://localhost:3000
[2026-07-20T14:00:34.274Z] TP: +100% | SL: -50% | DTE: 0-3
[2026-07-20T14:00:34.274Z] EOD-flatten: ON @1550 ET | Trail: ON arm prem+10% trail15% | Time-stop: ON 15min | MFE-log: ON
[2026-07-20T14:15:10.148Z] Signal received: buy SPY put @ 744.99
[2026-07-20T14:15:10.154Z] Skipped: not connected to TWS
[2026-07-20T14:15:16.179Z] Signal received: buy IWM put @ 293.88
[2026-07-20T14:15:16.181Z] Skipped: not connected to TWS
[2026-07-20T14:30:03.170Z] Signal received: buy QQQ call @ 701.89
[2026-07-20T14:30:03.172Z] Skipped: not connected to TWS
[2026-07-20T14:30:08.121Z] Signal received: buy IWM put @ 294.17
[2026-07-20T14:30:08.122Z] Skipped: not connected to TWS
[2026-07-20T15:00:08.288Z] Signal received: buy SPY put @ 744.11
[2026-07-20T15:00:08.289Z] Skipped: not connected to TWS
[2026-07-20T15:45:06.846Z] Signal received: buy QQQ call @ 701.79
[2026-07-20T15:45:06.847Z] Skipped: not connected to TWS
[2026-07-20T15:45:09.898Z] Signal received: buy SPY call @ 745.98
[2026-07-20T15:45:09.899Z] Skipped: not connected to TWS
[2026-07-20T16:00:02.208Z] Signal received: buy QQQ call @ 702.38
[2026-07-20T16:00:02.209Z] Skipped: not connected to TWS
[2026-07-20T16:00:11.408Z] Signal received: buy SPY call @ 745.99
[2026-07-20T16:00:11.410Z] Skipped: not connected to TWS
[2026-07-20T16:15:04.629Z] Signal received: buy SPY call @ 746.79
[2026-07-20T16:15:04.630Z] Skipped: not connected to TWS
[2026-07-20T16:30:01.572Z] Signal received: buy SPY call @ 746.50
[2026-07-20T16:30:01.579Z] Skipped: not connected to TWS
[2026-07-20T16:45:04.201Z] Signal received: buy AMZN put @ 252.54
[2026-07-20T16:45:04.203Z] Skipped: not connected to TWS
[2026-07-20T16:45:08.364Z] Signal received: buy AMZN call @ 252.54
[2026-07-20T16:45:08.365Z] Skipped: not connected to TWS
[2026-07-20T16:45:13.967Z] Signal received: buy QQQ put @ 701.27
[2026-07-20T16:45:13.968Z] Skipped: not connected to TWS
[2026-07-20T17:11:02.637Z] TWS unavailable (connection dropped) — retrying in 15s
[2026-07-20T17:11:17.726Z] Connected to TWS
[2026-07-20T17:19:15.605Z] TWS unavailable (connection dropped) — retrying in 15s
[2026-07-20T17:19:30.697Z] Connected to TWS
[2026-07-20T17:24:16.433Z] TWS unavailable (connection dropped) — retrying in 15s
[2026-07-20T17:24:31.513Z] Connected to TWS
[2026-07-20T17:45:09.029Z] Signal received: buy SPY put @ 743.72
[2026-07-20T17:45:09.030Z] Queued SPY — queue length: 1
[2026-07-20T17:45:09.031Z] Processing SPY P...
[2026-07-20T17:45:09.031Z] getConId: requesting contract details for SPY, reqId 3544
[2026-07-20T17:45:09.215Z] ConId for SPY: 756733
[2026-07-20T17:45:10.919Z] Order placed: SPY P strike:745 exp:20260720
[2026-07-20T17:45:11.382Z] [execDetails] side=BOT orderId=1 qty=1 px=1.43
[2026-07-20T17:45:11.382Z] Fill @ $1.43 → TP:$3.25 SL:$0.15
[2026-07-20T17:45:11.383Z] Tracking SPY_P_745_20260720 for trailing stop (entry $1.43, underlying 743.72)
[2026-07-20T17:45:15.382Z] Trail ARMED SPY_P_745_20260720 at +11% premium (peak $1.59)
[2026-07-20T17:45:41.766Z] Trail HIT SPY_P_745_20260720: $1.37 <= trail $1.38 (peak $1.62) — closing
[2026-07-20T17:45:41.843Z] IBKR [202]: Order Canceled - reason:
[2026-07-20T17:45:41.870Z] IBKR [202]: Order Canceled - reason:
[2026-07-20T17:45:41.910Z] IBKR [10148]: OrderId 3 that needs to be cancelled cannot be cancelled, state: Cancelled.
[2026-07-20T17:45:42.102Z] [execDetails] side=SLD orderId=4 qty=1 px=1.41
[2026-07-20T17:45:42.571Z] Server on http://localhost:3000
[2026-07-20T17:45:42.574Z] TP: +100% | SL: -50% | DTE: 0-3
[2026-07-20T17:45:42.574Z] EOD-flatten: ON @1550 ET | Trail: ON arm prem+10% trail15% | Time-stop: ON 15min | MFE-log: ON
[2026-07-20T17:45:42.590Z] Connected to TWS
[2026-07-20T17:48:45.477Z] Server on http://localhost:3000
[2026-07-20T17:48:45.479Z] TP: +100% | SL: -50% | DTE: 0-3
[2026-07-20T17:48:45.480Z] EOD-flatten: ON @1550 ET | Trail: ON arm prem+10% trail15% | Time-stop: ON 15min | MFE-log: ON
[2026-07-20T17:48:45.495Z] Connected to TWS
[2026-07-20T18:02:03.297Z] Server on http://localhost:3000
[2026-07-20T18:02:03.300Z] TP: +100% | SL: -30% | DTE: 0-3
[2026-07-20T18:02:03.300Z] EOD-flatten: ON @1550 ET | Trail: ON arm prem+10% trail15% | Time-stop: ON 15min | MFE-log: ON
[2026-07-20T18:02:03.316Z] Connected to TWS
[2026-07-20T18:03:19.286Z] Server on http://localhost:3000
[2026-07-20T18:03:19.288Z] TP: +100% | SL: -30% | DTE: 0-3
[2026-07-20T18:03:19.289Z] EOD-flatten: ON @1550 ET | Trail: ON arm prem+10% trail15% | Time-stop: ON 15min | MFE-log: ON
[2026-07-20T18:03:19.301Z] Connected to TWS
[2026-07-20T18:04:02.792Z] Server on http://localhost:3000
[2026-07-20T18:04:02.795Z] TP: +100% | SL: -30% | DTE: 0-3
[2026-07-20T18:04:02.795Z] EOD-flatten: ON @1550 ET | Trail: ON arm prem+10% trail15% | Time-stop: ON 15min | MFE-log: ON
[2026-07-20T18:04:02.807Z] Connected to TWS
[2026-07-20T19:50:02.870Z] EOD-flatten trigger at 1550 ET
[2026-07-20T19:50:02.879Z] EOD-flatten: closing 1 position(s) expiring 20260720
[2026-07-20T19:50:02.883Z] EOD-flatten SELL: IWM P 295 qty 1
[2026-07-20T19:50:03.051Z] [execDetails] side=SLD orderId=1 qty=1 px=2
[2026-07-20T19:57:02.875Z] EOD-flatten PASS 2 (catch-all) at 1557 ET
[2026-07-20T19:57:02.880Z] EOD-flatten: no 0DTE option positions to close (exp 20260720)
[2026-07-20T22:48:13.665Z] TWS unavailable (connection dropped) — retrying in 15s
[2026-07-20T22:48:28.738Z] Connected to TWS
[2026-07-20T23:17:12.435Z] TWS unavailable (connection dropped) — retrying in 15s
[2026-07-20T23:17:27.521Z] Connected to TWS
[2026-07-20T23:22:13.595Z] TWS unavailable (connection dropped) — retrying in 15s
[2026-07-20T23:22:28.669Z] Connected to TWS
[2026-07-20T23:42:02.289Z] Server on http://localhost:3000
[2026-07-20T23:42:02.291Z] TP: +100% | SL: -30% | DTE: 0-3
[2026-07-20T23:42:02.291Z] EOD-flatten: ON @1550 ET | Trail: ON arm prem+10% trail15% | Time-stop: ON 15min | MFE-log: ON
[2026-07-20T23:59:00.825Z] TWS unavailable (connection dropped) — retrying in 15s
[2026-07-20T23:59:15.991Z] Connected to TWS
[2026-07-21T00:17:17.808Z] TWS unavailable (connection dropped) — retrying in 15s
[2026-07-21T00:17:32.890Z] Connected to TWS
[2026-07-21T00:22:18.974Z] TWS unavailable (connection dropped) — retrying in 15s
[2026-07-21T00:22:34.094Z] Connected to TWS
[2026-07-21T01:17:23.724Z] TWS unavailable (connection dropped) — retrying in 15s
[2026-07-21T01:17:38.841Z] Connected to TWS
[2026-07-21T01:22:25.176Z] TWS unavailable (connection dropped) — retrying in 15s
[2026-07-21T01:22:40.271Z] Connected to TWS
[2026-07-21T02:17:29.603Z] TWS unavailable (connection dropped) — retrying in 15s
[2026-07-21T02:17:44.726Z] Connected to TWS
[2026-07-21T02:22:31.008Z] TWS unavailable (connection dropped) — retrying in 15s
[2026-07-21T02:22:46.012Z] TWS unavailable (connection dropped) — retrying in 15s
[2026-07-21T02:23:01.027Z] Connected to TWS
[2026-07-21T03:17:35.532Z] TWS unavailable (connection dropped) — retrying in 15s
[2026-07-21T03:17:50.630Z] Connected to TWS
[2026-07-21T03:22:36.954Z] TWS unavailable (connection dropped) — retrying in 15s
[2026-07-21T03:22:52.058Z] Connected to TWS
[2026-07-21T03:50:59.941Z] TWS unavailable (connection dropped) — retrying in 15s
[2026-07-21T03:51:15.054Z] Connected to TWS
[2026-07-21T04:17:41.540Z] TWS unavailable (connection dropped) — retrying in 15s
[2026-07-21T04:17:56.666Z] Connected to TWS
[2026-07-21T04:22:42.867Z] TWS unavailable (connection dropped) — retrying in 15s
[2026-07-21T04:22:57.985Z] Connected to TWS
[2026-07-21T05:00:01.578Z] TWS unavailable (connection dropped) — retrying in 15s
[2026-07-21T05:00:16.740Z] Connected to TWS
[2026-07-21T05:01:03.699Z] Server on http://localhost:3000
[2026-07-21T05:01:03.702Z] TP: +100% | SL: -30% | DTE: 0-3
[2026-07-21T05:01:03.702Z] EOD-flatten: ON @1550 ET | Trail: ON arm prem+10% trail15% | Time-stop: ON 15min | MFE-log: ON
[2026-07-21T05:01:03.720Z] Connected to TWS
[2026-07-21T05:17:47.493Z] TWS unavailable (connection dropped) — retrying in 15s
[2026-07-21T05:18:02.596Z] Connected to TWS
[2026-07-21T05:22:48.628Z] TWS unavailable (connection dropped) — retrying in 15s
[2026-07-21T05:23:03.716Z] Connected to TWS
[2026-07-21T06:17:52.953Z] TWS unavailable (connection dropped) — retrying in 15s
[2026-07-21T06:18:08.059Z] Connected to TWS
[2026-07-21T06:22:54.274Z] TWS unavailable (connection dropped) — retrying in 15s
[2026-07-21T06:23:09.389Z] Connected to TWS
[2026-07-21T06:46:32.407Z] Server on http://localhost:3000
[2026-07-21T06:46:32.412Z] TP: +100% | SL: -30% | DTE: 0-3
[2026-07-21T06:46:32.413Z] EOD-flatten: ON @1550 ET | Trail: ON arm prem+10% trail15% | Time-stop: ON 15min | MFE-log: ON
[2026-07-21T07:21:34.565Z] TWS unavailable (connection dropped) — retrying in 15s
[2026-07-21T07:21:49.571Z] TWS unavailable (connection dropped) — retrying in 15s
[2026-07-21T07:22:04.583Z] Connected to TWS
[2026-07-21T07:26:35.789Z] TWS unavailable (connection dropped) — retrying in 15s
[2026-07-21T07:26:50.897Z] Connected to TWS
[2026-07-21T08:21:40.384Z] TWS unavailable (connection dropped) — retrying in 15s
[2026-07-21T08:21:55.477Z] Connected to TWS
[2026-07-21T08:26:41.659Z] TWS unavailable (connection dropped) — retrying in 15s
[2026-07-21T08:26:56.754Z] Connected to TWS
[2026-07-21T09:21:46.417Z] TWS unavailable (connection dropped) — retrying in 15s
[2026-07-21T09:22:01.523Z] Connected to TWS
[2026-07-21T09:22:35.282Z] TWS unavailable (connection dropped) — retrying in 15s
[2026-07-21T09:22:50.286Z] IBKR [502]: connect ECONNREFUSED 127.0.0.1:4002
[2026-07-21T09:22:50.286Z] TWS unavailable (connect refused (502) — gateway not ready) — retrying in 15s
[2026-07-21T09:23:05.287Z] IBKR [502]: connect ECONNREFUSED 127.0.0.1:4002
[2026-07-21T09:23:05.287Z] TWS unavailable (connect refused (502) — gateway not ready) — retrying in 15s
[2026-07-21T09:23:20.288Z] IBKR [502]: connect ECONNREFUSED 127.0.0.1:4002
[2026-07-21T09:23:20.289Z] TWS unavailable (connect refused (502) — gateway not ready) — retrying in 15s
[2026-07-21T09:23:35.289Z] IBKR [502]: connect ECONNREFUSED 127.0.0.1:4002
[2026-07-21T09:23:35.290Z] TWS unavailable (connect refused (502) — gateway not ready) — retrying in 15s
[2026-07-21T09:23:50.291Z] IBKR [502]: connect ECONNREFUSED 127.0.0.1:4002
[2026-07-21T09:23:50.292Z] TWS unavailable (connect refused (502) — gateway not ready) — retrying in 15s
[2026-07-21T09:24:05.293Z] IBKR [502]: connect ECONNREFUSED 127.0.0.1:4002
[2026-07-21T09:24:05.294Z] TWS unavailable (connect refused (502) — gateway not ready) — retrying in 15s
[2026-07-21T09:24:20.296Z] IBKR [502]: connect ECONNREFUSED 127.0.0.1:4002
[2026-07-21T09:24:20.296Z] TWS unavailable (connect refused (502) — gateway not ready) — retrying in 15s
[2026-07-21T09:24:35.297Z] IBKR [502]: connect ECONNREFUSED 127.0.0.1:4002
[2026-07-21T09:24:35.297Z] TWS unavailable (connect refused (502) — gateway not ready) — retrying in 15s
[2026-07-21T09:24:50.299Z] IBKR [502]: connect ECONNREFUSED 127.0.0.1:4002
[2026-07-21T09:24:50.300Z] TWS unavailable (connect refused (502) — gateway not ready) — retrying in 15s
[2026-07-21T09:25:05.307Z] TWS unavailable (connection dropped) — retrying in 15s
[2026-07-21T09:25:20.321Z] Connected to TWS
[2026-07-21T09:26:47.733Z] TWS unavailable (connection dropped) — retrying in 15s
[2026-07-21T09:27:02.879Z] Connected to TWS
[2026-07-21T10:18:58.025Z] Server on http://localhost:3000
[2026-07-21T10:18:58.029Z] TP: +100% | SL: -30% | DTE: 0-3
[2026-07-21T10:18:58.029Z] EOD-flatten: ON @1550 ET | Trail: ON arm prem+10% trail15% | Time-stop: ON 15min | MFE-log: ON
[2026-07-21T10:18:58.115Z] Connected to TWS
[2026-07-21T10:22:22.530Z] TWS unavailable (connection dropped) — retrying in 15s
[2026-07-21T10:22:37.634Z] Connected to TWS
[2026-07-21T10:28:59.953Z] TWS unavailable (connection dropped) — retrying in 15s
[2026-07-21T10:29:15.099Z] Connected to TWS
[2026-07-21T10:33:20.644Z] Server on http://localhost:3000
[2026-07-21T10:33:20.647Z] TP: +100% | SL: -30% | DTE: 0-3
[2026-07-21T10:33:20.647Z] EOD-flatten: ON @1550 ET | Trail: ON arm prem+10% trail15% | Time-stop: ON 15min | MFE-log: ON
[2026-07-21T10:33:20.712Z] Connected to TWS
[2026-07-21T10:33:21.791Z] TWS unavailable (connection dropped) — retrying in 15s
[2026-07-21T10:33:36.896Z] Connected to TWS
[2026-07-21T10:56:54.444Z] TWS unavailable (connection dropped) — retrying in 15s
[2026-07-21T10:57:09.546Z] Connected to TWS
[2026-07-21T11:33:26.537Z] TWS unavailable (connection dropped) — retrying in 15s
[2026-07-21T11:33:41.634Z] Connected to TWS
[2026-07-21T11:38:27.826Z] TWS unavailable (connection dropped) — retrying in 15s
[2026-07-21T11:38:42.932Z] Connected to TWS
[2026-07-21T12:05:18.590Z] TWS unavailable (connection dropped) — retrying in 15s
[2026-07-21T12:05:33.686Z] Connected to TWS
[2026-07-21T17:46:24.007Z] Server on http://localhost:3000
[2026-07-21T17:46:24.009Z] TP: +100% | SL: -30% | DTE: 0-3
[2026-07-21T17:46:24.010Z] EOD-flatten: ON @1550 ET | Trail: ON arm prem+10% trail15% | Time-stop: ON 15min | MFE-log: ON
[2026-07-21T17:46:24.029Z] Connected to TWS
[2026-07-21T19:50:24.154Z] EOD-flatten trigger at 1550 ET
[2026-07-21T19:50:24.171Z] EOD-flatten: no 0DTE option positions to close (exp 20260721)
[2026-07-21T19:57:24.160Z] EOD-flatten PASS 2 (catch-all) at 1557 ET
[2026-07-21T19:57:24.164Z] EOD-flatten: no 0DTE option positions to close (exp 20260721)
[2026-07-22T01:55:49.760Z] TWS unavailable (connection dropped) — retrying in 15s
[2026-07-22T01:56:04.878Z] Connected to TWS
[2026-07-22T01:59:33.237Z] TWS unavailable (connection dropped) — retrying in 15s
[2026-07-22T01:59:48.240Z] IBKR [502]: connect ECONNREFUSED 127.0.0.1:4002
[2026-07-22T01:59:48.241Z] TWS unavailable (connect refused (502) — gateway not ready) — retrying in 15s
[2026-07-22T02:00:03.243Z] IBKR [502]: connect ECONNREFUSED 127.0.0.1:4002
[2026-07-22T02:00:03.244Z] TWS unavailable (connect refused (502) — gateway not ready) — retrying in 15s
[2026-07-22T02:00:18.245Z] IBKR [502]: connect ECONNREFUSED 127.0.0.1:4002
[2026-07-22T02:00:18.246Z] TWS unavailable (connect refused (502) — gateway not ready) — retrying in 15s
[2026-07-22T02:00:33.247Z] IBKR [502]: connect ECONNREFUSED 127.0.0.1:4002
[2026-07-22T02:00:33.247Z] TWS unavailable (connect refused (502) — gateway not ready) — retrying in 15s
[2026-07-22T02:00:48.250Z] IBKR [502]: connect ECONNREFUSED 127.0.0.1:4002
[2026-07-22T02:00:48.250Z] TWS unavailable (connect refused (502) — gateway not ready) — retrying in 15s
[2026-07-22T02:01:03.253Z] IBKR [502]: connect ECONNREFUSED 127.0.0.1:4002
[2026-07-22T02:01:03.253Z] TWS unavailable (connect refused (502) — gateway not ready) — retrying in 15s
[2026-07-22T02:01:18.257Z] IBKR [502]: connect ECONNREFUSED 127.0.0.1:4002
[2026-07-22T02:01:18.257Z] TWS unavailable (connect refused (502) — gateway not ready) — retrying in 15s
[2026-07-22T02:01:33.259Z] IBKR [502]: connect ECONNREFUSED 127.0.0.1:4002
[2026-07-22T02:01:33.259Z] TWS unavailable (connect refused (502) — gateway not ready) — retrying in 15s
[2026-07-22T02:01:48.261Z] IBKR [502]: connect ECONNREFUSED 127.0.0.1:4002
[2026-07-22T02:01:48.261Z] TWS unavailable (connect refused (502) — gateway not ready) — retrying in 15s
[2026-07-22T02:02:03.263Z] IBKR [502]: connect ECONNREFUSED 127.0.0.1:4002
[2026-07-22T02:02:03.264Z] TWS unavailable (connect refused (502) — gateway not ready) — retrying in 15s
[2026-07-22T02:02:18.266Z] IBKR [502]: connect ECONNREFUSED 127.0.0.1:4002
[2026-07-22T02:02:18.266Z] TWS unavailable (connect refused (502) — gateway not ready) — retrying in 15s
[2026-07-22T02:02:33.268Z] IBKR [502]: connect ECONNREFUSED 127.0.0.1:4002
[2026-07-22T02:02:33.268Z] TWS unavailable (connect refused (502) — gateway not ready) — retrying in 15s
[2026-07-22T02:02:48.271Z] IBKR [502]: connect ECONNREFUSED 127.0.0.1:4002
[2026-07-22T02:02:48.271Z] TWS unavailable (connect refused (502) — gateway not ready) — retrying in 15s
[2026-07-22T02:03:03.273Z] IBKR [502]: connect ECONNREFUSED 127.0.0.1:4002
[2026-07-22T02:03:03.273Z] TWS unavailable (connect refused (502) — gateway not ready) — retrying in 15s
[2026-07-22T02:03:18.273Z] IBKR [502]: connect ECONNREFUSED 127.0.0.1:4002
[2026-07-22T02:03:18.274Z] TWS unavailable (connect refused (502) — gateway not ready) — retrying in 15s
[2026-07-22T02:03:33.275Z] IBKR [502]: connect ECONNREFUSED 127.0.0.1:4002
[2026-07-22T02:03:33.275Z] TWS unavailable (connect refused (502) — gateway not ready) — retrying in 15s
[2026-07-22T02:03:48.277Z] IBKR [502]: connect ECONNREFUSED 127.0.0.1:4002
[2026-07-22T02:03:48.278Z] TWS unavailable (connect refused (502) — gateway not ready) — retrying in 15s
[2026-07-22T02:04:03.281Z] IBKR [502]: connect ECONNREFUSED 127.0.0.1:4002
[2026-07-22T02:04:03.281Z] TWS unavailable (connect refused (502) — gateway not ready) — retrying in 15s
[2026-07-22T02:04:18.283Z] IBKR [502]: connect ECONNREFUSED 127.0.0.1:4002
[2026-07-22T02:04:18.283Z] TWS unavailable (connect refused (502) — gateway not ready) — retrying in 15s
[2026-07-22T02:04:33.284Z] IBKR [502]: connect ECONNREFUSED 127.0.0.1:4002
[2026-07-22T02:04:33.285Z] TWS unavailable (connect refused (502) — gateway not ready) — retrying in 15s
[2026-07-22T02:04:48.286Z] IBKR [502]: connect ECONNREFUSED 127.0.0.1:4002
[2026-07-22T02:04:48.286Z] TWS unavailable (connect refused (502) — gateway not ready) — retrying in 15s
[2026-07-22T02:05:03.288Z] IBKR [502]: connect ECONNREFUSED 127.0.0.1:4002
[2026-07-22T02:05:03.288Z] TWS unavailable (connect refused (502) — gateway not ready) — retrying in 15s
[2026-07-22T02:05:18.290Z] IBKR [502]: connect ECONNREFUSED 127.0.0.1:4002
[2026-07-22T02:05:18.290Z] TWS unavailable (connect refused (502) — gateway not ready) — retrying in 15s
[2026-07-22T02:05:33.291Z] IBKR [502]: connect ECONNREFUSED 127.0.0.1:4002
[2026-07-22T02:05:33.291Z] TWS unavailable (connect refused (502) — gateway not ready) — retrying in 15s
[2026-07-22T02:05:48.292Z] IBKR [502]: connect ECONNREFUSED 127.0.0.1:4002
[2026-07-22T02:05:48.293Z] TWS unavailable (connect refused (502) — gateway not ready) — retrying in 15s
[2026-07-22T02:06:03.294Z] IBKR [502]: connect ECONNREFUSED 127.0.0.1:4002
[2026-07-22T02:06:03.294Z] TWS unavailable (connect refused (502) — gateway not ready) — retrying in 15s
[2026-07-22T02:06:18.400Z] Connected to TWS
[2026-07-22T04:59:00.109Z] TWS unavailable (connection dropped) — retrying in 15s
[2026-07-22T04:59:15.112Z] TWS unavailable (connection dropped) — retrying in 15s
[2026-07-22T04:59:30.313Z] Connected to TWS
[2026-07-22T05:00:01.456Z] TWS unavailable (connection dropped) — retrying in 15s
[2026-07-22T05:00:16.543Z] Connected to TWS
[2026-07-22T05:01:03.818Z] Server on http://localhost:3000
[2026-07-22T05:01:03.822Z] TP: +100% | SL: -30% | DTE: 0-3
[2026-07-22T05:01:03.823Z] EOD-flatten: ON @1550 ET | Trail: ON arm prem+10% trail15% | Time-stop: ON 15min | MFE-log: ON
[2026-07-22T05:01:03.842Z] Connected to TWS
[2026-07-22T10:55:08.776Z] TWS unavailable (connection dropped) — retrying in 15s
[2026-07-22T10:55:23.865Z] Connected to TWS
[2026-07-22T11:05:10.237Z] TWS unavailable (connection dropped) — retrying in 15s
[2026-07-22T11:05:25.247Z] Connected to TWS
[2026-07-22T11:55:14.554Z] TWS unavailable (connection dropped) — retrying in 15s
[2026-07-22T11:55:29.647Z] Connected to TWS
[2026-07-22T12:03:00.679Z] futures proxy error: connect ECONNREFUSED 127.0.0.1:3001
[2026-07-22T12:03:06.013Z] futures proxy error: connect ECONNREFUSED 127.0.0.1:3001
[2026-07-22T12:03:11.198Z] futures proxy error: connect ECONNREFUSED 127.0.0.1:3001
[2026-07-22T12:03:16.386Z] futures proxy error: connect ECONNREFUSED 127.0.0.1:3001
[2026-07-22T12:03:17.353Z] futures proxy error: connect ECONNREFUSED 127.0.0.1:3001
[2026-07-22T12:03:22.544Z] futures proxy error: connect ECONNREFUSED 127.0.0.1:3001
[2026-07-22T12:03:27.731Z] futures proxy error: connect ECONNREFUSED 127.0.0.1:3001
[2026-07-22T12:03:32.925Z] futures proxy error: connect ECONNREFUSED 127.0.0.1:3001
[2026-07-22T12:05:16.012Z] TWS unavailable (connection dropped) — retrying in 15s
[2026-07-22T12:05:31.100Z] Connected to TWS
[2026-07-22T12:06:01.425Z] futures proxy error: connect ECONNREFUSED 127.0.0.1:3001
[2026-07-22T12:06:06.614Z] futures proxy error: connect ECONNREFUSED 127.0.0.1:3001
[2026-07-22T12:06:11.806Z] futures proxy error: connect ECONNREFUSED 127.0.0.1:3001
[2026-07-22T12:06:16.996Z] futures proxy error: connect ECONNREFUSED 127.0.0.1:3001
[2026-07-22T12:07:18.846Z] futures proxy error: connect ECONNREFUSED 127.0.0.1:3001
[2026-07-22T12:07:24.036Z] futures proxy error: connect ECONNREFUSED 127.0.0.1:3001
[2026-07-22T12:07:29.224Z] futures proxy error: connect ECONNREFUSED 127.0.0.1:3001
[2026-07-22T12:07:34.409Z] futures proxy error: connect ECONNREFUSED 127.0.0.1:3001
[2026-07-22T12:09:01.843Z] futures proxy error: connect ECONNREFUSED 127.0.0.1:3001
[2026-07-22T12:09:07.099Z] futures proxy error: connect ECONNREFUSED 127.0.0.1:3001
[2026-07-22T12:09:12.287Z] futures proxy error: connect ECONNREFUSED 127.0.0.1:3001
[2026-07-22T12:09:17.473Z] futures proxy error: connect ECONNREFUSED 127.0.0.1:3001
[2026-07-22T12:21:32.813Z] futures proxy error: connect ECONNREFUSED 127.0.0.1:3001
[2026-07-22T12:21:37.999Z] futures proxy error: connect ECONNREFUSED 127.0.0.1:3001
[2026-07-22T12:21:43.186Z] futures proxy error: connect ECONNREFUSED 127.0.0.1:3001
[2026-07-22T12:21:48.373Z] futures proxy error: connect ECONNREFUSED 127.0.0.1:3001
[2026-07-22T12:24:00.984Z] futures proxy error: connect ECONNREFUSED 127.0.0.1:3001
[2026-07-22T12:24:06.191Z] futures proxy error: connect ECONNREFUSED 127.0.0.1:3001
[2026-07-22T12:24:11.381Z] futures proxy error: connect ECONNREFUSED 127.0.0.1:3001
[2026-07-22T12:24:16.570Z] futures proxy error: connect ECONNREFUSED 127.0.0.1:3001
[2026-07-22T12:55:20.334Z] TWS unavailable (connection dropped) — retrying in 15s
[2026-07-22T12:55:35.461Z] Connected to TWS
[2026-07-22T12:57:00.715Z] futures proxy error: connect ECONNREFUSED 127.0.0.1:3001
[2026-07-22T12:57:07.058Z] futures proxy error: connect ECONNREFUSED 127.0.0.1:3001
[2026-07-22T12:57:12.250Z] futures proxy error: connect ECONNREFUSED 127.0.0.1:3001
[2026-07-22T12:57:17.442Z] futures proxy error: connect ECONNREFUSED 127.0.0.1:3001
[2026-07-22T13:00:01.350Z] futures proxy error: connect ECONNREFUSED 127.0.0.1:3001
[2026-07-22T13:00:21.363Z] futures proxy error: connect ECONNREFUSED 127.0.0.1:3001
[2026-07-22T13:00:26.679Z] futures proxy error: connect ECONNREFUSED 127.0.0.1:3001
[2026-07-22T13:00:31.868Z] futures proxy error: connect ECONNREFUSED 127.0.0.1:3001
[2026-07-22T13:05:21.810Z] TWS unavailable (connection dropped) — retrying in 15s
[2026-07-22T13:05:36.898Z] Connected to TWS
[2026-07-22T13:31:56.366Z] futures proxy error: connect ECONNREFUSED 127.0.0.1:3001
[2026-07-22T13:32:04.033Z] futures proxy error: connect ECONNREFUSED 127.0.0.1:3001
[2026-07-22T13:32:09.276Z] futures proxy error: connect ECONNREFUSED 127.0.0.1:3001
[2026-07-22T13:32:14.464Z] futures proxy error: connect ECONNREFUSED 127.0.0.1:3001
[2026-07-22T13:39:00.988Z] futures proxy error: connect ECONNREFUSED 127.0.0.1:3001
[2026-07-22T13:39:06.289Z] futures proxy error: connect ECONNREFUSED 127.0.0.1:3001
[2026-07-22T13:39:11.476Z] futures proxy error: connect ECONNREFUSED 127.0.0.1:3001
[2026-07-22T13:39:16.668Z] futures proxy error: connect ECONNREFUSED 127.0.0.1:3001
[2026-07-22T13:39:46.290Z] futures proxy error: connect ECONNREFUSED 127.0.0.1:3001
[2026-07-22T13:39:51.477Z] futures proxy error: connect ECONNREFUSED 127.0.0.1:3001
[2026-07-22T13:39:56.663Z] futures proxy error: connect ECONNREFUSED 127.0.0.1:3001
[2026-07-22T13:40:06.404Z] futures proxy error: connect ECONNREFUSED 127.0.0.1:3001
[2026-07-22T13:42:01.333Z] futures proxy error: connect ECONNREFUSED 127.0.0.1:3001
[2026-07-22T13:42:06.587Z] futures proxy error: connect ECONNREFUSED 127.0.0.1:3001
[2026-07-22T13:42:11.773Z] futures proxy error: connect ECONNREFUSED 127.0.0.1:3001
[2026-07-22T13:42:16.961Z] futures proxy error: connect ECONNREFUSED 127.0.0.1:3001
[2026-07-22T13:42:41.358Z] futures proxy error: connect ECONNREFUSED 127.0.0.1:3001
[2026-07-22T13:42:46.544Z] futures proxy error: connect ECONNREFUSED 127.0.0.1:3001
[2026-07-22T13:42:51.729Z] futures proxy error: connect ECONNREFUSED 127.0.0.1:3001
[2026-07-22T13:42:56.912Z] futures proxy error: connect ECONNREFUSED 127.0.0.1:3001
[2026-07-22T13:47:00.627Z] [fly] /place_test_fly XSP c751 w14 x1 (acct DUN460366)
[2026-07-22T13:47:01.061Z] [fly] XSP legs resolved: SHORT_CALL=897209439 LONG_CALL=894603334 SHORT_PUT=897209497 LONG_PUT=896054324
[2026-07-22T13:47:09.068Z] [fly] mids SC=0.9299999999999999 LC=null SP=1.54 LP=0.035
[2026-07-22T13:47:09.070Z] [fly] result: {"ok":false,"error":"missing quotes — cannot price (market open? data perms?)"}
[2026-07-22T13:47:10.656Z] [fly] /place_test_fly XSP c751 w14 x1 (acct DUN460366) model-priced cc=9.99 pc=9.99
[2026-07-22T13:47:10.905Z] [fly] XSP legs resolved: SHORT_CALL=897209439 LONG_CALL=894603334 SHORT_PUT=897209497 LONG_PUT=896054324
[2026-07-22T13:47:10.906Z] [fly] MODEL-PRICED call=$9.99 put=$9.99 (snapshots skipped)
[2026-07-22T13:47:10.906Z] [fly] XSP call-credit $9.99  put-credit $9.99  total $19.98
[2026-07-22T13:47:10.907Z] [fly] SUBMIT XSP CALL vertical id=1 SELL @ $9.99 x1
[2026-07-22T13:47:10.909Z] [fly] SUBMIT XSP PUT  vertical id=2 SELL @ $9.99 x1
[2026-07-22T13:47:35.910Z] [fly] no fills in 25s — cancelling both (model call $9.99 / put $9.99 did not cross)
[2026-07-22T13:47:35.914Z] [fly] result: {"symbol":"XSP","center":751,"wing":14,"contracts":1,"account":"DUN460366","expiry":"20260722","callCredit":9.99,"putCredit":9.99,"fills":{"CALL":null,"PUT":null,"FLATTEN":null},"real_fill_credit":null,"real_fill_dollars":null,"ok":false,"note":"no fills — both orders cancelled; model credits did not cross, shade and retry"}
[2026-07-22T13:47:36.046Z] IBKR [202]: Order Canceled - reason:
[2026-07-22T13:47:36.108Z] IBKR [202]: Order Canceled - reason:
[2026-07-22T13:51:01.474Z] futures proxy error: connect ECONNREFUSED 127.0.0.1:3001
[2026-07-22T13:51:06.797Z] futures proxy error: connect ECONNREFUSED 127.0.0.1:3001
[2026-07-22T13:51:11.983Z] futures proxy error: connect ECONNREFUSED 127.0.0.1:3001
[2026-07-22T13:51:15.781Z] futures proxy error: connect ECONNREFUSED 127.0.0.1:3001
[2026-07-22T13:51:17.174Z] futures proxy error: connect ECONNREFUSED 127.0.0.1:3001
[2026-07-22T13:51:20.966Z] futures proxy error: connect ECONNREFUSED 127.0.0.1:3001
[2026-07-22T13:51:26.158Z] futures proxy error: connect ECONNREFUSED 127.0.0.1:3001
[2026-07-22T13:51:31.352Z] futures proxy error: connect ECONNREFUSED 127.0.0.1:3001
[2026-07-22T13:54:01.475Z] futures proxy error: connect ECONNREFUSED 127.0.0.1:3001
[2026-07-22T13:54:06.716Z] futures proxy error: connect ECONNREFUSED 127.0.0.1:3001
[2026-07-22T13:54:11.908Z] futures proxy error: connect ECONNREFUSED 127.0.0.1:3001
[2026-07-22T13:54:17.099Z] futures proxy error: connect ECONNREFUSED 127.0.0.1:3001
[2026-07-22T13:54:28.288Z] futures proxy error: connect ECONNREFUSED 127.0.0.1:3001
[2026-07-22T13:54:33.474Z] futures proxy error: connect ECONNREFUSED 127.0.0.1:3001
[2026-07-22T13:54:38.662Z] futures proxy error: connect ECONNREFUSED 127.0.0.1:3001
[2026-07-22T13:54:43.855Z] futures proxy error: connect ECONNREFUSED 127.0.0.1:3001
[2026-07-22T13:55:26.530Z] TWS unavailable (connection dropped) — retrying in 15s
[2026-07-22T13:55:41.539Z] Connected to TWS
[2026-07-22T13:57:00.768Z] futures proxy error: connect ECONNREFUSED 127.0.0.1:3001
[2026-07-22T13:57:06.014Z] futures proxy error: connect ECONNREFUSED 127.0.0.1:3001
[2026-07-22T13:57:11.212Z] futures proxy error: connect ECONNREFUSED 127.0.0.1:3001
[2026-07-22T13:57:16.401Z] futures proxy error: connect ECONNREFUSED 127.0.0.1:3001
[2026-07-22T13:57:47.805Z] futures proxy error: connect ECONNREFUSED 127.0.0.1:3001
[2026-07-22T13:57:52.990Z] futures proxy error: connect ECONNREFUSED 127.0.0.1:3001
[2026-07-22T13:57:58.178Z] futures proxy error: connect ECONNREFUSED 127.0.0.1:3001
[2026-07-22T13:58:04.240Z] futures proxy error: connect ECONNREFUSED 127.0.0.1:3001
[2026-07-22T14:00:00.920Z] futures proxy error: connect ECONNREFUSED 127.0.0.1:3001
[2026-07-22T14:00:02.467Z] Signal received: buy AMZN put @ 245.61
[2026-07-22T14:00:02.468Z] Queued AMZN — queue length: 1
[2026-07-22T14:00:02.469Z] Processing AMZN P...
[2026-07-22T14:00:02.469Z] getConId: requesting contract details for AMZN, reqId 7005
[2026-07-22T14:00:02.589Z] Signal received: buy QQQ call @ 708.08
[2026-07-22T14:00:02.596Z] Queued QQQ — queue length: 1
[2026-07-22T14:00:02.705Z] ConId for AMZN: 3691937
[2026-07-22T14:00:03.408Z] getExpirations: skipping alternate trading class "2AMZN" for AMZN
[2026-07-22T14:00:03.410Z] Order placed: AMZN P strike:245 exp:20260722
[2026-07-22T14:00:04.905Z] [execDetails] side=BOT orderId=1 qty=1 px=1.48
[2026-07-22T14:00:04.905Z] Fill @ $1.48 → TP:$3.75 SL:$0.15
[2026-07-22T14:00:04.906Z] Tracking AMZN_P_245_20260722 for trailing stop (entry $1.48, underlying 245.61)
[2026-07-22T14:00:06.410Z] Processing QQQ C...
[2026-07-22T14:00:06.411Z] getConId: requesting contract details for QQQ, reqId 2342
[2026-07-22T14:00:06.591Z] ConId for QQQ: 320227571
[2026-07-22T14:00:08.655Z] Order placed: QQQ C strike:710 exp:20260722
[2026-07-22T14:00:08.987Z] [execDetails] side=BOT orderId=4 qty=1 px=0.78
[2026-07-22T14:00:08.988Z] Fill @ $0.78 → TP:$1.80 SL:$0.10
[2026-07-22T14:00:08.989Z] Tracking QQQ_C_710_20260722 for trailing stop (entry $0.78, underlying 708.08)
[2026-07-22T14:00:09.838Z] Signal received: buy MSFT put @ 391.59
[2026-07-22T14:00:09.839Z] Queued MSFT — queue length: 1
[2026-07-22T14:00:11.261Z] Signal received: buy IWM call @ 296.03
[2026-07-22T14:00:11.262Z] Queued IWM — queue length: 2
[2026-07-22T14:00:11.655Z] Processing MSFT P...
[2026-07-22T14:00:11.655Z] getConId: requesting contract details for MSFT, reqId 5822
[2026-07-22T14:00:11.797Z] ConId for MSFT: 272093
[2026-07-22T14:00:12.406Z] getExpirations: skipping alternate trading class "2MSFT" for MSFT
[2026-07-22T14:00:12.407Z] Order placed: MSFT P strike:390 exp:20260722
[2026-07-22T14:00:12.458Z] Trail ARMED QQQ_C_710_20260722 at +78% premium (peak $1.39)
[2026-07-22T14:00:12.706Z] [execDetails] side=BOT orderId=7 qty=1 px=1.54
[2026-07-22T14:00:12.706Z] Fill @ $1.54 → TP:$3.00 SL:$0.15
[2026-07-22T14:00:12.708Z] Tracking MSFT_P_390_20260722 for trailing stop (entry $1.54, underlying 391.59)
[2026-07-22T14:00:12.993Z] Signal received: buy AMZN call @ 245.61
[2026-07-22T14:00:12.994Z] Queued AMZN — queue length: 2
[2026-07-22T14:00:15.407Z] Processing IWM C...
[2026-07-22T14:00:15.408Z] getConId: requesting contract details for IWM, reqId 4569
[2026-07-22T14:00:15.629Z] ConId for IWM: 9579970
[2026-07-22T14:00:16.502Z] Order placed: IWM C strike:295 exp:20260722
[2026-07-22T14:00:16.744Z] [execDetails] side=BOT orderId=10 qty=1 px=1.31
[2026-07-22T14:00:16.744Z] Fill @ $1.31 → TP:$3.00 SL:$0.15
[2026-07-22T14:00:16.748Z] Tracking IWM_C_295_20260722 for trailing stop (entry $1.31, underlying 296.03)
[2026-07-22T14:00:19.502Z] SKIP: already holding AMZN (AMZN_P_245_20260722) -- one position per ticker
[2026-07-22T14:00:21.581Z] futures proxy error: connect ECONNREFUSED 127.0.0.1:3001
[2026-07-22T14:00:33.746Z] Trail ARMED IWM_C_295_20260722 at +11% premium (peak $1.46)
[2026-07-22T14:00:38.298Z] futures proxy error: connect ECONNREFUSED 127.0.0.1:3001
[2026-07-22T14:00:43.581Z] futures proxy error: connect ECONNREFUSED 127.0.0.1:3001
[2026-07-22T14:01:45.620Z] Trail HIT QQQ_C_710_20260722: $1.3 <= trail $1.31 (peak $1.54) — closing
[2026-07-22T14:01:45.697Z] IBKR [202]: Order Canceled - reason:
[2026-07-22T14:01:45.722Z] IBKR [202]: Order Canceled - reason:
[2026-07-22T14:01:45.908Z] [execDetails] side=SLD orderId=13 qty=1 px=0.93
[2026-07-22T14:01:45.964Z] IBKR [300]: Can't find EId with tickerId:0
[2026-07-22T14:02:37.367Z] Trail HIT IWM_C_295_20260722: $1.3 <= trail $1.31 (peak $1.54) — closing
[2026-07-22T14:02:37.415Z] IBKR [202]: Order Canceled - reason:
[2026-07-22T14:02:37.456Z] IBKR [202]: Order Canceled - reason:
[2026-07-22T14:02:37.645Z] [execDetails] side=SLD orderId=14 qty=1 px=1.26
[2026-07-22T14:02:37.710Z] IBKR [300]: Can't find EId with tickerId:0
[2026-07-22T14:03:09.836Z] futures proxy error: connect ECONNREFUSED 127.0.0.1:3001
[2026-07-22T14:03:15.021Z] futures proxy error: connect ECONNREFUSED 127.0.0.1:3001
[2026-07-22T14:03:20.208Z] futures proxy error: connect ECONNREFUSED 127.0.0.1:3001
[2026-07-22T14:03:25.397Z] futures proxy error: connect ECONNREFUSED 127.0.0.1:3001
[2026-07-22T14:05:28.048Z] TWS unavailable (connection dropped) — retrying in 15s
[2026-07-22T14:05:43.136Z] Connected to TWS
[2026-07-22T14:12:01.020Z] futures proxy error: connect ECONNREFUSED 127.0.0.1:3001
[2026-07-22T14:12:06.297Z] futures proxy error: connect ECONNREFUSED 127.0.0.1:3001
[2026-07-22T14:12:11.490Z] futures proxy error: connect ECONNREFUSED 127.0.0.1:3001
[2026-07-22T14:12:16.685Z] futures proxy error: connect ECONNREFUSED 127.0.0.1:3001
[2026-07-22T14:15:07.398Z] Time-stop HIT AMZN_P_245_20260722: un-armed after 15.0min — closing at market
[2026-07-22T14:15:07.410Z] IBKR [10147]: OrderId 2 that needs to be cancelled is not found.
[2026-07-22T14:15:07.412Z] IBKR [10147]: OrderId 3 that needs to be cancelled is not found.
[2026-07-22T14:15:07.601Z] IBKR [300]: Can't find EId with tickerId:7446
[2026-07-22T14:15:07.796Z] IBKR [300]: Can't find EId with tickerId:0
[2026-07-22T14:15:10.211Z] [execDetails] side=SLD orderId=1 qty=1 px=0.91
[2026-07-22T14:15:13.205Z] Signal received: buy IWM call @ 295.69
[2026-07-22T14:15:13.206Z] Queued IWM — queue length: 1
[2026-07-22T14:15:13.206Z] Processing IWM C...
[2026-07-22T14:15:13.207Z] getConId: requesting contract details for IWM, reqId 2633
[2026-07-22T14:15:13.425Z] ConId for IWM: 9579970
[2026-07-22T14:15:14.272Z] Order placed: IWM C strike:295 exp:20260722
[2026-07-22T14:15:14.495Z] [execDetails] side=BOT orderId=2 qty=1 px=1.46
[2026-07-22T14:15:14.496Z] Fill @ $1.46 → TP:$3.35 SL:$0.15
[2026-07-22T14:15:14.498Z] Tracking IWM_C_295_20260722 for trailing stop (entry $1.46, underlying 295.69)
[2026-07-22T14:15:17.398Z] Time-stop HIT MSFT_P_390_20260722: un-armed after 15.1min — closing at market
[2026-07-22T14:15:17.402Z] IBKR [10147]: OrderId 8 that needs to be cancelled is not found.
[2026-07-22T14:15:17.501Z] IBKR [10147]: OrderId 9 that needs to be cancelled is not found.
[2026-07-22T14:15:17.700Z] IBKR [300]: Can't find EId with tickerId:3480
[2026-07-22T14:15:17.800Z] IBKR [300]: Can't find EId with tickerId:0
[2026-07-22T14:15:18.377Z] [execDetails] side=SLD orderId=5 qty=1 px=1.58
[2026-07-22T14:30:04.126Z] Signal received: buy IWM call @ 294.95
[2026-07-22T14:30:04.127Z] Queued IWM — queue length: 1
[2026-07-22T14:30:04.127Z] SKIP: already holding IWM (IWM_C_295_20260722) -- one position per ticker
[2026-07-22T14:30:17.443Z] Signal received: buy MSFT put @ 389.70
[2026-07-22T14:30:17.444Z] Queued MSFT — queue length: 1
[2026-07-22T14:30:17.444Z] Processing MSFT P...
[2026-07-22T14:30:17.444Z] getConId: requesting contract details for MSFT, reqId 5052
[2026-07-22T14:30:17.495Z] Time-stop HIT IWM_C_295_20260722: un-armed after 15.0min — closing at market
[2026-07-22T14:30:17.588Z] ConId for MSFT: 272093
[2026-07-22T14:30:17.637Z] IBKR [202]: Order Canceled - reason:
[2026-07-22T14:30:17.677Z] IBKR [202]: Order Canceled - reason:
[2026-07-22T14:30:17.855Z] [execDetails] side=SLD orderId=6 qty=1 px=1.14
[2026-07-22T14:30:17.897Z] IBKR [300]: Can't find EId with tickerId:0
[2026-07-22T14:30:18.644Z] getExpirations: skipping alternate trading class "2MSFT" for MSFT
[2026-07-22T14:30:18.646Z] Order placed: MSFT P strike:390 exp:20260722
[2026-07-22T14:30:18.776Z] IBKR [201]: Order rejected - reason:Cannot have open orders on both sides of the same US Option contract.
[2026-07-22T14:30:21.124Z] Signal received: buy META put @ 629.82
[2026-07-22T14:30:21.125Z] Queued META — queue length: 1
[2026-07-22T14:30:21.647Z] Processing META P...
[2026-07-22T14:30:21.647Z] getConId: requesting contract details for META, reqId 1357
[2026-07-22T14:30:21.784Z] ConId for META: 107113386
[2026-07-22T14:30:22.741Z] Order placed: META P strike:630 exp:20260722
[2026-07-22T14:30:22.985Z] [execDetails] side=BOT orderId=10 qty=1 px=3.35
[2026-07-22T14:30:22.986Z] Fill @ $3.35 → TP:$11.50 SL:$0.30
[2026-07-22T14:30:22.986Z] Tracking META_P_630_20260722 for trailing stop (entry $3.35, underlying 629.82)
[2026-07-22T14:30:27.545Z] Trail ARMED META_P_630_20260722 at +31% premium (peak $4.4)
[2026-07-22T14:30:48.645Z] No fill for 7 after 30s
[2026-07-22T14:32:04.804Z] Trail HIT META_P_630_20260722: $3.75 <= trail $3.82 (peak $4.5) — closing
[2026-07-22T14:32:04.853Z] IBKR [202]: Order Canceled - reason:
[2026-07-22T14:32:04.894Z] IBKR [202]: Order Canceled - reason:
[2026-07-22T14:32:04.907Z] IBKR [10148]: OrderId 12 that needs to be cancelled cannot be cancelled, state: Cancelled.
[2026-07-22T14:32:05.207Z] IBKR [300]: Can't find EId with tickerId:0
[2026-07-22T14:32:07.028Z] [execDetails] side=SLD orderId=13 qty=1 px=3.2
[2026-07-22T14:55:33.039Z] TWS unavailable (connection dropped) — retrying in 15s
[2026-07-22T14:55:48.135Z] Connected to TWS
[2026-07-22T15:00:25.247Z] Signal received: buy AVGO call @ 389.34
[2026-07-22T15:00:25.248Z] Queued AVGO — queue length: 1
[2026-07-22T15:00:25.248Z] Processing AVGO C...
[2026-07-22T15:00:25.248Z] getConId: requesting contract details for AVGO, reqId 7014
[2026-07-22T15:00:25.696Z] ConId for AVGO: 313130367
[2026-07-22T15:00:27.126Z] Order placed: AVGO C strike:390 exp:20260722
[2026-07-22T15:00:29.504Z] [execDetails] side=BOT orderId=1 qty=1 px=2.2
[2026-07-22T15:00:29.505Z] Fill @ $2.2 → TP:$9.00 SL:$0.20
[2026-07-22T15:00:29.507Z] Tracking AVGO_C_390_20260722 for trailing stop (entry $2.2, underlying 389.34)
[2026-07-22T15:00:32.775Z] Trail ARMED AVGO_C_390_20260722 at +36% premium (peak $3)
[2026-07-22T15:01:20.280Z] Trail HIT AVGO_C_390_20260722: $2.62 <= trail $2.89 (peak $3.4) — closing
[2026-07-22T15:01:20.352Z] IBKR [202]: Order Canceled - reason:
[2026-07-22T15:01:20.384Z] IBKR [10148]: OrderId 3 that needs to be cancelled cannot be cancelled, state: Cancelled.
[2026-07-22T15:01:20.424Z] IBKR [202]: Order Canceled - reason:
[2026-07-22T15:01:20.620Z] [execDetails] side=SLD orderId=4 qty=1 px=2.57
[2026-07-22T15:01:20.684Z] IBKR [300]: Can't find EId with tickerId:0
[2026-07-22T15:10:28.814Z] futures proxy error: connect ECONNREFUSED 127.0.0.1:3001
[2026-07-22T15:10:34.004Z] futures proxy error: connect ECONNREFUSED 127.0.0.1:3001
[2026-07-22T15:10:34.814Z] TWS unavailable (connection dropped) — retrying in 15s
[2026-07-22T15:10:39.191Z] futures proxy error: connect ECONNREFUSED 127.0.0.1:3001
[2026-07-22T15:10:44.377Z] futures proxy error: connect ECONNREFUSED 127.0.0.1:3001
[2026-07-22T15:10:49.910Z] Connected to TWS
[2026-07-22T15:12:00.837Z] futures proxy error: connect ECONNREFUSED 127.0.0.1:3001
[2026-07-22T15:12:06.115Z] futures proxy error: connect ECONNREFUSED 127.0.0.1:3001
[2026-07-22T15:12:11.306Z] futures proxy error: connect ECONNREFUSED 127.0.0.1:3001
[2026-07-22T15:12:16.497Z] futures proxy error: connect ECONNREFUSED 127.0.0.1:3001
[2026-07-22T15:15:36.848Z] futures proxy error: connect ECONNREFUSED 127.0.0.1:3001
[2026-07-22T15:15:42.035Z] futures proxy error: connect ECONNREFUSED 127.0.0.1:3001
[2026-07-22T15:15:47.224Z] futures proxy error: connect ECONNREFUSED 127.0.0.1:3001
[2026-07-22T15:15:52.408Z] futures proxy error: connect ECONNREFUSED 127.0.0.1:3001
[2026-07-22T15:21:01.618Z] futures proxy error: connect ECONNREFUSED 127.0.0.1:3001
[2026-07-22T15:21:07.017Z] futures proxy error: connect ECONNREFUSED 127.0.0.1:3001
[2026-07-22T15:21:12.205Z] futures proxy error: connect ECONNREFUSED 127.0.0.1:3001
[2026-07-22T15:21:17.388Z] futures proxy error: connect ECONNREFUSED 127.0.0.1:3001
[2026-07-22T15:24:28.817Z] futures proxy error: connect ECONNREFUSED 127.0.0.1:3001
[2026-07-22T15:24:34.010Z] futures proxy error: connect ECONNREFUSED 127.0.0.1:3001
[2026-07-22T15:24:39.195Z] futures proxy error: connect ECONNREFUSED 127.0.0.1:3001
[2026-07-22T15:24:44.378Z] futures proxy error: connect ECONNREFUSED 127.0.0.1:3001
[2026-07-22T15:27:00.752Z] futures proxy error: connect ECONNREFUSED 127.0.0.1:3001
[2026-07-22T15:27:06.036Z] futures proxy error: connect ECONNREFUSED 127.0.0.1:3001
[2026-07-22T15:27:11.222Z] futures proxy error: connect ECONNREFUSED 127.0.0.1:3001
[2026-07-22T15:27:16.410Z] futures proxy error: connect ECONNREFUSED 127.0.0.1:3001
[2026-07-22T15:30:02.852Z] Signal received: buy NVDA call @ 212.17
[2026-07-22T15:30:02.853Z] Queued NVDA — queue length: 1
[2026-07-22T15:30:02.854Z] Processing NVDA C...
[2026-07-22T15:30:02.854Z] getConId: requesting contract details for NVDA, reqId 1792
[2026-07-22T15:30:03.036Z] ConId for NVDA: 4815747
[2026-07-22T15:30:04.108Z] getExpirations: skipping alternate trading class "2NVDA" for NVDA
[2026-07-22T15:30:04.109Z] getExpirations: skipping alternate trading class "2NVDA" for NVDA
[2026-07-22T15:30:04.117Z] Order placed: NVDA C strike:210 exp:20260722
[2026-07-22T15:30:05.202Z] [execDetails] side=BOT orderId=1 qty=1 px=3.45
[2026-07-22T15:30:05.202Z] Fill @ $3.45 → TP:$12.30 SL:$0.30
[2026-07-22T15:30:05.203Z] Tracking NVDA_C_210_20260722 for trailing stop (entry $3.45, underlying 212.17)
[2026-07-22T15:45:07.982Z] Time-stop HIT NVDA_C_210_20260722: un-armed after 15.0min — closing at market
[2026-07-22T15:45:08.056Z] IBKR [202]: Order Canceled - reason:
[2026-07-22T15:45:08.083Z] IBKR [202]: Order Canceled - reason:
[2026-07-22T15:45:08.087Z] IBKR [10148]: OrderId 3 that needs to be cancelled cannot be cancelled, state: Cancelled.
[2026-07-22T15:45:08.319Z] [execDetails] side=SLD orderId=4 qty=1 px=2.54
[2026-07-22T15:45:08.386Z] IBKR [300]: Can't find EId with tickerId:0
[2026-07-22T15:55:38.573Z] TWS unavailable (connection dropped) — retrying in 15s
[2026-07-22T15:55:53.647Z] Connected to TWS
[2026-07-22T16:00:00.377Z] futures proxy error: connect ECONNREFUSED 127.0.0.1:3001
[2026-07-22T16:00:24.244Z] futures proxy error: connect ECONNREFUSED 127.0.0.1:3001
[2026-07-22T16:00:35.900Z] futures proxy error: connect ECONNREFUSED 127.0.0.1:3001
[2026-07-22T16:00:41.226Z] futures proxy error: connect ECONNREFUSED 127.0.0.1:3001
[2026-07-22T16:30:18.458Z] Signal received: buy QQQ call @ 708.92
[2026-07-22T16:30:18.459Z] Queued QQQ — queue length: 1
[2026-07-22T16:30:18.459Z] Processing QQQ C...
[2026-07-22T16:30:18.460Z] getConId: requesting contract details for QQQ, reqId 7849
[2026-07-22T16:30:18.638Z] ConId for QQQ: 320227571
[2026-07-22T16:30:20.462Z] Order placed: QQQ C strike:710 exp:20260722
[2026-07-22T16:30:21.612Z] [execDetails] side=BOT orderId=1 qty=1 px=1.34
[2026-07-22T16:30:21.612Z] Fill @ $1.34 → TP:$3.05 SL:$0.15
[2026-07-22T16:30:21.614Z] Tracking QQQ_C_710_20260722 for trailing stop (entry $1.34, underlying 708.92)
[2026-07-22T16:45:07.598Z] Signal received: buy QQQ call @ 708.41
[2026-07-22T16:45:07.599Z] Queued QQQ — queue length: 1
[2026-07-22T16:45:07.600Z] SKIP: already holding QQQ (QQQ_C_710_20260722) -- one position per ticker
[2026-07-22T16:45:23.358Z] Time-stop HIT QQQ_C_710_20260722: un-armed after 15.0min — closing at market
[2026-07-22T16:45:23.431Z] IBKR [202]: Order Canceled - reason:
[2026-07-22T16:45:23.458Z] IBKR [202]: Order Canceled - reason:
[2026-07-22T16:45:23.462Z] IBKR [10148]: OrderId 3 that needs to be cancelled cannot be cancelled, state: Cancelled.
[2026-07-22T16:45:23.695Z] [execDetails] side=SLD orderId=4 qty=1 px=1.12
[2026-07-22T16:45:23.762Z] IBKR [300]: Can't find EId with tickerId:0
[2026-07-22T17:00:22.370Z] Signal received: buy AVGO call @ 396.13
[2026-07-22T17:00:22.371Z] Queued AVGO — queue length: 1
[2026-07-22T17:00:22.371Z] Processing AVGO C...
[2026-07-22T17:00:22.371Z] getConId: requesting contract details for AVGO, reqId 3176
[2026-07-22T17:00:22.548Z] ConId for AVGO: 313130367
[2026-07-22T17:00:23.402Z] Order placed: AVGO C strike:395 exp:20260722
[2026-07-22T17:00:23.594Z] [execDetails] side=BOT orderId=5 qty=1 px=2.5
[2026-07-22T17:00:23.595Z] Fill @ $2.5 → TP:$9.70 SL:$0.25
[2026-07-22T17:00:23.596Z] Tracking AVGO_C_395_20260722 for trailing stop (entry $2.5, underlying 396.13)
[2026-07-22T17:00:24.418Z] Signal received: buy QQQ call @ 708.90
[2026-07-22T17:00:24.419Z] Queued QQQ — queue length: 1
[2026-07-22T17:00:26.402Z] Processing QQQ C...
[2026-07-22T17:00:26.403Z] getConId: requesting contract details for QQQ, reqId 7610
[2026-07-22T17:00:26.454Z] ConId for QQQ: 320227571
[2026-07-22T17:00:27.882Z] Order placed: QQQ C strike:710 exp:20260722
[2026-07-22T17:00:28.015Z] [execDetails] side=BOT orderId=8 qty=1 px=0.9
[2026-07-22T17:00:28.016Z] Fill @ $0.9 → TP:$2.05 SL:$0.10
[2026-07-22T17:00:28.017Z] Tracking QQQ_C_710_20260722 for trailing stop (entry $0.9, underlying 708.9)
[2026-07-22T17:00:28.516Z] Trail ARMED AVGO_C_395_20260722 at +38% premium (peak $3.45)
[2026-07-22T17:00:28.553Z] Trail ARMED QQQ_C_710_20260722 at +20% premium (peak $1.08)
[2026-07-22T17:01:31.160Z] Trail HIT AVGO_C_395_20260722: $3.3 <= trail $3.40 (peak $4) — closing
[2026-07-22T17:01:31.208Z] IBKR [202]: Order Canceled - reason:
[2026-07-22T17:01:31.249Z] IBKR [202]: Order Canceled - reason:
[2026-07-22T17:01:31.426Z] [execDetails] side=SLD orderId=11 qty=1 px=2.21
[2026-07-22T17:01:31.502Z] IBKR [300]: Can't find EId with tickerId:0
[2026-07-22T17:03:20.557Z] Trail HIT QQQ_C_710_20260722: $0.97 <= trail $0.98 (peak $1.15) — closing
[2026-07-22T17:03:20.604Z] IBKR [202]: Order Canceled - reason:
[2026-07-22T17:03:20.644Z] IBKR [202]: Order Canceled - reason:
[2026-07-22T17:03:20.825Z] [execDetails] side=SLD orderId=12 qty=1 px=0.8
[2026-07-22T17:03:20.899Z] IBKR [300]: Can't find EId with tickerId:0
[2026-07-22T19:06:10.741Z] TWS unavailable (connection dropped) — retrying in 15s
[2026-07-22T19:06:25.888Z] Connected to TWS
[2026-07-22T19:06:47.863Z] Server on http://localhost:3000
[2026-07-22T19:06:47.865Z] TP: +100% | SL: -30% | DTE: 0-3
[2026-07-22T19:06:47.866Z] EOD-flatten: ON @1550 ET | Trail: ON arm prem+10% trail15% | Time-stop: ON 15min | MFE-log: ON
[2026-07-22T19:06:47.886Z] Connected to TWS
[2026-07-22T19:07:00.640Z] TWS unavailable (connection dropped) — retrying in 15s
[2026-07-22T19:07:15.732Z] Connected to TWS
[2026-07-22T19:17:02.249Z] TWS unavailable (connection dropped) — retrying in 15s
[2026-07-22T19:17:17.326Z] Connected to TWS
[2026-07-22T19:50:17.885Z] EOD-flatten trigger at 1550 ET
[2026-07-22T19:50:17.895Z] EOD-flatten: no 0DTE option positions to close (exp 20260722)
[2026-07-22T19:57:17.888Z] EOD-flatten PASS 2 (catch-all) at 1557 ET
[2026-07-22T19:57:17.934Z] EOD-flatten: no 0DTE option positions to close (exp 20260722)
[2026-07-22T20:07:06.477Z] TWS unavailable (connection dropped) — retrying in 15s
[2026-07-22T20:07:21.547Z] Connected to TWS
[2026-07-22T20:17:07.917Z] TWS unavailable (connection dropped) — retrying in 15s
[2026-07-22T20:17:22.989Z] Connected to TWS
[2026-07-22T21:07:11.795Z] TWS unavailable (connection dropped) — retrying in 15s
[2026-07-22T21:07:26.873Z] Connected to TWS
[2026-07-22T21:17:13.183Z] TWS unavailable (connection dropped) — retrying in 15s
[2026-07-22T21:17:28.276Z] Connected to TWS
[2026-07-22T22:07:17.164Z] TWS unavailable (connection dropped) — retrying in 15s
[2026-07-22T22:07:32.260Z] Connected to TWS
[2026-07-22T22:17:18.535Z] TWS unavailable (connection dropped) — retrying in 15s
[2026-07-22T22:17:33.620Z] Connected to TWS
[2026-07-22T23:07:22.265Z] TWS unavailable (connection dropped) — retrying in 15s
[2026-07-22T23:07:37.343Z] Connected to TWS
[2026-07-22T23:17:23.842Z] TWS unavailable (connection dropped) — retrying in 15s
[2026-07-22T23:17:38.919Z] Connected to TWS
[2026-07-23T00:07:27.501Z] TWS unavailable (connection dropped) — retrying in 15s
[2026-07-23T00:07:42.595Z] Connected to TWS
[2026-07-23T00:17:28.849Z] TWS unavailable (connection dropped) — retrying in 15s
[2026-07-23T00:17:43.930Z] Connected to TWS
[2026-07-23T01:05:15.066Z] Server on http://localhost:3000
[2026-07-23T01:05:15.069Z] TP: +100% | SL: -30% | DTE: 0-3
[2026-07-23T01:05:15.069Z] EOD-flatten: ON @1550 ET | Trail: ON arm prem+10% trail15% | Time-stop: ON 15min | MFE-log: ON
[2026-07-23T01:07:32.535Z] TWS unavailable (connection dropped) — retrying in 15s
[2026-07-23T01:07:47.613Z] Connected to TWS
[2026-07-23T01:17:33.906Z] TWS unavailable (connection dropped) — retrying in 15s
[2026-07-23T01:17:48.997Z] Connected to TWS
[2026-07-23T02:07:37.727Z] TWS unavailable (connection dropped) — retrying in 15s
[2026-07-23T02:07:52.809Z] Connected to TWS
[2026-07-23T02:17:39.164Z] TWS unavailable (connection dropped) — retrying in 15s
[2026-07-23T02:17:54.250Z] Connected to TWS
[2026-07-23T02:45:37.430Z] Server on http://localhost:3000
[2026-07-23T02:45:37.432Z] TP: +100% | SL: -30% | DTE: 0-3
[2026-07-23T02:45:37.433Z] EOD-flatten: ON @1550 ET | Trail: ON arm prem+10% trail15% | Time-stop: ON 15min | MFE-log: ON
[2026-07-23T03:07:43.555Z] TWS unavailable (connection dropped) — retrying in 15s
[2026-07-23T03:07:58.662Z] Connected to TWS
[2026-07-23T03:17:44.810Z] TWS unavailable (connection dropped) — retrying in 15s
[2026-07-23T03:17:59.912Z] Connected to TWS
[2026-07-23T04:07:49.224Z] TWS unavailable (connection dropped) — retrying in 15s
[2026-07-23T04:08:04.319Z] Connected to TWS
[2026-07-23T04:17:50.707Z] TWS unavailable (connection dropped) — retrying in 15s
[2026-07-23T04:18:05.793Z] Connected to TWS
[2026-07-23T04:59:00.996Z] TWS unavailable (connection dropped) — retrying in 15s
[2026-07-23T04:59:16.116Z] Connected to TWS
[2026-07-23T05:00:01.640Z] TWS unavailable (connection dropped) — retrying in 15s
[2026-07-23T05:00:16.778Z] Connected to TWS
[2026-07-23T05:01:03.442Z] Server on http://localhost:3000
[2026-07-23T05:01:03.444Z] TP: +100% | SL: -30% | DTE: 0-3
[2026-07-23T05:01:03.444Z] EOD-flatten: ON @1550 ET | Trail: ON arm prem+10% trail15% | Time-stop: ON 15min | MFE-log: ON
[2026-07-23T05:01:03.462Z] Connected to TWS
[2026-07-23T05:07:54.921Z] TWS unavailable (connection dropped) — retrying in 15s
[2026-07-23T05:08:10.013Z] Connected to TWS
[2026-07-23T05:17:56.222Z] TWS unavailable (connection dropped) — retrying in 15s
[2026-07-23T05:18:11.318Z] Connected to TWS
[2026-07-23T06:08:00.588Z] TWS unavailable (connection dropped) — retrying in 15s
[2026-07-23T06:08:15.748Z] Connected to TWS
[2026-07-23T06:18:02.021Z] TWS unavailable (connection dropped) — retrying in 15s
[2026-07-23T06:18:17.111Z] Connected to TWS
[2026-07-23T07:08:06.283Z] TWS unavailable (connection dropped) — retrying in 15s
[2026-07-23T07:08:21.360Z] Connected to TWS
[2026-07-23T07:18:07.563Z] TWS unavailable (connection dropped) — retrying in 15s
[2026-07-23T07:18:22.659Z] Connected to TWS
[2026-07-23T08:08:11.969Z] TWS unavailable (connection dropped) — retrying in 15s
[2026-07-23T08:08:27.053Z] Connected to TWS
[2026-07-23T08:18:13.299Z] TWS unavailable (connection dropped) — retrying in 15s
[2026-07-23T08:18:28.396Z] Connected to TWS
[2026-07-23T09:08:17.492Z] TWS unavailable (connection dropped) — retrying in 15s
[2026-07-23T09:08:32.571Z] Connected to TWS
[2026-07-23T09:18:18.797Z] TWS unavailable (connection dropped) — retrying in 15s
[2026-07-23T09:18:33.875Z] Connected to TWS
[2026-07-23T10:08:22.933Z] TWS unavailable (connection dropped) — retrying in 15s
[2026-07-23T10:08:37.943Z] Connected to TWS
[2026-07-23T10:18:24.104Z] TWS unavailable (connection dropped) — retrying in 15s
[2026-07-23T10:18:39.111Z] Connected to TWS
[2026-07-23T11:08:28.497Z] TWS unavailable (connection dropped) — retrying in 15s
[2026-07-23T11:08:43.581Z] Connected to TWS
[2026-07-23T11:18:29.990Z] TWS unavailable (connection dropped) — retrying in 15s
[2026-07-23T11:18:45.094Z] Connected to TWS
[2026-07-23T12:08:34.631Z] TWS unavailable (connection dropped) — retrying in 15s
[2026-07-23T12:08:49.726Z] Connected to TWS
[2026-07-23T12:18:36.120Z] TWS unavailable (connection dropped) — retrying in 15s
[2026-07-23T12:18:51.207Z] Connected to TWS
